rgiid,period,area,dmdtda,err_dmdtda,reg,is_cor,RGIId,Area,Zmin,Zmax,Zmed,Slope,Aspect,Lmax,CenLon,CenLat,northness,eastness
RGI60-11.00001,2000-01-01_2020-01-01,122000.0,-0.893,0.4651,11,False,RGI60-11.00001,0.122,2191,2338,2277,19.9,334,461,13.5987,47.4949,0.8987940462991668,-0.4383711467890778
RGI60-11.00002,2000-01-01_2020-01-01,2292000.0,-0.5248,0.1886,11,False,RGI60-11.00002,2.292,2203,2855,2526,18.6,49,1853,13.6135,47.4845,0.6560590289905073,0.754709580222772
RGI60-11.00003,2000-01-01_2020-01-01,851000.0,-0.8007,0.2241,11,False,RGI60-11.00003,0.851,2280,2691,2458,17.8,314,1140,13.596,47.4835,0.6946583704589973,-0.7193398003386511
RGI60-11.00004,2000-01-01_2020-01-01,53000.0,-0.3831,0.5114,11,False,RGI60-11.00004,0.053,2319,2562,2422,32.4,306,382,13.5829,47.4807,0.5877852522924729,-0.8090169943749476
RGI60-11.00005,2000-01-01_2020-01-01,57000.0,-0.4299,0.4369,11,False,RGI60-11.00005,0.057,2656,2778,2686,25.4,291,202,13.6026,47.4774,0.3583679495453004,-0.9335804264972017
RGI60-11.00006,2000-01-01_2020-01-01,908000.0,-0.6105,0.2135,11,False,RGI60-11.00006,0.908,2450,2681,2601,14.0,33,816,13.6304,47.4708,0.838670567945424,0.5446390350150271
RGI60-11.00007,2000-01-01_2020-01-01,14000.0,-0.5248,0.7858,11,False,RGI60-11.00007,0.014,2650,2690,2674,22.6,186,103,13.6143,47.4735,-0.9945218953682733,-0.1045284632676535
RGI60-11.00008,2000-01-01_2020-01-01,169000.0,-0.5406,0.3202,11,False,RGI60-11.00008,0.169,2580,2744,2657,23.0,28,415,13.0368,47.4288,0.882947592858927,0.4694715627858908
RGI60-11.00009,2000-01-01_2020-01-01,327000.0,-0.7015,0.2514,11,False,RGI60-11.00009,0.327,2664,2809,2767,12.2,6,813,13.0484,47.4247,0.9945218953682733,0.10452846326765347
RGI60-11.00010,2000-01-01_2020-01-01,36000.0,-0.7274,0.5175,11,False,RGI60-11.00010,0.036,2645,2689,2671,10.3,41,247,13.0783,47.4248,0.754709580222772,0.6560590289905073
RGI60-11.00011,2000-01-01_2020-01-01,37000.0,-0.2599,0.3919,11,False,RGI60-11.00011,0.037,2694,2821,2766,15.1,15,501,13.0419,47.4254,0.9659258262890683,0.25881904510252074
RGI60-11.00012,2000-01-01_2020-01-01,197000.0,-0.5322,0.2541,11,False,RGI60-11.00012,0.197,2710,2828,2778,12.1,21,549,13.0581,47.4242,0.9335804264972017,0.35836794954530027
RGI60-11.00013,2000-01-01_2020-01-01,81000.0,-0.6361,0.4117,11,False,RGI60-11.00013,0.081,2499,2763,2553,28.3,62,446,12.7528,47.198,0.46947156278589086,0.8829475928589269
RGI60-11.00014,2000-01-01_2020-01-01,912000.0,-0.6497,0.1921,11,False,RGI60-11.00014,0.912,2494,2929,2771,17.7,27,1230,12.6823,47.1953,0.8910065241883679,0.45399049973954675
RGI60-11.00015,2000-01-01_2020-01-01,76000.0,-0.4487,0.3164,11,False,RGI60-11.00015,0.076,2770,2889,2860,17.9,43,403,12.6737,47.1964,0.7313537016191705,0.6819983600624985
RGI60-11.00016,2000-01-01_2020-01-01,32000.0,-0.8302,0.7601,11,False,RGI60-11.00016,0.032,2416,2574,2476,27.8,40,292,12.7581,47.1935,0.766044443118978,0.6427876096865393
RGI60-11.00017,2000-01-01_2020-01-01,102000.0,-0.5725,0.3788,11,False,RGI60-11.00017,0.102,2605,2966,2720,34.4,25,529,12.7572,47.1897,0.9063077870366499,0.42261826174069944
RGI60-11.00018,2000-01-01_2020-01-01,103000.0,-0.426,0.2912,11,False,RGI60-11.00018,0.103,2763,2968,2861,24.7,62,494,12.6916,47.1916,0.46947156278589086,0.8829475928589269
RGI60-11.00019,2000-01-01_2020-01-01,295000.0,-0.844,0.3016,11,False,RGI60-11.00019,0.295,2605,2831,2717,18.0,271,506,12.6802,47.1848,0.01745240643728313,-0.9998476951563913
RGI60-11.00020,2000-01-01_2020-01-01,17000.0,-0.5963718926974675,0.4007490312965724,11,True,RGI60-11.00020,0.017,3110,3225,3171,35.4,294,168,12.7578,47.183,0.40673664307579976,-0.9135454576426011
RGI60-11.00021,2000-01-01_2020-01-01,645000.0,-0.719,0.2464,11,False,RGI60-11.00021,0.645,2323,3027,2616,32.2,99,1306,12.7675,47.1766,-0.1564344650402308,0.9876883405951378
RGI60-11.00022,2000-01-01_2020-01-01,260000.0,-0.6503,0.24,11,False,RGI60-11.00022,0.26,2618,2792,2696,17.6,24,805,12.3863,47.1893,0.9135454576426009,0.4067366430758002
RGI60-11.00023,2000-01-01_2020-01-01,55000.0,-0.78,0.4451,11,False,RGI60-11.00023,0.055,2817,2876,2862,17.7,80,182,12.6836,47.1784,0.17364817766693041,0.984807753012208
RGI60-11.00024,2000-01-01_2020-01-01,74000.0,-0.7799,0.3986,11,False,RGI60-11.00024,0.074,2805,2959,2867,25.6,312,309,12.3982,47.1827,0.6691306063588578,-0.7431448254773946
RGI60-11.00025,2000-01-01_2020-01-01,571000.0,-0.5901,0.2403,11,False,RGI60-11.00025,0.571,2302,3199,2899,27.1,356,1873,12.7508,47.1648,0.9975640502598242,-0.06975647374412564
RGI60-11.00026,2000-01-01_2020-01-01,44000.0,-0.3452,0.4075,11,False,RGI60-11.00026,0.044,2605,2766,2701,24.4,334,340,12.6766,47.1724,0.8987940462991668,-0.4383711467890778
RGI60-11.00027,2000-01-01_2020-01-01,157000.0,-0.699,0.3346,11,False,RGI60-11.00027,0.157,2724,3039,2812,27.2,100,603,12.766,47.1644,-0.1736481776669303,0.984807753012208
RGI60-11.00028,2000-01-01_2020-01-01,381000.0,-0.451,0.2153,11,False,RGI60-11.00028,0.381,2669,3137,2952,20.7,10,1195,12.6785,47.1631,0.984807753012208,0.17364817766693033
RGI60-11.00029,2000-01-01_2020-01-01,72000.0,-0.5151,0.4565,11,False,RGI60-11.00029,0.072,2714,3064,2943,34.0,353,429,12.7448,47.1641,0.9925461516413221,-0.12186934340514723
RGI60-11.00030,2000-01-01_2020-01-01,36000.0,-0.9063,0.8763,11,False,RGI60-11.00030,0.036,2344,2617,2531,34.7,147,212,12.7761,47.1615,-0.8386705679454239,0.5446390350150273
RGI60-11.00031,2000-01-01_2020-01-01,272000.0,-0.7367,0.2895,11,False,RGI60-11.00031,0.272,2590,2898,2745,23.0,327,566,12.6697,47.1613,0.838670567945424,-0.544639035015027
RGI60-11.00032,2000-01-01_2020-01-01,43000.0,-0.594,0.5175,11,False,RGI60-11.00032,0.043,2681,2804,2747,22.0,59,215,12.6897,47.1631,0.5150380749100542,0.8571673007021123
RGI60-11.00033,2000-01-01_2020-01-01,37000.0,-0.0447,0.5405,11,False,RGI60-11.00033,0.037,3057,3262,3132,36.7,77,280,12.7616,47.1608,0.22495105434386492,0.9743700647852352
RGI60-11.00034,2000-01-01_2020-01-01,125000.0,-0.6914,0.3222,11,False,RGI60-11.00034,0.125,2679,2870,2782,19.2,13,456,12.1348,47.1779,0.9743700647852352,0.224951054343865
RGI60-11.00035,2000-01-01_2020-01-01,25000.0,0.2294,0.5064,11,False,RGI60-11.00035,0.025,3315,3449,3399,32.5,348,152,12.7569,47.1595,0.9781476007338056,-0.20791169081775987
RGI60-11.00036,2000-01-01_2020-01-01,306000.0,-0.298,0.2116,11,False,RGI60-11.00036,0.306,2912,3332,3200,25.5,299,741,12.7432,47.1571,0.4848096202463373,-0.8746197071393956
RGI60-11.00037,2000-01-01_2020-01-01,13000.0,-0.5963718926974675,0.4007490312965724,11,True,RGI60-11.00037,0.013,2680,2806,2757,37.2,28,246,12.3401,47.1725,0.882947592858927,0.4694715627858908
RGI60-11.00038,2000-01-01_2020-01-01,293000.0,-0.7156,0.261,11,False,RGI60-11.00038,0.293,2669,3015,2791,28.7,122,617,12.6835,47.1586,-0.5299192642332048,0.8480480961564261
RGI60-11.00039,2000-01-01_2020-01-01,65000.0,-0.2986,0.308,11,False,RGI60-11.00039,0.065,2830,3006,2897,21.3,63,358,12.1413,47.1747,0.4539904997395468,0.8910065241883678
RGI60-11.00040,2000-01-01_2020-01-01,138000.0,-0.0516,0.2622,11,False,RGI60-11.00040,0.138,2673,2999,2876,33.9,46,358,12.3506,47.1634,0.6946583704589973,0.7193398003386512
RGI60-11.00041,2000-01-01_2020-01-01,523000.0,-0.2493,0.1837,11,False,RGI60-11.00041,0.523,2768,3432,3196,24.0,124,1366,12.752,47.1511,-0.5591929034707467,0.8290375725550417
RGI60-11.00042,2000-01-01_2020-01-01,58000.0,-0.6089,0.4136,11,False,RGI60-11.00042,0.058,2719,2830,2788,19.7,65,414,12.0875,47.1719,0.42261826174069944,0.9063077870366499
RGI60-11.00043,2000-01-01_2020-01-01,117000.0,-0.2836,0.3141,11,False,RGI60-11.00043,0.117,2717,2983,2834,32.0,73,540,12.1428,47.1699,0.29237170472273677,0.9563047559630354
RGI60-11.00044,2000-01-01_2020-01-01,14000.0,-0.2048,0.5755,11,False,RGI60-11.00044,0.014,2671,2751,2709,37.1,29,127,12.2199,47.1701,0.8746197071393957,0.48480962024633706
RGI60-11.00045,2000-01-01_2020-01-01,140000.0,-0.2969,0.2916,11,False,RGI60-11.00045,0.14,3048,3502,3351,36.8,313,500,12.7384,47.1499,0.6819983600624986,-0.7313537016191703
RGI60-11.00046,2000-01-01_2020-01-01,207000.0,-0.5919,0.2798,11,False,RGI60-11.00046,0.207,2594,2938,2719,26.6,125,691,12.6781,47.1528,-0.5735764363510462,0.8191520442889917
RGI60-11.00047,2000-01-01_2020-01-01,2273000.0,-0.4712,0.1642,11,False,RGI60-11.00047,2.273,2307,3253,2967,21.1,342,2336,12.7194,47.1386,0.9510565162951535,-0.3090169943749477
RGI60-11.00048,2000-01-01_2020-01-01,74000.0,-0.7808,0.5573,11,False,RGI60-11.00048,0.074,2020,2293,2142,33.3,103,491,12.7699,47.1492,-0.22495105434386503,0.9743700647852352
RGI60-11.00049,2000-01-01_2020-01-01,1399000.0,-0.6327,0.2014,11,False,RGI60-11.00049,1.399,2432,3490,2974,27.2,110,2601,12.7411,47.1398,-0.3420201433256687,0.9396926207859084
RGI60-11.00050,2000-01-01_2020-01-01,245000.0,-0.6781,0.2905,11,False,RGI60-11.00050,0.245,2615,2954,2797,29.4,47,591,12.1491,47.1647,0.6819983600624985,0.7313537016191705
RGI60-11.00051,2000-01-01_2020-01-01,35000.0,-0.4375,0.4721,11,False,RGI60-11.00051,0.035,2809,3012,2942,37.5,73,168,12.3534,47.1591,0.29237170472273677,0.9563047559630354
RGI60-11.00052,2000-01-01_2020-01-01,32000.0,-0.2412,0.387,11,False,RGI60-11.00052,0.032,2670,2775,2730,26.3,284,190,12.3998,47.157,0.24192189559966742,-0.9702957262759966
RGI60-11.00053,2000-01-01_2020-01-01,58000.0,-0.0952,0.3823,11,False,RGI60-11.00053,0.058,2689,2984,2798,42.0,79,372,12.3562,47.1569,0.19080899537654492,0.981627183447664
RGI60-11.00054,2000-01-01_2020-01-01,2274000.0,-0.4832,0.1637,11,False,RGI60-11.00054,2.274,2359,3196,2779,27.1,17,1765,12.3717,47.1487,0.9563047559630354,0.29237170472273677
RGI60-11.00055,2000-01-01_2020-01-01,19000.0,-0.3104,0.4989,11,False,RGI60-11.00055,0.019,2660,2752,2717,30.6,93,177,12.4033,47.1562,-0.05233595624294384,0.9986295347545738
RGI60-11.00056,2000-01-01_2020-01-01,143000.0,-0.5698,0.2859,11,False,RGI60-11.00056,0.143,2638,2787,2710,19.6,340,453,12.6658,47.1466,0.9396926207859084,-0.3420201433256686
RGI60-11.00057,2000-01-01_2020-01-01,11000.0,-0.5963718926974675,0.4007490312965724,11,True,RGI60-11.00057,0.011,2750,2806,2770,23.3,258,125,12.3493,47.1563,-0.2079116908177598,-0.9781476007338056
RGI60-11.00058,2000-01-01_2020-01-01,13000.0,-0.5187,0.774,11,False,RGI60-11.00058,0.013,2672,2771,2733,37.2,328,158,12.3963,47.1541,0.8480480961564258,-0.529919264233205
RGI60-11.00059,2000-01-01_2020-01-01,56000.0,-0.4612,0.4503,11,False,RGI60-11.00059,0.056,2713,2841,2789,26.9,310,190,12.4317,47.1514,0.6427876096865393,-0.7660444431189781
RGI60-11.00060,2000-01-01_2020-01-01,114000.0,-0.4924,0.3406,11,False,RGI60-11.00060,0.114,2668,2901,2794,30.8,83,413,12.4025,47.1519,0.12186934340514749,0.992546151641322
RGI60-11.00061,2000-01-01_2020-01-01,86000.0,-0.157,0.3387,11,False,RGI60-11.00061,0.086,2595,2831,2701,30.1,333,466,12.3914,47.1523,0.8910065241883678,-0.45399049973954697
RGI60-11.00062,2000-01-01_2020-01-01,1324000.0,-0.447,0.1841,11,False,RGI60-11.00062,1.324,2552,3196,2831,27.4,45,1238,12.3086,47.1458,0.7071067811865476,0.7071067811865476
RGI60-11.00063,2000-01-01_2020-01-01,109000.0,-0.4016,0.2384,11,False,RGI60-11.00063,0.109,2839,2979,2911,22.1,240,340,12.3548,47.1517,-0.5000000000000004,-0.8660254037844385
RGI60-11.00064,2000-01-01_2020-01-01,11000.0,-0.5963718926974675,0.4007490312965724,11,True,RGI60-11.00064,0.011,2867,2889,2880,9.5,84,71,12.6,47.1448,0.10452846326765346,0.9945218953682733
RGI60-11.00065,2000-01-01_2020-01-01,87000.0,-0.3838,0.2907,11,False,RGI60-11.00065,0.087,2740,2897,2860,16.4,317,446,12.5958,47.144,0.7313537016191707,-0.6819983600624983
RGI60-11.00066,2000-01-01_2020-01-01,392000.0,-0.8746,0.2839,11,False,RGI60-11.00066,0.392,2546,2840,2662,18.7,157,934,12.3945,47.1462,-0.9205048534524404,0.39073112848927377
RGI60-11.00067,2000-01-01_2020-01-01,2868000.0,-0.6347,0.1741,11,False,RGI60-11.00067,2.868,2283,3294,2854,21.4,24,3098,12.6894,47.129,0.9135454576426009,0.4067366430758002
RGI60-11.00068,2000-01-01_2020-01-01,2738000.0,-0.8267,0.1759,11,False,RGI60-11.00068,2.738,2162,3440,2759,15.2,347,5390,12.3453,47.1322,0.9743700647852351,-0.22495105434386534
RGI60-11.00069,2000-01-01_2020-01-01,32000.0,-0.2246,0.3107,11,False,RGI60-11.00069,0.032,2786,2841,2816,19.4,208,160,12.4374,47.1479,-0.8829475928589269,-0.46947156278589086
RGI60-11.00070,2000-01-01_2020-01-01,1563000.0,-0.5566,0.1819,11,False,RGI60-11.00070,1.563,2375,3118,2759,23.9,31,1785,12.1044,47.1491,0.8571673007021123,0.5150380749100542
RGI60-11.00071,2000-01-01_2020-01-01,61000.0,-0.176,0.2409,11,False,RGI60-11.00071,0.061,2734,2856,2818,21.3,236,285,12.4035,47.1473,-0.5591929034707466,-0.8290375725550418
RGI60-11.00072,2000-01-01_2020-01-01,707000.0,-0.9922,0.2879,11,False,RGI60-11.00072,0.707,2293,2815,2446,17.9,337,1392,12.6611,47.1342,0.9205048534524403,-0.3907311284892739
RGI60-11.00073,2000-01-01_2020-01-01,30000.0,-0.3661,0.398,11,False,RGI60-11.00073,0.03,2822,2895,2871,14.9,147,230,12.5956,47.1403,-0.8386705679454239,0.5446390350150273
RGI60-11.00074,2000-01-01_2020-01-01,430000.0,-0.4211,0.2156,11,False,RGI60-11.00074,0.43,2621,3071,2853,29.5,133,556,12.3805,47.1424,-0.6819983600624984,0.7313537016191706
RGI60-11.00075,2000-01-01_2020-01-01,40000.0,-0.7815,0.6768,11,False,RGI60-11.00075,0.04,2361,2512,2426,33.5,32,202,10.4376,47.1861,0.848048096156426,0.5299192642332049
RGI60-11.00076,2000-01-01_2020-01-01,17000.0,-0.4749,0.5341,11,False,RGI60-11.00076,0.017,2746,2810,2772,22.1,180,141,12.409,47.1448,-1.0,1.2246467991473532e-16
RGI60-11.00077,2000-01-01_2020-01-01,93000.0,-0.4743,0.3793,11,False,RGI60-11.00077,0.093,2705,2955,2841,31.8,297,464,12.0907,47.1508,0.45399049973954664,-0.891006524188368
RGI60-11.00078,2000-01-01_2020-01-01,584000.0,-0.4523,0.1994,11,False,RGI60-11.00078,0.584,2432,3037,2830,26.0,14,1305,12.3243,47.1392,0.9702957262759965,0.24192189559966773
RGI60-11.00079,2000-01-01_2020-01-01,200000.0,-0.8573,0.3633,11,False,RGI60-11.00079,0.2,2451,2780,2604,29.4,22,760,12.5793,47.1355,0.9271838545667874,0.374606593415912
RGI60-11.00080,2000-01-01_2020-01-01,1188000.0,-0.7215,0.2018,11,False,RGI60-11.00080,1.188,2502,2993,2789,19.3,72,1304,12.5964,47.1316,0.30901699437494745,0.9510565162951535
RGI60-11.00081,2000-01-01_2020-01-01,22000.0,-0.6097,0.8614,11,False,RGI60-11.00081,0.022,2504,2650,2568,28.7,23,334,12.5711,47.1368,0.9205048534524404,0.39073112848927377
RGI60-11.00082,2000-01-01_2020-01-01,299000.0,-0.4433,0.2741,11,False,RGI60-11.00082,0.299,2602,2993,2788,30.8,332,703,12.0853,47.1482,0.882947592858927,-0.4694715627858908
RGI60-11.00083,2000-01-01_2020-01-01,40000.0,-0.9312,0.6015,11,False,RGI60-11.00083,0.04,2708,2789,2741,18.6,95,269,10.3703,47.1842,-0.08715574274765824,0.9961946980917455
RGI60-11.00084,2000-01-01_2020-01-01,268000.0,-0.2319,0.2452,11,False,RGI60-11.00084,0.268,2677,3123,2829,31.9,343,602,12.1167,47.1467,0.9563047559630353,-0.29237170472273716
RGI60-11.00085,2000-01-01_2020-01-01,42000.0,-0.0926,0.3846,11,False,RGI60-11.00085,0.042,2563,2637,2614,17.4,27,236,9.98627,47.1872,0.8910065241883679,0.45399049973954675
RGI60-11.00086,2000-01-01_2020-01-01,112000.0,-0.366,0.3495,11,False,RGI60-11.00086,0.112,2634,2908,2718,33.8,34,428,12.0632,47.1498,0.8290375725550417,0.5591929034707469
RGI60-11.00087,2000-01-01_2020-01-01,316000.0,-0.5245,0.2808,11,False,RGI60-11.00087,0.316,2658,3148,2948,35.1,349,403,12.6669,47.1277,0.981627183447664,-0.19080899537654467
RGI60-11.00088,2000-01-01_2020-01-01,2734000.0,-0.5073,0.1557,11,False,RGI60-11.00088,2.734,2668,3320,3004,16.2,121,2477,12.7269,47.1229,-0.5150380749100543,0.8571673007021123
RGI60-11.00089,2000-01-01_2020-01-01,465000.0,-0.4874,0.2405,11,False,RGI60-11.00089,0.465,2532,2898,2744,29.5,12,609,12.0739,47.1466,0.9781476007338057,0.20791169081775934
RGI60-11.00090,2000-01-01_2020-01-01,132000.0,-0.6102,0.379,11,False,RGI60-11.00090,0.132,2721,2958,2792,17.8,19,426,11.0507,47.1697,0.9455185755993168,0.3255681544571567
RGI60-11.00091,2000-01-01_2020-01-01,25000.0,-0.5963718926974675,0.4007490312965724,11,True,RGI60-11.00091,0.025,2599,2659,2622,16.9,236,160,12.5699,47.133,-0.5591929034707466,-0.8290375725550418
RGI60-11.00092,2000-01-01_2020-01-01,145000.0,-0.4266,0.2766,11,False,RGI60-11.00092,0.145,2632,2956,2767,31.1,42,630,12.2247,47.1412,0.7431448254773942,0.6691306063588582
RGI60-11.00093,2000-01-01_2020-01-01,14000.0,0.1612,0.4416,11,False,RGI60-11.00093,0.014,2934,3011,2970,27.4,188,190,12.3711,47.1387,-0.9902680687415703,-0.13917310096006552
RGI60-11.00094,2000-01-01_2020-01-01,519000.0,-0.3822,0.2251,11,False,RGI60-11.00094,0.519,2654,3171,2897,28.5,102,778,12.1173,47.1381,-0.20791169081775934,0.9781476007338057
RGI60-11.00095,2000-01-01_2020-01-01,629000.0,-0.5357,0.1989,11,False,RGI60-11.00095,0.629,2686,2985,2842,20.6,249,653,12.5884,47.1232,-0.3583679495453007,-0.9335804264972016
RGI60-11.00096,2000-01-01_2020-01-01,64000.0,-0.6731,0.3651,11,False,RGI60-11.00096,0.064,2850,2962,2922,16.0,15,399,11.0551,47.1673,0.9659258262890683,0.25881904510252074
RGI60-11.00097,2000-01-01_2020-01-01,157000.0,-0.458,0.2785,11,False,RGI60-11.00097,0.157,2837,3101,2994,21.7,220,301,12.0871,47.1442,-0.766044443118978,-0.6427876096865393
RGI60-11.00098,2000-01-01_2020-01-01,339000.0,-0.3338,0.2023,11,False,RGI60-11.00098,0.339,2742,3157,2984,26.0,230,823,12.0924,47.1418,-0.6427876096865395,-0.7660444431189779
RGI60-11.00099,2000-01-01_2020-01-01,27000.0,-0.2052,0.331,11,False,RGI60-11.00099,0.027,2924,2994,2972,17.1,162,168,12.3625,47.1366,-0.9510565162951535,0.3090169943749475
RGI60-11.00100,2000-01-01_2020-01-01,198000.0,-0.5156,0.2726,11,False,RGI60-11.00100,0.198,2610,2954,2769,31.3,45,516,12.3358,47.1353,0.7071067811865476,0.7071067811865476
RGI60-11.00101,2000-01-01_2020-01-01,564000.0,-0.5083,0.2102,11,False,RGI60-11.00101,0.564,2578,2993,2775,26.9,16,873,12.2336,47.1367,0.9612616959383189,0.27563735581699916
RGI60-11.00102,2000-01-01_2020-01-01,250000.0,-0.7096,0.2513,11,False,RGI60-11.00102,0.25,2948,3162,3025,15.9,138,646,12.3176,47.1348,-0.7431448254773941,0.6691306063588583
RGI60-11.00103,2000-01-01_2020-01-01,80000.0,-0.2942,0.2835,11,False,RGI60-11.00103,0.08,2749,2907,2823,26.8,277,304,12.3567,47.1349,0.12186934340514768,-0.992546151641322
RGI60-11.00104,2000-01-01_2020-01-01,582000.0,-0.4112,0.1961,11,False,RGI60-11.00104,0.582,2777,3173,2986,23.6,182,906,12.1032,47.1386,-0.9993908270190958,-0.0348994967025009
RGI60-11.00105,2000-01-01_2020-01-01,174000.0,-0.4614,0.274,11,False,RGI60-11.00105,0.174,2723,3035,2884,33.1,245,550,12.6572,47.1244,-0.42261826174069916,-0.9063077870366502
RGI60-11.00106,2000-01-01_2020-01-01,17774000.0,-1.3303,0.1693,11,False,RGI60-11.00106,17.774,2086,3487,2984,15.9,112,8667,12.6967,47.0991,-0.37460659341591207,0.9271838545667874
RGI60-11.00107,2000-01-01_2020-01-01,11000.0,-0.5963718926974675,0.4007490312965724,11,True,RGI60-11.00107,0.011,2899,2941,2924,20.1,170,-9,12.3608,47.1347,-0.984807753012208,0.17364817766693028
RGI60-11.00108,2000-01-01_2020-01-01,184000.0,-0.5044,0.2374,11,False,RGI60-11.00108,0.184,2653,2792,2752,18.3,262,372,12.551,47.1256,-0.13917310096006583,-0.9902680687415703
RGI60-11.00109,2000-01-01_2020-01-01,129000.0,-0.0827,0.2148,11,False,RGI60-11.00109,0.129,2949,3154,3032,22.0,185,492,12.3106,47.133,-0.9961946980917455,-0.08715574274765794
RGI60-11.00110,2000-01-01_2020-01-01,2188000.0,-0.9791,0.2055,11,False,RGI60-11.00110,2.188,2285,3356,2695,22.0,45,3075,12.3693,47.1261,0.7071067811865476,0.7071067811865476
RGI60-11.00111,2000-01-01_2020-01-01,19000.0,-0.2261,0.3441,11,False,RGI60-11.00111,0.019,2984,3043,3005,26.8,175,90,12.3275,47.1336,-0.9961946980917455,0.0871557427476582
RGI60-11.00112,2000-01-01_2020-01-01,29000.0,-0.5408,0.5199,11,False,RGI60-11.00112,0.029,2756,2833,2792,32.7,103,146,10.4793,47.1715,-0.22495105434386503,0.9743700647852352
RGI60-11.00113,2000-01-01_2020-01-01,58000.0,-0.4565,0.3849,11,False,RGI60-11.00113,0.058,3065,3260,3171,36.1,249,237,12.6637,47.1213,-0.3583679495453007,-0.9335804264972016
RGI60-11.00114,2000-01-01_2020-01-01,722000.0,-0.5203,0.1934,11,False,RGI60-11.00114,0.722,2593,3133,2830,27.0,48,1120,12.2453,47.1297,0.6691306063588582,0.7431448254773942
RGI60-11.00115,2000-01-01_2020-01-01,133000.0,-0.3284,0.2528,11,False,RGI60-11.00115,0.133,2758,2990,2901,23.9,122,507,12.5955,47.1232,-0.5299192642332048,0.8480480961564261
RGI60-11.00116,2000-01-01_2020-01-01,5324000.0,-0.6324,0.1492,11,False,RGI60-11.00116,5.324,2346,3608,2917,19.7,308,5267,12.3309,47.1177,0.6156614753256585,-0.7880107536067218
RGI60-11.00117,2000-01-01_2020-01-01,11000.0,-0.5963718926974675,0.4007490312965724,11,True,RGI60-11.00117,0.011,2577,2687,2623,39.3,23,135,13.3728,47.0961,0.9205048534524404,0.39073112848927377
RGI60-11.00118,2000-01-01_2020-01-01,31000.0,-0.5963718926974675,0.4007490312965724,11,True,RGI60-11.00118,0.031,2631,2777,2703,38.1,12,150,13.377,47.0948,0.9781476007338057,0.20791169081775934
RGI60-11.00119,2000-01-01_2020-01-01,19000.0,-0.5963718926974675,0.4007490312965724,11,True,RGI60-11.00119,0.019,2798,2891,2863,25.0,8,190,10.4712,47.1677,0.9902680687415704,0.13917310096006544
RGI60-11.00120,2000-01-01_2020-01-01,583000.0,-0.7186,0.2073,11,False,RGI60-11.00120,0.583,2768,3091,2890,22.6,263,733,12.2355,47.1257,-0.12186934340514717,-0.9925461516413221
RGI60-11.00121,2000-01-01_2020-01-01,32000.0,-0.486,0.573,11,False,RGI60-11.00121,0.032,2849,2958,2921,26.3,262,230,12.1109,47.1339,-0.13917310096006583,-0.9902680687415703
RGI60-11.00122,2000-01-01_2020-01-01,1615000.0,-0.953,0.1909,11,False,RGI60-11.00122,1.615,2635,3168,2876,13.9,151,2311,12.7221,47.1074,-0.8746197071393957,0.48480962024633717
RGI60-11.00123,2000-01-01_2020-01-01,122000.0,-0.2522,0.2939,11,False,RGI60-11.00123,0.122,2682,2983,2848,29.4,69,527,12.5971,47.1173,0.3583679495453004,0.9335804264972017
RGI60-11.00124,2000-01-01_2020-01-01,1367000.0,-0.9555,0.2349,11,False,RGI60-11.00124,1.367,2273,3019,2569,23.4,333,2678,12.6507,47.1087,0.8910065241883678,-0.45399049973954697
RGI60-11.00125,2000-01-01_2020-01-01,42000.0,-0.2866,0.2898,11,False,RGI60-11.00125,0.042,3023,3095,3066,12.5,174,366,12.731,47.1125,-0.9945218953682733,0.10452846326765373
RGI60-11.00126,2000-01-01_2020-01-01,26000.0,-0.3974,0.6015,11,False,RGI60-11.00126,0.026,2665,2815,2753,27.9,11,280,12.3806,47.123,0.981627183447664,0.1908089953765448
RGI60-11.00127,2000-01-01_2020-01-01,2084000.0,-0.7192,0.1856,11,False,RGI60-11.00127,2.084,2571,3204,2870,22.4,44,1325,12.2672,47.1131,0.7193398003386512,0.6946583704589973
RGI60-11.00128,2000-01-01_2020-01-01,205000.0,-0.8154,0.3104,11,False,RGI60-11.00128,0.205,2725,3163,2970,27.4,59,943,12.3755,47.1203,0.5150380749100542,0.8571673007021123
RGI60-11.00129,2000-01-01_2020-01-01,28000.0,-0.808,0.6677,11,False,RGI60-11.00129,0.028,2787,2932,2874,28.2,97,255,12.1162,47.1298,-0.12186934340514737,0.9925461516413221
RGI60-11.00130,2000-01-01_2020-01-01,13000.0,-0.5963718926974675,0.4007490312965724,11,True,RGI60-11.00130,0.013,2927,2988,2951,25.9,178,103,12.7336,47.1089,-0.9993908270190958,0.03489949670250114
RGI60-11.00131,2000-01-01_2020-01-01,23000.0,-0.8111,0.7345,11,False,RGI60-11.00131,0.023,2675,2728,2692,14.2,266,215,12.6602,47.1103,-0.06975647374412558,-0.9975640502598242
RGI60-11.00132,2000-01-01_2020-01-01,17000.0,-0.5963718926974675,0.4007490312965724,11,True,RGI60-11.00132,0.017,2593,2652,2635,33.1,3,135,13.2543,47.0897,0.9986295347545738,0.052335956242943835
RGI60-11.00133,2000-01-01_2020-01-01,511000.0,-0.7267,0.2958,11,False,RGI60-11.00133,0.511,2607,3057,2827,31.8,17,882,12.7474,47.1029,0.9563047559630354,0.29237170472273677
RGI60-11.00134,2000-01-01_2020-01-01,32000.0,-0.6142,0.5794,11,False,RGI60-11.00134,0.032,2644,2754,2697,31.3,7,168,13.2494,47.0889,0.992546151641322,0.12186934340514748
RGI60-11.00135,2000-01-01_2020-01-01,8271000.0,-0.7753,0.1484,11,False,RGI60-11.00135,8.271,2158,3576,3074,18.1,66,5350,12.3829,47.1066,0.4067366430758002,0.9135454576426009
RGI60-11.00136,2000-01-01_2020-01-01,95000.0,-0.3385,0.3189,11,False,RGI60-11.00136,0.095,2684,2918,2797,32.1,86,404,12.1168,47.124,0.06975647374412523,0.9975640502598242
RGI60-11.00137,2000-01-01_2020-01-01,13000.0,-0.5963718926974675,0.4007490312965724,11,True,RGI60-11.00137,0.013,3008,3120,3073,30.7,202,182,12.2417,47.121,-0.9271838545667874,-0.374606593415912
RGI60-11.00138,2000-01-01_2020-01-01,28000.0,-0.5391,0.5003,11,False,RGI60-11.00138,0.028,2515,2614,2572,19.2,38,320,12.812,47.1024,0.7880107536067219,0.6156614753256583
RGI60-11.00139,2000-01-01_2020-01-01,51000.0,-0.314,0.3594,11,False,RGI60-11.00139,0.051,2835,3103,2919,34.3,182,329,12.2435,47.1194,-0.9993908270190958,-0.0348994967025009
RGI60-11.00140,2000-01-01_2020-01-01,108000.0,-0.3074,0.3175,11,False,RGI60-11.00140,0.108,2675,2857,2750,28.3,62,357,12.1195,47.1201,0.46947156278589086,0.8829475928589269
RGI60-11.00141,2000-01-01_2020-01-01,4240000.0,-1.0613,0.1869,11,False,RGI60-11.00141,4.24,2214,3119,2720,17.5,14,3750,12.2779,47.1025,0.9702957262759965,0.24192189559966773
RGI60-11.00142,2000-01-01_2020-01-01,69000.0,-0.6794,0.4318,11,False,RGI60-11.00142,0.069,2618,2721,2673,19.7,83,336,13.2501,47.0844,0.12186934340514749,0.992546151641322
RGI60-11.00143,2000-01-01_2020-01-01,128000.0,-0.565,0.3367,11,False,RGI60-11.00143,0.128,2576,2815,2677,28.2,335,479,13.2444,47.0836,0.90630778703665,-0.4226182617406992
RGI60-11.00144,2000-01-01_2020-01-01,16000.0,-0.5963718926974675,0.4007490312965724,11,True,RGI60-11.00144,0.016,2936,3018,2969,35.2,228,112,12.2489,47.1176,-0.6691306063588581,-0.7431448254773944
RGI60-11.00145,2000-01-01_2020-01-01,11000.0,-0.086,0.4841,11,False,RGI60-11.00145,0.011,2667,2727,2712,27.3,356,135,12.8106,47.0993,0.9975640502598242,-0.06975647374412564
RGI60-11.00146,2000-01-01_2020-01-01,157000.0,-0.9842,0.3954,11,False,RGI60-11.00146,0.157,2557,2832,2666,19.4,298,802,12.7979,47.0982,0.4694715627858904,-0.8829475928589271
RGI60-11.00147,2000-01-01_2020-01-01,40000.0,-0.472,0.411,11,False,RGI60-11.00147,0.04,2896,3015,2948,32.8,221,202,12.2517,47.1152,-0.7547095802227721,-0.656059028990507
RGI60-11.00148,2000-01-01_2020-01-01,14000.0,-0.5963718926974675,0.4007490312965724,11,True,RGI60-11.00148,0.014,2597,2684,2628,25.7,142,168,10.2138,47.1553,-0.7880107536067219,0.6156614753256584
RGI60-11.00149,2000-01-01_2020-01-01,93000.0,-0.8253,0.4535,11,False,RGI60-11.00149,0.093,2641,2905,2773,31.4,40,470,12.1239,47.1166,0.766044443118978,0.6427876096865393
RGI60-11.00150,2000-01-01_2020-01-01,14000.0,-0.4377,0.5363,11,False,RGI60-11.00150,0.014,2907,2994,2943,35.6,241,135,12.6422,47.1023,-0.48480962024633684,-0.8746197071393959
RGI60-11.00151,2000-01-01_2020-01-01,77000.0,-1.1134,0.5639,11,False,RGI60-11.00151,0.077,2776,2909,2845,25.2,77,292,13.2471,47.0803,0.22495105434386492,0.9743700647852352
RGI60-11.00152,2000-01-01_2020-01-01,341000.0,-0.4584,0.2637,11,False,RGI60-11.00152,0.341,2601,3004,2788,29.4,23,772,12.1304,47.1139,0.9205048534524404,0.39073112848927377
RGI60-11.00153,2000-01-01_2020-01-01,59000.0,-0.2429,0.2796,11,False,RGI60-11.00153,0.059,2850,3029,2937,31.0,227,309,12.2556,47.1125,-0.6819983600624986,-0.7313537016191705
RGI60-11.00154,2000-01-01_2020-01-01,43000.0,-0.1491,0.2574,11,False,RGI60-11.00154,0.043,2768,2852,2805,16.7,233,246,12.8107,47.0958,-0.6018150231520483,-0.7986355100472928
RGI60-11.00155,2000-01-01_2020-01-01,246000.0,-0.7542,0.2808,11,False,RGI60-11.00155,0.246,2731,3132,2899,28.6,127,915,12.75,47.0945,-0.6018150231520484,0.7986355100472927
RGI60-11.00156,2000-01-01_2020-01-01,247000.0,-0.3889,0.2207,11,False,RGI60-11.00156,0.247,2708,3092,2850,27.7,220,701,12.6452,47.0982,-0.766044443118978,-0.6427876096865393
RGI60-11.00157,2000-01-01_2020-01-01,106000.0,-0.517,0.2904,11,False,RGI60-11.00157,0.106,2692,2818,2741,18.0,357,412,12.4412,47.106,0.9986295347545738,-0.05233595624294437
RGI60-11.00158,2000-01-01_2020-01-01,88000.0,-0.893,0.428,11,False,RGI60-11.00158,0.088,2614,2744,2684,23.6,3,292,12.4494,47.1059,0.9986295347545738,0.052335956242943835
RGI60-11.00159,2000-01-01_2020-01-01,1709000.0,-0.5812,0.1662,11,False,RGI60-11.00159,1.709,2719,3382,3060,24.2,227,1344,12.6559,47.0909,-0.6819983600624986,-0.7313537016191705
RGI60-11.00160,2000-01-01_2020-01-01,25000.0,-0.157,0.5059,11,False,RGI60-11.00160,0.025,2695,2838,2782,33.6,340,195,12.7912,47.0949,0.9396926207859084,-0.3420201433256686
RGI60-11.00161,2000-01-01_2020-01-01,3240000.0,-0.5751,0.147,11,False,RGI60-11.00161,3.24,2625,3621,3198,17.6,203,3026,12.3582,47.0953,-0.9205048534524404,-0.39073112848927355
RGI60-11.00162,2000-01-01_2020-01-01,266000.0,-1.0222,0.3269,11,False,RGI60-11.00162,0.266,2553,2749,2614,15.5,357,476,12.4293,47.1041,0.9986295347545738,-0.05233595624294437
RGI60-11.00163,2000-01-01_2020-01-01,13000.0,-0.5963718926974675,0.4007490312965724,11,True,RGI60-11.00163,0.013,2732,2792,2760,24.5,102,125,13.2492,47.0781,-0.20791169081775934,0.9781476007338057
RGI60-11.00164,2000-01-01_2020-01-01,1588000.0,-0.3864,0.1561,11,False,RGI60-11.00164,1.588,2762,3454,3078,27.9,227,1280,12.338,47.1022,-0.6819983600624986,-0.7313537016191705
RGI60-11.00165,2000-01-01_2020-01-01,88000.0,-0.4301,0.3272,11,False,RGI60-11.00165,0.088,2738,2850,2789,18.9,273,356,13.3935,47.0713,0.052335956242943946,-0.9986295347545738
RGI60-11.00166,2000-01-01_2020-01-01,177000.0,-0.3521,0.2202,11,False,RGI60-11.00166,0.177,2822,3023,2896,21.4,226,499,12.2599,47.1077,-0.6946583704589973,-0.7193398003386512
RGI60-11.00167,2000-01-01_2020-01-01,365000.0,-0.4887,0.2609,11,False,RGI60-11.00167,0.365,2518,2838,2713,25.5,331,882,13.2342,47.0748,0.8746197071393959,-0.4848096202463369
RGI60-11.00168,2000-01-01_2020-01-01,414000.0,-0.7608,0.2913,11,False,RGI60-11.00168,0.414,2470,3076,2688,24.4,0,1233,12.3064,47.1021,1.0,0.0
RGI60-11.00169,2000-01-01_2020-01-01,247000.0,-0.6382,0.3015,11,False,RGI60-11.00169,0.247,2630,2842,2720,20.5,359,479,12.9054,47.0854,0.9998476951563913,-0.01745240643728356
RGI60-11.00170,2000-01-01_2020-01-01,19000.0,-0.5963718926974675,0.4007490312965724,11,True,RGI60-11.00170,0.019,2505,2565,2530,27.5,2,103,13.2232,47.0753,0.9993908270190958,0.03489949670250097
RGI60-11.00171,2000-01-01_2020-01-01,148000.0,-0.3659,0.2642,11,False,RGI60-11.00171,0.148,2771,3012,2907,27.7,271,440,12.1253,47.1066,0.01745240643728313,-0.9998476951563913
RGI60-11.00172,2000-01-01_2020-01-01,513000.0,-0.7971,0.2932,11,False,RGI60-11.00172,0.513,2551,3127,2734,31.5,356,878,12.9325,47.082,0.9975640502598242,-0.06975647374412564
RGI60-11.00173,2000-01-01_2020-01-01,13000.0,-0.5963718926974675,0.4007490312965724,11,True,RGI60-11.00173,0.013,2573,2638,2614,27.0,343,177,13.2251,47.074,0.9563047559630353,-0.29237170472273716
RGI60-11.00174,2000-01-01_2020-01-01,93000.0,0.0613,0.2609,11,False,RGI60-11.00174,0.093,2870,3040,2960,26.4,99,365,12.1307,47.1078,-0.1564344650402308,0.9876883405951378
RGI60-11.00175,2000-01-01_2020-01-01,118000.0,-0.2351,0.3001,11,False,RGI60-11.00175,0.118,2751,2993,2883,28.5,15,462,12.9203,47.0832,0.9659258262890683,0.25881904510252074
RGI60-11.00176,2000-01-01_2020-01-01,31000.0,0.0409,0.343,11,False,RGI60-11.00176,0.031,2721,2862,2797,30.5,285,200,12.3124,47.1031,0.2588190451025203,-0.9659258262890684
RGI60-11.00177,2000-01-01_2020-01-01,22000.0,-0.5963718926974675,0.4007490312965724,11,True,RGI60-11.00177,0.022,2780,2870,2830,24.8,80,202,13.2796,47.071,0.17364817766693041,0.984807753012208
RGI60-11.00178,2000-01-01_2020-01-01,78000.0,-0.0488,0.2155,11,False,RGI60-11.00178,0.078,2575,2662,2607,14.1,302,320,12.7895,47.0875,0.5299192642332047,-0.8480480961564261
RGI60-11.00179,2000-01-01_2020-01-01,45000.0,-0.0642,0.3393,11,False,RGI60-11.00179,0.045,2722,2851,2793,25.0,17,237,12.8954,47.084,0.9563047559630354,0.29237170472273677
RGI60-11.00180,2000-01-01_2020-01-01,47000.0,-0.1139,0.324,11,False,RGI60-11.00180,0.047,2692,2842,2750,22.2,64,412,12.463,47.0979,0.43837114678907746,0.898794046299167
RGI60-11.00181,2000-01-01_2020-01-01,2280000.0,-0.4312,0.1796,11,False,RGI60-11.00181,2.28,2483,3159,2870,21.6,36,1818,13.2537,47.0615,0.8090169943749475,0.5877852522924731
RGI60-11.00182,2000-01-01_2020-01-01,2293000.0,-0.5515,0.1595,11,False,RGI60-11.00182,2.293,2561,3458,3157,18.2,243,2659,12.6661,47.0798,-0.4539904997395469,-0.8910065241883678
RGI60-11.00183,2000-01-01_2020-01-01,58000.0,-0.727,0.5185,11,False,RGI60-11.00183,0.058,2611,2713,2657,21.6,184,214,13.2273,47.0714,-0.9975640502598242,-0.06975647374412527
RGI60-11.00184,2000-01-01_2020-01-01,15000.0,0.1213,0.3704,11,False,RGI60-11.00184,0.015,2815,2875,2842,22.3,26,160,12.8915,47.083,0.898794046299167,0.4383711467890774
RGI60-11.00185,2000-01-01_2020-01-01,69000.0,-0.7697,0.4029,11,False,RGI60-11.00185,0.069,2710,2788,2745,15.9,127,336,12.319,47.1003,-0.6018150231520484,0.7986355100472927
RGI60-11.00186,2000-01-01_2020-01-01,310000.0,-0.7327,0.3011,11,False,RGI60-11.00186,0.31,2555,2806,2662,26.9,219,551,13.238,47.0683,-0.7771459614569708,-0.6293203910498376
RGI60-11.00187,2000-01-01_2020-01-01,12000.0,-0.5963718926974675,0.4007490312965724,11,True,RGI60-11.00187,0.012,2731,2805,2771,25.6,299,135,12.7925,47.0847,0.4848096202463373,-0.8746197071393956
RGI60-11.00188,2000-01-01_2020-01-01,463000.0,-0.4322,0.2003,11,False,RGI60-11.00188,0.463,2834,3218,3074,24.1,121,809,12.9426,47.0753,-0.5150380749100543,0.8571673007021123
RGI60-11.00189,2000-01-01_2020-01-01,1188000.0,-0.3375,0.1661,11,False,RGI60-11.00189,1.188,2688,3253,2939,27.8,79,987,12.3167,47.0898,0.19080899537654492,0.981627183447664
RGI60-11.00190,2000-01-01_2020-01-01,2939000.0,-0.6854,0.1576,11,False,RGI60-11.00190,2.939,2650,3409,3102,16.3,207,2760,12.3784,47.0851,-0.8910065241883679,-0.45399049973954664
RGI60-11.00191,2000-01-01_2020-01-01,83000.0,-0.4961,0.3248,11,False,RGI60-11.00191,0.083,2830,3044,2928,30.7,66,408,11.0637,47.1258,0.4067366430758002,0.9135454576426009
RGI60-11.00192,2000-01-01_2020-01-01,205000.0,-0.7222,0.2888,11,False,RGI60-11.00192,0.205,2779,3080,2919,26.0,78,639,12.4074,47.0926,0.20791169081775945,0.9781476007338056
RGI60-11.00193,2000-01-01_2020-01-01,1911000.0,-0.5656,0.163,11,False,RGI60-11.00193,1.911,2798,3527,3195,16.8,218,2555,12.6796,47.0724,-0.788010753606722,-0.6156614753256582
RGI60-11.00194,2000-01-01_2020-01-01,136000.0,-0.6618,0.2892,11,False,RGI60-11.00194,0.136,2889,3028,2958,18.9,146,293,12.5903,47.0851,-0.8290375725550416,0.5591929034707469
RGI60-11.00195,2000-01-01_2020-01-01,142000.0,-0.79,0.3257,11,False,RGI60-11.00195,0.142,2652,2818,2706,20.3,212,494,12.9266,47.0752,-0.8480480961564261,-0.5299192642332048
RGI60-11.00196,2000-01-01_2020-01-01,119000.0,-0.7037,0.3264,11,False,RGI60-11.00196,0.119,2791,3023,2897,22.9,24,506,11.0887,47.1225,0.9135454576426009,0.4067366430758002
RGI60-11.00197,2000-01-01_2020-01-01,1919000.0,-0.4679,0.1725,11,False,RGI60-11.00197,1.919,2444,3222,2843,26.7,297,1683,12.2683,47.0878,0.45399049973954664,-0.891006524188368
RGI60-11.00198,2000-01-01_2020-01-01,15000.0,-0.5963718926974675,0.4007490312965724,11,True,RGI60-11.00198,0.015,2558,2707,2597,39.1,11,158,11.9549,47.1042,0.981627183447664,0.1908089953765448
RGI60-11.00199,2000-01-01_2020-01-01,2161000.0,-0.8835,0.1812,11,False,RGI60-11.00199,2.161,2653,3248,2933,18.9,104,2419,12.4009,47.0822,-0.24192189559966779,0.9702957262759965
RGI60-11.00200,2000-01-01_2020-01-01,1080000.0,-0.2757,0.1595,11,False,RGI60-11.00200,1.08,2764,3250,3021,25.6,237,1010,12.3025,47.0883,-0.544639035015027,-0.8386705679454242
RGI60-11.00201,2000-01-01_2020-01-01,23000.0,0.0998,0.7176,11,False,RGI60-11.00201,0.023,2711,2893,2817,42.2,347,182,11.9509,47.1029,0.9743700647852351,-0.22495105434386534
RGI60-11.00202,2000-01-01_2020-01-01,228000.0,-0.5092,0.251,11,False,RGI60-11.00202,0.228,2687,3129,2959,25.5,136,972,12.2897,47.0909,-0.7193398003386513,0.6946583704589971
RGI60-11.00203,2000-01-01_2020-01-01,31000.0,-0.5254,0.5143,11,False,RGI60-11.00203,0.031,2827,2944,2888,27.8,82,261,11.0644,47.1219,0.13917310096006547,0.9902680687415704
RGI60-11.00204,2000-01-01_2020-01-01,518000.0,-0.872,0.2285,11,False,RGI60-11.00204,0.518,2634,3081,2804,20.0,23,1293,11.0732,47.1167,0.9205048534524404,0.39073112848927377
RGI60-11.00205,2000-01-01_2020-01-01,80000.0,-0.4008,0.329,11,False,RGI60-11.00205,0.08,2557,2762,2666,24.8,18,452,12.1881,47.0934,0.9510565162951535,0.3090169943749474
RGI60-11.00206,2000-01-01_2020-01-01,18000.0,-0.5963718926974675,0.4007490312965724,11,True,RGI60-11.00206,0.018,2896,2985,2945,23.8,34,177,11.0634,47.1205,0.8290375725550417,0.5591929034707469
RGI60-11.00207,2000-01-01_2020-01-01,62000.0,-0.5023,0.4463,11,False,RGI60-11.00207,0.062,3098,3236,3173,31.8,308,177,12.281,47.0897,0.6156614753256585,-0.7880107536067218
RGI60-11.00208,2000-01-01_2020-01-01,25000.0,-0.692,0.8647,11,False,RGI60-11.00208,0.025,2910,3032,2978,33.3,211,226,12.9367,47.0711,-0.8571673007021123,-0.5150380749100542
RGI60-11.00209,2000-01-01_2020-01-01,42000.0,-0.763,0.4818,11,False,RGI60-11.00209,0.042,2894,2946,2928,12.2,99,269,11.7343,47.1053,-0.1564344650402308,0.9876883405951378
RGI60-11.00210,2000-01-01_2020-01-01,250000.0,-0.0629,0.2141,11,False,RGI60-11.00210,0.25,2824,3213,3099,32.6,120,435,12.2834,47.0875,-0.4999999999999998,0.8660254037844387
RGI60-11.00211,2000-01-01_2020-01-01,36000.0,-0.7667,0.5532,11,False,RGI60-11.00211,0.036,2638,2728,2670,21.4,68,202,12.4759,47.0842,0.37460659341591196,0.9271838545667874
RGI60-11.00212,2000-01-01_2020-01-01,59000.0,-0.562,0.3969,11,False,RGI60-11.00212,0.059,2719,2885,2801,21.1,106,472,12.5881,47.0793,-0.27563735581699905,0.9612616959383189
RGI60-11.00213,2000-01-01_2020-01-01,910000.0,-0.5551,0.2176,11,False,RGI60-11.00213,0.91,2638,3628,3185,29.2,73,1504,12.7082,47.0716,0.29237170472273677,0.9563047559630354
RGI60-11.00214,2000-01-01_2020-01-01,79000.0,-0.35,0.3488,11,False,RGI60-11.00214,0.079,2748,2897,2832,26.2,109,261,12.9433,47.0669,-0.32556815445715664,0.9455185755993168
RGI60-11.00215,2000-01-01_2020-01-01,22000.0,0.5626,0.6508,11,False,RGI60-11.00215,0.022,2825,2924,2908,23.8,73,246,11.9565,47.0972,0.29237170472273677,0.9563047559630354
RGI60-11.00216,2000-01-01_2020-01-01,12000.0,-0.5963718926974675,0.4007490312965724,11,True,RGI60-11.00216,0.012,2758,2886,2819,46.6,45,125,12.0791,47.0936,0.7071067811865476,0.7071067811865476
RGI60-11.00217,2000-01-01_2020-01-01,40000.0,-0.4801,0.3533,11,False,RGI60-11.00217,0.04,2917,3003,2957,19.8,251,214,12.5822,47.0777,-0.32556815445715664,-0.9455185755993168
RGI60-11.00218,2000-01-01_2020-01-01,239000.0,-0.0675,0.2395,11,False,RGI60-11.00218,0.239,2749,2990,2904,24.2,53,466,11.9592,47.0925,0.6018150231520484,0.7986355100472928
RGI60-11.00219,2000-01-01_2020-01-01,18000.0,-0.5963718926974675,0.4007490312965724,11,True,RGI60-11.00219,0.018,2647,2728,2695,32.0,60,127,12.2004,47.0884,0.5000000000000001,0.8660254037844386
RGI60-11.00220,2000-01-01_2020-01-01,1262000.0,-0.3066,0.1594,11,False,RGI60-11.00220,1.262,2672,3335,3058,24.6,114,1313,12.2764,47.0775,-0.40673664307580026,0.9135454576426009
RGI60-11.00221,2000-01-01_2020-01-01,406000.0,-0.4969,0.2163,11,False,RGI60-11.00221,0.406,2664,3156,2935,26.6,0,889,11.0277,47.1102,1.0,0.0
RGI60-11.00222,2000-01-01_2020-01-01,30000.0,-0.3893,0.4541,11,False,RGI60-11.00222,0.03,2704,2770,2747,23.1,52,177,12.1312,47.089,0.6156614753256583,0.788010753606722
RGI60-11.00223,2000-01-01_2020-01-01,892000.0,-0.8456,0.2106,11,False,RGI60-11.00223,0.892,2869,3584,3051,18.4,188,1803,12.6932,47.0652,-0.9902680687415703,-0.13917310096006552
RGI60-11.00224,2000-01-01_2020-01-01,115000.0,-0.752,0.4596,11,False,RGI60-11.00224,0.115,2663,2955,2807,39.8,75,375,12.0849,47.0879,0.25881904510252074,0.9659258262890683
RGI60-11.00225,2000-01-01_2020-01-01,73000.0,-0.9221,0.4323,11,False,RGI60-11.00225,0.073,3012,3135,3098,21.2,113,280,11.0642,47.1123,-0.3907311284892738,0.9205048534524403
RGI60-11.00226,2000-01-01_2020-01-01,112000.0,-1.047,0.5066,11,False,RGI60-11.00226,0.112,2272,2583,2388,30.4,59,571,12.9516,47.0615,0.5150380749100542,0.8571673007021123
RGI60-11.00227,2000-01-01_2020-01-01,535000.0,-0.6917,0.2174,11,False,RGI60-11.00227,0.535,2850,3221,3011,22.9,240,918,12.3115,47.0779,-0.5000000000000004,-0.8660254037844385
RGI60-11.00228,2000-01-01_2020-01-01,17000.0,-0.5963718926974675,0.4007490312965724,11,True,RGI60-11.00228,0.017,2774,2854,2820,31.1,40,125,12.9433,47.0627,0.766044443118978,0.6427876096865393
RGI60-11.00229,2000-01-01_2020-01-01,176000.0,-0.9058,0.3712,11,False,RGI60-11.00229,0.176,2558,2932,2834,25.7,355,720,10.3663,47.1189,0.9961946980917455,-0.08715574274765832
RGI60-11.00230,2000-01-01_2020-01-01,78000.0,-0.7288,0.3788,11,False,RGI60-11.00230,0.078,2817,3048,2926,31.6,70,472,11.0363,47.1109,0.3420201433256688,0.9396926207859083
RGI60-11.00231,2000-01-01_2020-01-01,180000.0,-0.5191,0.2359,11,False,RGI60-11.00231,0.18,2798,3024,2928,22.2,269,532,12.5819,47.0726,-0.017452406437283498,-0.9998476951563913
RGI60-11.00232,2000-01-01_2020-01-01,18000.0,-0.6272,0.7066,11,False,RGI60-11.00232,0.018,3056,3162,3112,37.5,119,125,13.2504,47.051,-0.484809620246337,0.8746197071393959
RGI60-11.00233,2000-01-01_2020-01-01,2114000.0,-0.3725,0.162,11,False,RGI60-11.00233,2.114,2292,3380,2751,30.6,342,1605,12.2486,47.0778,0.9510565162951535,-0.3090169943749477
RGI60-11.00234,2000-01-01_2020-01-01,17000.0,-0.5963718926974675,0.4007490312965724,11,True,RGI60-11.00234,0.017,3011,3161,3083,37.6,92,202,12.3188,47.081,-0.034899496702500955,0.9993908270190958
RGI60-11.00235,2000-01-01_2020-01-01,75000.0,-0.798,0.442,11,False,RGI60-11.00235,0.075,2681,2908,2805,30.5,334,382,11.0558,47.1092,0.8987940462991668,-0.4383711467890778
RGI60-11.00236,2000-01-01_2020-01-01,22000.0,-0.4708,0.6031,11,False,RGI60-11.00236,0.022,2782,2944,2865,30.7,86,255,12.324,47.0807,0.06975647374412523,0.9975640502598242
RGI60-11.00237,2000-01-01_2020-01-01,203000.0,-0.6513,0.2512,11,False,RGI60-11.00237,0.203,2694,2860,2779,21.1,5,567,11.0453,47.1078,0.9961946980917455,0.08715574274765817
RGI60-11.00238,2000-01-01_2020-01-01,28000.0,-0.418,0.4945,11,False,RGI60-11.00238,0.028,3019,3174,3111,31.5,56,250,12.7186,47.0669,0.5591929034707468,0.8290375725550417
RGI60-11.00239,2000-01-01_2020-01-01,280000.0,-0.5268,0.2574,11,False,RGI60-11.00239,0.28,2688,3061,2873,25.5,75,851,10.3766,47.1171,0.25881904510252074,0.9659258262890683
RGI60-11.00240,2000-01-01_2020-01-01,21000.0,-0.3718,0.7068,11,False,RGI60-11.00240,0.021,2471,2585,2529,39.7,11,127,12.9555,47.0586,0.981627183447664,0.1908089953765448
RGI60-11.00241,2000-01-01_2020-01-01,14000.0,-0.5963718926974675,0.4007490312965724,11,True,RGI60-11.00241,0.014,3091,3189,3132,37.9,209,112,12.7059,47.0668,-0.8746197071393959,-0.48480962024633695
RGI60-11.00242,2000-01-01_2020-01-01,91000.0,-0.6692,0.4661,11,False,RGI60-11.00242,0.091,2857,3018,2955,22.5,56,358,13.329,47.0418,0.5591929034707468,0.8290375725550417
RGI60-11.00243,2000-01-01_2020-01-01,29000.0,-1.2956,0.9552,11,False,RGI60-11.00243,0.029,2858,2991,2916,27.3,109,251,12.727,47.0655,-0.32556815445715664,0.9455185755993168
RGI60-11.00244,2000-01-01_2020-01-01,290000.0,-0.5676,0.2064,11,False,RGI60-11.00244,0.29,3034,3233,3117,16.5,193,677,12.3923,47.0732,-0.9743700647852352,-0.22495105434386498
RGI60-11.00245,2000-01-01_2020-01-01,642000.0,-1.015,0.2391,11,False,RGI60-11.00245,0.642,2841,3235,3046,17.4,278,1351,11.0176,47.1047,0.13917310096006547,-0.9902680687415704
RGI60-11.00246,2000-01-01_2020-01-01,503000.0,-0.8566,0.2422,11,False,RGI60-11.00246,0.503,2791,3121,2955,16.5,138,966,12.5872,47.0643,-0.7431448254773941,0.6691306063588583
RGI60-11.00247,2000-01-01_2020-01-01,148000.0,-0.8134,0.3197,11,False,RGI60-11.00247,0.148,2911,3103,2995,25.5,131,372,12.7008,47.0636,-0.6560590289905072,0.7547095802227721
RGI60-11.00248,2000-01-01_2020-01-01,317000.0,-0.7442,0.3193,11,False,RGI60-11.00248,0.317,2588,3040,2753,29.2,42,848,12.0932,47.0814,0.7431448254773942,0.6691306063588582
RGI60-11.00249,2000-01-01_2020-01-01,39000.0,0.1701,0.7109,11,False,RGI60-11.00249,0.039,2601,2827,2703,42.6,25,226,12.9604,47.0563,0.9063077870366499,0.42261826174069944
RGI60-11.00250,2000-01-01_2020-01-01,106000.0,-1.0591,0.4688,11,False,RGI60-11.00250,0.106,2951,3127,3032,22.7,132,582,12.6863,47.063,-0.6691306063588582,0.7431448254773942
RGI60-11.00251,2000-01-01_2020-01-01,796000.0,-0.8563,0.2247,11,False,RGI60-11.00251,0.796,2704,3032,2846,14.5,251,1346,12.9472,47.053,-0.32556815445715664,-0.9455185755993168
RGI60-11.00252,2000-01-01_2020-01-01,121000.0,-0.8092,0.3541,11,False,RGI60-11.00252,0.121,2889,3102,2994,24.1,196,491,12.716,47.063,-0.9612616959383189,-0.275637355816999
RGI60-11.00253,2000-01-01_2020-01-01,13000.0,-0.5963718926974675,0.4007490312965724,11,True,RGI60-11.00253,0.013,2927,2966,2951,14.4,228,160,12.0849,47.0831,-0.6691306063588581,-0.7431448254773944
RGI60-11.00254,2000-01-01_2020-01-01,280000.0,-0.733,0.2448,11,False,RGI60-11.00254,0.28,2912,3236,3028,19.9,86,909,11.0289,47.1039,0.06975647374412523,0.9975640502598242
RGI60-11.00255,2000-01-01_2020-01-01,11000.0,-0.5963718926974675,0.4007490312965724,11,True,RGI60-11.00255,0.011,2893,2955,2931,43.5,64,112,11.9608,47.0857,0.43837114678907746,0.898794046299167
RGI60-11.00256,2000-01-01_2020-01-01,74000.0,-0.695,0.5455,11,False,RGI60-11.00256,0.074,2647,2904,2759,35.9,43,375,12.0301,47.0832,0.7313537016191705,0.6819983600624985
RGI60-11.00257,2000-01-01_2020-01-01,471000.0,-0.3523,0.2191,11,False,RGI60-11.00257,0.471,2761,3152,3002,21.0,48,885,11.7086,47.0874,0.6691306063588582,0.7431448254773942
RGI60-11.00258,2000-01-01_2020-01-01,292000.0,-0.563,0.2806,11,False,RGI60-11.00258,0.292,2535,2983,2761,28.7,55,872,11.9652,47.082,0.573576436351046,0.8191520442889918
RGI60-11.00259,2000-01-01_2020-01-01,19000.0,-0.5963718926974675,0.4007490312965724,11,True,RGI60-11.00259,0.019,2704,2892,2802,47.1,38,146,12.231,47.0777,0.7880107536067219,0.6156614753256583
RGI60-11.00260,2000-01-01_2020-01-01,15000.0,-0.4528,0.5481,11,False,RGI60-11.00260,0.015,2935,2993,2958,25.8,57,112,12.7269,47.0628,0.5446390350150271,0.838670567945424
RGI60-11.00261,2000-01-01_2020-01-01,20000.0,-0.5209,0.7437,11,False,RGI60-11.00261,0.02,2802,2894,2842,29.5,49,177,13.3333,47.0413,0.6560590289905073,0.754709580222772
RGI60-11.00262,2000-01-01_2020-01-01,19000.0,-0.5963718926974675,0.4007490312965724,11,True,RGI60-11.00262,0.019,2730,2786,2755,18.7,299,177,12.133,47.0797,0.4848096202463373,-0.8746197071393956
RGI60-11.00263,2000-01-01_2020-01-01,512000.0,-0.6379,0.2185,11,False,RGI60-11.00263,0.512,2511,3054,2733,20.2,311,1423,12.2248,47.0729,0.656059028990507,-0.7547095802227722
RGI60-11.00264,2000-01-01_2020-01-01,1640000.0,-0.6029,0.1764,11,False,RGI60-11.00264,1.64,2440,3421,2989,26.6,133,2146,12.2671,47.0666,-0.6819983600624984,0.7313537016191706
RGI60-11.00265,2000-01-01_2020-01-01,36000.0,-0.2615,0.3578,11,False,RGI60-11.00265,0.036,2864,3018,2926,28.7,302,250,12.5781,47.0654,0.5299192642332047,-0.8480480961564261
RGI60-11.00266,2000-01-01_2020-01-01,15000.0,-0.5963718926974675,0.4007490312965724,11,True,RGI60-11.00266,0.015,2864,2973,2916,39.8,167,127,10.3689,47.1128,-0.9743700647852351,0.2249510543438652
RGI60-11.00267,2000-01-01_2020-01-01,242000.0,-0.6899,0.3039,11,False,RGI60-11.00267,0.242,2839,3052,2947,21.4,156,552,12.9568,47.0502,-0.9135454576426008,0.40673664307580043
RGI60-11.00268,2000-01-01_2020-01-01,283000.0,-0.5023,0.237,11,False,RGI60-11.00268,0.283,2787,3166,2994,22.7,52,809,12.7315,47.0583,0.6156614753256583,0.788010753606722
RGI60-11.00269,2000-01-01_2020-01-01,69000.0,-0.3516,0.3272,11,False,RGI60-11.00269,0.069,2801,2899,2845,21.1,266,280,13.3264,47.0374,-0.06975647374412558,-0.9975640502598242
RGI60-11.00270,2000-01-01_2020-01-01,83000.0,-0.5959,0.3575,11,False,RGI60-11.00270,0.083,2685,2987,2846,29.9,344,525,11.0627,47.0999,0.9612616959383189,-0.27563735581699894
RGI60-11.00271,2000-01-01_2020-01-01,179000.0,-0.3014,0.2137,11,False,RGI60-11.00271,0.179,2825,3077,2963,20.8,252,808,12.5765,47.062,-0.30901699437494756,-0.9510565162951535
RGI60-11.00272,2000-01-01_2020-01-01,26000.0,-0.8648,0.8539,11,False,RGI60-11.00272,0.026,2790,2952,2840,38.1,46,255,11.0705,47.1007,0.6946583704589973,0.7193398003386512
RGI60-11.00273,2000-01-01_2020-01-01,45000.0,-0.6078,0.5278,11,False,RGI60-11.00273,0.045,2722,2901,2780,36.8,20,214,11.0768,47.0996,0.9396926207859084,0.3420201433256687
RGI60-11.00274,2000-01-01_2020-01-01,69000.0,-0.2301,0.3805,11,False,RGI60-11.00274,0.069,3110,3352,3225,31.2,298,236,12.2354,47.0718,0.4694715627858904,-0.8829475928589271
RGI60-11.00275,2000-01-01_2020-01-01,11000.0,-0.5963718926974675,0.4007490312965724,11,True,RGI60-11.00275,0.011,2883,2967,2927,41.0,46,106,12.0343,47.0781,0.6946583704589973,0.7193398003386512
RGI60-11.00276,2000-01-01_2020-01-01,41000.0,-0.9997,0.6694,11,False,RGI60-11.00276,0.041,2732,2874,2795,26.3,60,276,12.7429,47.0568,0.5000000000000001,0.8660254037844386
RGI60-11.00277,2000-01-01_2020-01-01,30000.0,-0.9169,0.9157,11,False,RGI60-11.00277,0.03,2649,2750,2722,26.2,64,180,13.0027,47.0478,0.43837114678907746,0.898794046299167
RGI60-11.00278,2000-01-01_2020-01-01,4254000.0,-0.6992,0.158,11,False,RGI60-11.00278,4.254,2458,3398,3006,19.4,228,3722,12.2454,47.0574,-0.6691306063588581,-0.7431448254773944
RGI60-11.00279,2000-01-01_2020-01-01,79000.0,-0.1046,0.3869,11,False,RGI60-11.00279,0.079,2591,2891,2694,37.3,74,302,11.9681,47.0784,0.27563735581699916,0.9612616959383189
RGI60-11.00280,2000-01-01_2020-01-01,144000.0,-0.6708,0.3467,11,False,RGI60-11.00280,0.144,2909,3116,2979,16.8,294,627,12.4043,47.0634,0.40673664307579976,-0.9135454576426011
RGI60-11.00281,2000-01-01_2020-01-01,78000.0,-1.5004,0.7154,11,False,RGI60-11.00281,0.078,2642,2699,2657,15.1,130,200,12.9623,47.0464,-0.6427876096865394,0.766044443118978
RGI60-11.00282,2000-01-01_2020-01-01,19000.0,-0.5963718926974675,0.4007490312965724,11,True,RGI60-11.00282,0.019,2901,2957,2923,22.2,255,135,13.3297,47.034,-0.25881904510252063,-0.9659258262890683
RGI60-11.00283,2000-01-01_2020-01-01,150000.0,-0.665,0.4019,11,False,RGI60-11.00283,0.15,2856,3091,2985,24.3,359,426,13.0181,47.0434,0.9998476951563913,-0.01745240643728356
RGI60-11.00284,2000-01-01_2020-01-01,93000.0,-0.6187,0.4031,11,False,RGI60-11.00284,0.093,3165,3447,3339,33.4,257,426,12.2374,47.0677,-0.22495105434386525,-0.9743700647852351
RGI60-11.00285,2000-01-01_2020-01-01,176000.0,-0.4769,0.2573,11,False,RGI60-11.00285,0.176,2967,3192,3093,21.4,89,518,11.1183,47.0938,0.0174524064372836,0.9998476951563913
RGI60-11.00286,2000-01-01_2020-01-01,839000.0,-0.6286,0.2424,11,False,RGI60-11.00286,0.839,2418,3145,2740,25.4,304,1933,12.2211,47.0659,0.559192903470747,-0.8290375725550416
RGI60-11.00287,2000-01-01_2020-01-01,26000.0,-0.4347,0.4679,11,False,RGI60-11.00287,0.026,2897,3042,2990,21.6,109,400,12.4104,47.0636,-0.32556815445715664,0.9455185755993168
RGI60-11.00288,2000-01-01_2020-01-01,83000.0,-0.4329,0.6045,11,False,RGI60-11.00288,0.083,3031,3172,3109,22.1,120,460,11.0764,47.0936,-0.4999999999999998,0.8660254037844387
RGI60-11.00289,2000-01-01_2020-01-01,635000.0,-1.0506,0.2954,11,False,RGI60-11.00289,0.635,2379,2755,2647,15.2,45,1220,12.9702,47.0421,0.7071067811865476,0.7071067811865476
RGI60-11.00290,2000-01-01_2020-01-01,139000.0,-1.1685,0.4681,11,False,RGI60-11.00290,0.139,2531,2731,2593,20.9,33,504,13.2716,47.0323,0.838670567945424,0.5446390350150271
RGI60-11.00291,2000-01-01_2020-01-01,1566000.0,-0.707,0.2032,11,False,RGI60-11.00291,1.566,2510,3096,2798,25.1,337,1075,13.3143,47.0259,0.9205048534524403,-0.3907311284892739
RGI60-11.00292,2000-01-01_2020-01-01,14000.0,-0.5963718926974675,0.4007490312965724,11,True,RGI60-11.00292,0.014,2855,2928,2905,29.6,83,125,12.0367,47.0728,0.12186934340514749,0.992546151641322
RGI60-11.00293,2000-01-01_2020-01-01,108000.0,-0.6135,0.4704,11,False,RGI60-11.00293,0.108,2562,2855,2745,27.6,24,620,11.9744,47.0723,0.9135454576426009,0.4067366430758002
RGI60-11.00294,2000-01-01_2020-01-01,83000.0,-0.6238,0.4278,11,False,RGI60-11.00294,0.083,2817,3011,2907,27.0,301,376,11.6978,47.0801,0.5150380749100542,-0.8571673007021123
RGI60-11.00295,2000-01-01_2020-01-01,3250000.0,-0.906,0.1712,11,False,RGI60-11.00295,3.25,2667,3257,3009,12.8,53,3184,11.1193,47.0827,0.6018150231520484,0.7986355100472928
RGI60-11.00296,2000-01-01_2020-01-01,39000.0,-0.6088,0.6312,11,False,RGI60-11.00296,0.039,2738,2909,2797,33.8,55,269,12.0393,47.071,0.573576436351046,0.8191520442889918
RGI60-11.00297,2000-01-01_2020-01-01,60000.0,-0.5739,0.5883,11,False,RGI60-11.00297,0.06,2850,3034,2939,33.9,235,276,13.0144,47.0407,-0.5735764363510464,-0.8191520442889916
RGI60-11.00298,2000-01-01_2020-01-01,141000.0,-0.1651,0.3097,11,False,RGI60-11.00298,0.141,2574,2983,2771,33.3,10,641,12.2095,47.0634,0.984807753012208,0.17364817766693033
RGI60-11.00299,2000-01-01_2020-01-01,13000.0,-0.5963718926974675,0.4007490312965724,11,True,RGI60-11.00299,0.013,3035,3085,3067,26.3,226,125,13.0185,47.0404,-0.6946583704589973,-0.7193398003386512
RGI60-11.00300,2000-01-01_2020-01-01,209000.0,-1.5355,0.5438,11,False,RGI60-11.00300,0.209,2526,2729,2616,14.2,233,673,13.0049,47.0385,-0.6018150231520483,-0.7986355100472928
RGI60-11.00301,2000-01-01_2020-01-01,469000.0,-0.5749,0.2042,11,False,RGI60-11.00301,0.469,2884,3214,3033,24.9,169,770,12.2303,47.0607,-0.981627183447664,0.19080899537654497
RGI60-11.00302,2000-01-01_2020-01-01,38000.0,-1.1286,1.0345,11,False,RGI60-11.00302,0.038,2571,2803,2686,33.8,49,340,11.9788,47.0706,0.6560590289905073,0.754709580222772
RGI60-11.00303,2000-01-01_2020-01-01,2331000.0,-0.7424,0.1884,11,False,RGI60-11.00303,2.331,2525,3296,2905,18.2,71,2310,13.3338,47.0199,0.32556815445715676,0.9455185755993167
RGI60-11.00304,2000-01-01_2020-01-01,93000.0,-0.1133,0.3414,11,False,RGI60-11.00304,0.093,2595,3013,2858,30.9,321,770,12.206,47.062,0.7771459614569706,-0.6293203910498378
RGI60-11.00305,2000-01-01_2020-01-01,192000.0,-0.3379,0.2533,11,False,RGI60-11.00305,0.192,2771,3080,2934,22.0,82,863,12.4115,47.0571,0.13917310096006547,0.9902680687415704
RGI60-11.00306,2000-01-01_2020-01-01,191000.0,-0.1698,0.2264,11,False,RGI60-11.00306,0.191,2776,3015,2866,18.5,248,727,13.0165,47.0348,-0.3746065934159123,-0.9271838545667873
RGI60-11.00307,2000-01-01_2020-01-01,33000.0,-0.6555,0.6624,11,False,RGI60-11.00307,0.033,2663,2761,2724,18.3,21,309,13.2792,47.0268,0.9335804264972017,0.35836794954530027
RGI60-11.00308,2000-01-01_2020-01-01,240000.0,-0.8908,0.3645,11,False,RGI60-11.00308,0.24,2755,3046,2864,20.4,61,777,12.0426,47.0647,0.4848096202463371,0.8746197071393957
RGI60-11.00309,2000-01-01_2020-01-01,50000.0,-0.4644,0.4164,11,False,RGI60-11.00309,0.05,2971,3211,3114,38.9,94,257,12.2612,47.0603,-0.06975647374412533,0.9975640502598242
RGI60-11.00310,2000-01-01_2020-01-01,25000.0,-0.1201,0.4663,11,False,RGI60-11.00310,0.025,2574,2682,2631,24.0,175,255,12.9779,47.0373,-0.9961946980917455,0.0871557427476582
RGI60-11.00311,2000-01-01_2020-01-01,3690000.0,-0.5438,0.193,11,False,RGI60-11.00311,3.69,2597,3266,2973,17.7,0,2746,11.6636,47.0654,1.0,0.0
RGI60-11.00312,2000-01-01_2020-01-01,443000.0,0.1412,0.2158,11,False,RGI60-11.00312,0.443,2632,3154,2895,28.2,77,903,11.9778,47.0635,0.22495105434386492,0.9743700647852352
RGI60-11.00313,2000-01-01_2020-01-01,229000.0,-0.6848,0.3808,11,False,RGI60-11.00313,0.229,2627,2912,2761,26.8,339,467,11.6831,47.0718,0.9335804264972015,-0.35836794954530077
RGI60-11.00314,2000-01-01_2020-01-01,14000.0,-0.2101,0.5705,11,False,RGI60-11.00314,0.014,3054,3168,3112,39.0,114,125,12.2606,47.0583,-0.40673664307580026,0.9135454576426009
RGI60-11.00315,2000-01-01_2020-01-01,44000.0,-0.5206,0.4255,11,False,RGI60-11.00315,0.044,2851,3020,2939,31.1,40,257,10.8816,47.0876,0.766044443118978,0.6427876096865393
RGI60-11.00316,2000-01-01_2020-01-01,108000.0,-0.7559,0.3515,11,False,RGI60-11.00316,0.108,2856,3067,2986,25.5,70,451,12.417,47.0518,0.3420201433256688,0.9396926207859083
RGI60-11.00317,2000-01-01_2020-01-01,79000.0,-0.3654,0.2878,11,False,RGI60-11.00317,0.079,2854,3012,2939,26.9,220,313,12.2128,47.0572,-0.766044443118978,-0.6427876096865393
RGI60-11.00318,2000-01-01_2020-01-01,13000.0,-0.5963718926974675,0.4007490312965724,11,True,RGI60-11.00318,0.013,2718,2754,2736,13.8,301,146,13.0113,47.0331,0.5150380749100542,-0.8571673007021123
RGI60-11.00319,2000-01-01_2020-01-01,52000.0,-0.8997,0.5561,11,False,RGI60-11.00319,0.052,3053,3150,3099,20.9,122,280,12.4099,47.051,-0.5299192642332048,0.8480480961564261
RGI60-11.00320,2000-01-01_2020-01-01,62000.0,-1.2349,0.7168,11,False,RGI60-11.00320,0.062,2772,2873,2807,20.9,61,285,13.0244,47.0309,0.4848096202463371,0.8746197071393957
RGI60-11.00321,2000-01-01_2020-01-01,14000.0,-0.5963718926974675,0.4007490312965724,11,True,RGI60-11.00321,0.014,3012,3066,3046,18.8,13,127,12.0383,47.0621,0.9743700647852352,0.224951054343865
RGI60-11.00322,2000-01-01_2020-01-01,315000.0,-0.46,0.2331,11,False,RGI60-11.00322,0.315,2653,3085,2880,26.0,70,949,12.2646,47.0537,0.3420201433256688,0.9396926207859083
RGI60-11.00323,2000-01-01_2020-01-01,631000.0,-0.7534,0.2086,11,False,RGI60-11.00323,0.631,2610,3151,2862,22.0,360,1649,11.0941,47.0753,1.0,-2.4492935982947064e-16
RGI60-11.00324,2000-01-01_2020-01-01,11000.0,-0.6718,0.9489,11,False,RGI60-11.00324,0.011,2814,2885,2857,33.8,342,135,13.0327,47.0299,0.9510565162951535,-0.3090169943749477
RGI60-11.00325,2000-01-01_2020-01-01,1721000.0,-1.1956,0.2063,11,False,RGI60-11.00325,1.721,2653,3093,2867,13.9,4,2250,11.0745,47.0723,0.9975640502598242,0.0697564737441253
RGI60-11.00326,2000-01-01_2020-01-01,449000.0,-0.542,0.2309,11,False,RGI60-11.00326,0.449,2537,3115,2811,30.0,251,1139,13.3109,47.0162,-0.32556815445715664,-0.9455185755993168
RGI60-11.00327,2000-01-01_2020-01-01,30000.0,-0.3119,0.4194,11,False,RGI60-11.00327,0.03,3081,3147,3115,21.5,333,226,11.6802,47.0678,0.8910065241883678,-0.45399049973954697
RGI60-11.00328,2000-01-01_2020-01-01,107000.0,-0.1698,0.4384,11,False,RGI60-11.00328,0.107,2703,3039,2846,34.2,66,471,11.9807,47.0584,0.4067366430758002,0.9135454576426009
RGI60-11.00329,2000-01-01_2020-01-01,13000.0,-0.5963718926974675,0.4007490312965724,11,True,RGI60-11.00329,0.013,3012,3131,3089,40.0,302,152,11.9722,47.0601,0.5299192642332047,-0.8480480961564261
RGI60-11.00330,2000-01-01_2020-01-01,22000.0,-1.0704,0.8346,11,False,RGI60-11.00330,0.022,2567,2646,2601,21.3,75,202,10.1387,47.0922,0.25881904510252074,0.9659258262890683
RGI60-11.00331,2000-01-01_2020-01-01,123000.0,-0.9173,0.3698,11,False,RGI60-11.00331,0.123,2761,2917,2810,19.6,27,432,10.8875,47.0806,0.8910065241883679,0.45399049973954675
RGI60-11.00332,2000-01-01_2020-01-01,63000.0,-0.4464,0.3524,11,False,RGI60-11.00332,0.063,2841,3050,2946,25.9,325,404,11.0864,47.0767,0.8191520442889916,-0.5735764363510465
RGI60-11.00333,2000-01-01_2020-01-01,19000.0,-0.8572,0.842,11,False,RGI60-11.00333,0.019,2731,2836,2799,24.8,356,225,11.0658,47.0773,0.9975640502598242,-0.06975647374412564
RGI60-11.00334,2000-01-01_2020-01-01,14000.0,-0.5963718926974675,0.4007490312965724,11,True,RGI60-11.00334,0.014,2709,2792,2752,31.4,60,125,11.9839,47.0572,0.5000000000000001,0.8660254037844386
RGI60-11.00335,2000-01-01_2020-01-01,314000.0,-0.5894,0.269,11,False,RGI60-11.00335,0.314,2873,3217,3081,26.5,170,722,13.321,47.0122,-0.984807753012208,0.17364817766693028
RGI60-11.00336,2000-01-01_2020-01-01,61000.0,-0.5054,0.3913,11,False,RGI60-11.00336,0.061,2358,2451,2380,13.9,71,364,10.1503,47.0886,0.32556815445715676,0.9455185755993167
RGI60-11.00337,2000-01-01_2020-01-01,41000.0,-0.7637,0.5165,11,False,RGI60-11.00337,0.041,2734,2923,2834,32.7,70,190,11.0633,47.0762,0.3420201433256688,0.9396926207859083
RGI60-11.00338,2000-01-01_2020-01-01,640000.0,-0.3933,0.2418,11,False,RGI60-11.00338,0.64,2496,3141,2890,30.1,36,1111,11.9867,47.0521,0.8090169943749475,0.5877852522924731
RGI60-11.00339,2000-01-01_2020-01-01,48000.0,-1.2407,0.756,11,False,RGI60-11.00339,0.048,2681,2833,2791,26.7,16,269,10.1385,47.0881,0.9612616959383189,0.27563735581699916
RGI60-11.00340,2000-01-01_2020-01-01,214000.0,-0.8092,0.2599,11,False,RGI60-11.00340,0.214,2844,3067,2969,19.7,318,567,11.0592,47.0722,0.7431448254773942,-0.6691306063588581
RGI60-11.00341,2000-01-01_2020-01-01,139000.0,-0.4052,0.2937,11,False,RGI60-11.00341,0.139,2787,3113,2941,28.6,99,632,12.2647,47.0453,-0.1564344650402308,0.9876883405951378
RGI60-11.00342,2000-01-01_2020-01-01,225000.0,-0.3969,0.2824,11,False,RGI60-11.00342,0.225,2582,3064,2884,25.8,256,1132,11.9743,47.0528,-0.24192189559966779,-0.9702957262759965
RGI60-11.00343,2000-01-01_2020-01-01,800000.0,-0.4667,0.1714,11,False,RGI60-11.00343,0.8,2663,3262,3117,19.5,80,1660,11.1165,47.0679,0.17364817766693041,0.984807753012208
RGI60-11.00344,2000-01-01_2020-01-01,25000.0,-1.1195,0.8451,11,False,RGI60-11.00344,0.025,2638,2761,2710,27.7,60,236,10.1423,47.086,0.5000000000000001,0.8660254037844386
RGI60-11.00345,2000-01-01_2020-01-01,799000.0,-0.4879,0.178,11,False,RGI60-11.00345,0.799,2632,3285,3026,19.8,86,1902,12.2662,47.0392,0.06975647374412523,0.9975640502598242
RGI60-11.00346,2000-01-01_2020-01-01,14000.0,-0.3454,0.62,11,False,RGI60-11.00346,0.014,2692,2762,2728,28.5,305,125,10.1356,47.0859,0.573576436351046,-0.8191520442889918
RGI60-11.00347,2000-01-01_2020-01-01,14000.0,-0.1317,0.6305,11,False,RGI60-11.00347,0.014,2575,2674,2605,30.0,78,146,10.3046,47.0842,0.20791169081775945,0.9781476007338056
RGI60-11.00348,2000-01-01_2020-01-01,360000.0,-0.4755,0.262,11,False,RGI60-11.00348,0.36,2695,3335,2887,23.8,294,1218,11.6507,47.058,0.40673664307579976,-0.9135454576426011
RGI60-11.00349,2000-01-01_2020-01-01,11000.0,-0.5963718926974675,0.4007490312965724,11,True,RGI60-11.00349,0.011,3027,3140,3086,43.3,63,125,11.1169,47.0704,0.4539904997395468,0.8910065241883678
RGI60-11.00350,2000-01-01_2020-01-01,19000.0,-0.5963718926974675,0.4007490312965724,11,True,RGI60-11.00350,0.019,2749,2843,2803,20.8,100,226,12.4707,47.0377,-0.1736481776669303,0.984807753012208
RGI60-11.00351,2000-01-01_2020-01-01,16000.0,-0.5963718926974675,0.4007490312965724,11,True,RGI60-11.00351,0.016,2658,2741,2707,25.6,58,146,10.1455,47.0844,0.5299192642332049,0.8480480961564261
RGI60-11.00352,2000-01-01_2020-01-01,21000.0,-1.1163,0.9081,11,False,RGI60-11.00352,0.021,2471,2509,2492,15.3,84,158,10.2418,47.0829,0.10452846326765346,0.9945218953682733
RGI60-11.00353,2000-01-01_2020-01-01,389000.0,-0.9624,0.3635,11,False,RGI60-11.00353,0.389,2782,3111,2947,20.6,141,775,11.6737,47.0543,-0.7771459614569709,0.6293203910498374
RGI60-11.00354,2000-01-01_2020-01-01,37000.0,-0.5889,0.714,11,False,RGI60-11.00354,0.037,2557,2724,2631,35.5,140,285,10.1379,47.0835,-0.7660444431189779,0.6427876096865395
RGI60-11.00355,2000-01-01_2020-01-01,78000.0,-1.0147,0.6542,11,False,RGI60-11.00355,0.078,2730,2918,2798,24.6,65,466,12.2689,47.0421,0.42261826174069944,0.9063077870366499
RGI60-11.00356,2000-01-01_2020-01-01,13000.0,-0.5963718926974675,0.4007490312965724,11,True,RGI60-11.00356,0.013,2719,2758,2729,19.0,293,106,10.3009,47.08,0.3907311284892735,-0.9205048534524405
RGI60-11.00357,2000-01-01_2020-01-01,211000.0,-0.5028,0.3217,11,False,RGI60-11.00357,0.211,2626,2903,2785,28.5,31,526,11.9059,47.0488,0.8571673007021123,0.5150380749100542
RGI60-11.00358,2000-01-01_2020-01-01,31000.0,-0.2908,0.4141,11,False,RGI60-11.00358,0.031,2835,3001,2926,27.2,191,329,11.9753,47.0473,-0.981627183447664,-0.19080899537654472
RGI60-11.00359,2000-01-01_2020-01-01,143000.0,-0.7393,0.3891,11,False,RGI60-11.00359,0.143,2511,2877,2686,28.1,335,763,12.2039,47.0397,0.90630778703665,-0.4226182617406992
RGI60-11.00360,2000-01-01_2020-01-01,584000.0,-0.803,0.2207,11,False,RGI60-11.00360,0.584,2694,3132,2927,21.5,2,1270,11.1575,47.0601,0.9993908270190958,0.03489949670250097
RGI60-11.00361,2000-01-01_2020-01-01,65000.0,-0.8004,0.4866,11,False,RGI60-11.00361,0.065,2522,2651,2590,16.7,311,426,11.9667,47.047,0.656059028990507,-0.7547095802227722
RGI60-11.00362,2000-01-01_2020-01-01,404000.0,-0.4374,0.2704,11,False,RGI60-11.00362,0.404,2738,3328,3002,28.2,276,1065,11.6497,47.052,0.10452846326765299,-0.9945218953682734
RGI60-11.00363,2000-01-01_2020-01-01,16000.0,0.4861,0.7374,11,False,RGI60-11.00363,0.016,3244,3287,3266,22.0,245,90,11.6624,47.0527,-0.42261826174069916,-0.9063077870366502
RGI60-11.00364,2000-01-01_2020-01-01,684000.0,-0.7492,0.2062,11,False,RGI60-11.00364,0.684,2829,3247,3035,21.5,87,1267,11.1166,47.0595,0.052335956242943966,0.9986295347545738
RGI60-11.00365,2000-01-01_2020-01-01,52000.0,-0.4027,0.3687,11,False,RGI60-11.00365,0.052,2870,3050,2988,21.8,257,562,12.2558,47.0353,-0.22495105434386525,-0.9743700647852351
RGI60-11.00366,2000-01-01_2020-01-01,112000.0,-0.6169,0.494,11,False,RGI60-11.00366,0.112,2967,3304,3091,36.0,150,481,11.66,47.0498,-0.8660254037844387,0.49999999999999994
RGI60-11.00367,2000-01-01_2020-01-01,38000.0,-0.3279,0.5031,11,False,RGI60-11.00367,0.038,3040,3153,3109,30.0,29,195,12.2692,47.0347,0.8746197071393957,0.48480962024633706
RGI60-11.00368,2000-01-01_2020-01-01,26000.0,-0.5963718926974675,0.4007490312965724,11,True,RGI60-11.00368,0.026,2669,2901,2767,48.1,20,230,11.8049,47.0473,0.9396926207859084,0.3420201433256687
RGI60-11.00369,2000-01-01_2020-01-01,23000.0,-0.5963718926974675,0.4007490312965724,11,True,RGI60-11.00369,0.023,2701,2920,2844,41.0,1,226,11.8115,47.0466,0.9998476951563913,0.01745240643728351
RGI60-11.00370,2000-01-01_2020-01-01,620000.0,-0.0406,0.2289,11,False,RGI60-11.00370,0.62,2432,3047,2669,32.0,35,767,11.9183,47.0395,0.8191520442889918,0.573576436351046
RGI60-11.00371,2000-01-01_2020-01-01,62000.0,-0.8892,0.6158,11,False,RGI60-11.00371,0.062,3062,3233,3167,25.7,89,285,11.166,47.058,0.0174524064372836,0.9998476951563913
RGI60-11.00372,2000-01-01_2020-01-01,49000.0,-1.0623,0.6406,11,False,RGI60-11.00372,0.049,2857,2962,2912,25.1,103,270,11.1728,47.0587,-0.22495105434386503,0.9743700647852352
RGI60-11.00373,2000-01-01_2020-01-01,534000.0,-0.5146,0.2038,11,False,RGI60-11.00373,0.534,2548,3154,2869,23.8,299,1358,12.1982,47.0334,0.4848096202463373,-0.8746197071393956
RGI60-11.00374,2000-01-01_2020-01-01,71000.0,-0.2799,0.3446,11,False,RGI60-11.00374,0.071,2984,3205,3113,34.8,67,304,12.2115,47.0341,0.3907311284892737,0.9205048534524404
RGI60-11.00375,2000-01-01_2020-01-01,245000.0,-0.6801,0.2735,11,False,RGI60-11.00375,0.245,2758,3255,2983,30.5,324,765,11.1056,47.0561,0.8090169943749473,-0.5877852522924734
RGI60-11.00376,2000-01-01_2020-01-01,3179000.0,-0.9855,0.1847,11,False,RGI60-11.00376,3.179,2560,3283,3051,15.8,17,3411,11.1271,47.0445,0.9563047559630354,0.29237170472273677
RGI60-11.00377,2000-01-01_2020-01-01,157000.0,-0.0848,0.3583,11,False,RGI60-11.00377,0.157,2926,3224,3075,33.6,133,396,11.6538,47.0461,-0.6819983600624984,0.7313537016191706
RGI60-11.00378,2000-01-01_2020-01-01,85000.0,-0.3514,0.4832,11,False,RGI60-11.00378,0.085,2558,2949,2697,30.4,337,654,11.9467,47.0377,0.9205048534524403,-0.3907311284892739
RGI60-11.00379,2000-01-01_2020-01-01,422000.0,-0.3304,0.2072,11,False,RGI60-11.00379,0.422,2762,3307,3065,31.2,83,689,12.2096,47.03,0.12186934340514749,0.992546151641322
RGI60-11.00380,2000-01-01_2020-01-01,341000.0,-0.9021,0.2813,11,False,RGI60-11.00380,0.341,2713,3352,2946,25.8,333,1283,11.1495,47.0538,0.8910065241883678,-0.45399049973954697
RGI60-11.00381,2000-01-01_2020-01-01,11000.0,0.2012,0.5288,11,False,RGI60-11.00381,0.011,2815,2889,2858,38.9,269,106,11.9071,47.0397,-0.017452406437283498,-0.9998476951563913
RGI60-11.00382,2000-01-01_2020-01-01,114000.0,0.2853,0.3856,11,False,RGI60-11.00382,0.114,2716,2944,2836,37.1,101,341,11.9502,47.0341,-0.1908089953765448,0.981627183447664
RGI60-11.00383,2000-01-01_2020-01-01,24000.0,-0.3154,0.6076,11,False,RGI60-11.00383,0.024,2744,2848,2792,24.3,301,236,11.8489,47.0389,0.5150380749100542,-0.8571673007021123
RGI60-11.00384,2000-01-01_2020-01-01,182000.0,-0.4687,0.2599,11,False,RGI60-11.00384,0.182,2757,3060,2893,24.4,296,603,12.1937,47.0289,0.4383711467890774,-0.898794046299167
RGI60-11.00385,2000-01-01_2020-01-01,119000.0,-0.3206,0.3496,11,False,RGI60-11.00385,0.119,2731,2971,2854,29.9,232,426,11.9401,47.0351,-0.6156614753256581,-0.7880107536067221
RGI60-11.00386,2000-01-01_2020-01-01,817000.0,-0.4731,0.1854,11,False,RGI60-11.00386,0.817,2726,3398,3019,25.5,102,1184,12.2133,47.0226,-0.20791169081775934,0.9781476007338057
RGI60-11.00387,2000-01-01_2020-01-01,39000.0,-0.7792,0.5626,11,False,RGI60-11.00387,0.039,3093,3205,3162,26.9,112,225,11.1584,47.0532,-0.37460659341591207,0.9271838545667874
RGI60-11.00388,2000-01-01_2020-01-01,38000.0,-0.2512,0.54,11,False,RGI60-11.00388,0.038,3085,3299,3220,39.1,304,269,12.2009,47.0282,0.559192903470747,-0.8290375725550416
RGI60-11.00389,2000-01-01_2020-01-01,13000.0,-0.5963718926974675,0.4007490312965724,11,True,RGI60-11.00389,0.013,2761,2838,2815,24.8,49,135,11.9288,47.0356,0.6560590289905073,0.754709580222772
RGI60-11.00390,2000-01-01_2020-01-01,155000.0,-0.4687,0.2606,11,False,RGI60-11.00390,0.155,3003,3273,3175,26.2,327,514,11.1461,47.0503,0.838670567945424,-0.544639035015027
RGI60-11.00391,2000-01-01_2020-01-01,526000.0,-0.247,0.2297,11,False,RGI60-11.00391,0.526,2557,3167,2811,29.5,287,1169,11.9011,47.0307,0.2923717047227367,-0.9563047559630354
RGI60-11.00392,2000-01-01_2020-01-01,1397000.0,-0.9141,0.1863,11,False,RGI60-11.00392,1.397,2760,3430,3103,16.1,154,2166,11.1096,47.0458,-0.898794046299167,0.4383711467890773
RGI60-11.00393,2000-01-01_2020-01-01,46000.0,-0.1614,0.6624,11,False,RGI60-11.00393,0.046,2696,2884,2769,37.6,52,236,11.2929,47.0487,0.6156614753256583,0.788010753606722
RGI60-11.00394,2000-01-01_2020-01-01,137000.0,-0.4378,0.3464,11,False,RGI60-11.00394,0.137,2732,3180,2987,31.8,346,648,11.2862,47.0467,0.9702957262759965,-0.24192189559966787
RGI60-11.00395,2000-01-01_2020-01-01,123000.0,-0.8485,0.4195,11,False,RGI60-11.00395,0.123,2843,3189,2942,28.7,81,659,11.1614,47.0505,0.15643446504023092,0.9876883405951378
RGI60-11.00396,2000-01-01_2020-01-01,308000.0,-0.5209,0.2889,11,False,RGI60-11.00396,0.308,2753,3208,2909,27.5,109,821,11.9236,47.0323,-0.32556815445715664,0.9455185755993168
RGI60-11.00397,2000-01-01_2020-01-01,29000.0,-0.3274,0.5369,11,False,RGI60-11.00397,0.029,2686,2840,2751,27.7,319,365,12.1875,47.027,0.7547095802227719,-0.6560590289905074
RGI60-11.00398,2000-01-01_2020-01-01,175000.0,-0.5143,0.2634,11,False,RGI60-11.00398,0.175,2831,3031,2914,22.0,235,395,11.8558,47.0342,-0.5735764363510464,-0.8191520442889916
RGI60-11.00399,2000-01-01_2020-01-01,3029000.0,-0.1134,0.1669,11,False,RGI60-11.00399,3.029,2430,3311,2891,23.2,8,2366,11.878,47.0229,0.9902680687415704,0.13917310096006544
RGI60-11.00400,2000-01-01_2020-01-01,12000.0,-0.5963718926974675,0.4007490312965724,11,True,RGI60-11.00400,0.012,2601,2694,2647,46.2,22,90,10.2454,47.0636,0.9271838545667874,0.374606593415912
RGI60-11.00401,2000-01-01_2020-01-01,15000.0,-0.5963718926974675,0.4007490312965724,11,True,RGI60-11.00401,0.015,2634,2723,2661,26.4,34,141,12.1526,47.0258,0.8290375725550417,0.5591929034707469
RGI60-11.00402,2000-01-01_2020-01-01,84000.0,-0.6969,0.3726,11,False,RGI60-11.00402,0.084,2685,2874,2782,23.1,27,411,10.2234,47.0611,0.8910065241883679,0.45399049973954675
RGI60-11.00403,2000-01-01_2020-01-01,25000.0,0.146,0.4515,11,False,RGI60-11.00403,0.025,2666,2784,2714,26.6,63,224,9.684,47.0662,0.4539904997395468,0.8910065241883678
RGI60-11.00404,2000-01-01_2020-01-01,117000.0,-0.6235,0.3598,11,False,RGI60-11.00404,0.117,2653,2909,2768,26.7,355,526,12.1591,47.0233,0.9961946980917455,-0.08715574274765832
RGI60-11.00405,2000-01-01_2020-01-01,19000.0,-0.5963718926974675,0.4007490312965724,11,True,RGI60-11.00405,0.019,3143,3263,3192,40.4,107,160,11.9162,47.0302,-0.29237170472273666,0.9563047559630355
RGI60-11.00406,2000-01-01_2020-01-01,230000.0,-0.4462,0.2227,11,False,RGI60-11.00406,0.23,2790,3138,2964,22.8,241,817,12.2008,47.0204,-0.48480962024633684,-0.8746197071393959
RGI60-11.00407,2000-01-01_2020-01-01,40000.0,-0.3362,0.4442,11,False,RGI60-11.00407,0.04,2758,2893,2834,29.6,318,215,12.1681,47.0234,0.7431448254773942,-0.6691306063588581
RGI60-11.00408,2000-01-01_2020-01-01,1173000.0,-1.255,0.2751,11,False,RGI60-11.00408,1.173,2480,2761,2623,14.3,45,1643,9.69511,47.0592,0.7071067811865476,0.7071067811865476
RGI60-11.00409,2000-01-01_2020-01-01,15000.0,-0.5963718926974675,0.4007490312965724,11,True,RGI60-11.00409,0.015,2696,2851,2761,48.8,75,127,11.9506,47.0289,0.25881904510252074,0.9659258262890683
RGI60-11.00410,2000-01-01_2020-01-01,17000.0,-0.5963718926974675,0.4007490312965724,11,True,RGI60-11.00410,0.017,3121,3187,3154,27.3,125,127,11.2918,47.0437,-0.5735764363510462,0.8191520442889917
RGI60-11.00411,2000-01-01_2020-01-01,611000.0,-0.664,0.208,11,False,RGI60-11.00411,0.611,2977,3423,3174,22.4,69,1265,11.1463,47.0431,0.3583679495453004,0.9335804264972017
RGI60-11.00412,2000-01-01_2020-01-01,38000.0,-0.827,0.5167,11,False,RGI60-11.00412,0.038,2872,2941,2922,17.0,113,182,12.1699,47.0211,-0.3907311284892738,0.9205048534524403
RGI60-11.00413,2000-01-01_2020-01-01,24000.0,-0.5963718926974675,0.4007490312965724,11,True,RGI60-11.00413,0.024,3004,3189,3112,31.0,152,336,11.9154,47.0274,-0.882947592858927,0.4694715627858907
RGI60-11.00414,2000-01-01_2020-01-01,203000.0,-0.845,0.2796,11,False,RGI60-11.00414,0.203,2726,2974,2846,21.7,26,570,10.9109,47.0472,0.898794046299167,0.4383711467890774
RGI60-11.00415,2000-01-01_2020-01-01,3584000.0,-0.3426,0.165,11,False,RGI60-11.00415,3.584,2343,3190,2903,22.1,299,2007,11.8574,47.0152,0.4848096202463373,-0.8746197071393956
RGI60-11.00416,2000-01-01_2020-01-01,170000.0,-0.4984,0.3727,11,False,RGI60-11.00416,0.17,2882,3152,3031,30.3,184,506,11.9118,47.0262,-0.9975640502598242,-0.06975647374412527
RGI60-11.00417,2000-01-01_2020-01-01,44000.0,-0.5182,0.4728,11,False,RGI60-11.00417,0.044,2756,2898,2811,22.6,319,361,12.8035,46.9994,0.7547095802227719,-0.6560590289905074
RGI60-11.00418,2000-01-01_2020-01-01,13000.0,-0.5963718926974675,0.4007490312965724,11,True,RGI60-11.00418,0.013,2643,2725,2682,25.7,287,158,11.6418,47.033,0.2923717047227367,-0.9563047559630354
RGI60-11.00419,2000-01-01_2020-01-01,83000.0,-0.7054,0.4768,11,False,RGI60-11.00419,0.083,2679,2894,2777,17.7,18,691,10.7946,47.046,0.9510565162951535,0.3090169943749474
RGI60-11.00420,2000-01-01_2020-01-01,237000.0,-0.7981,0.3373,11,False,RGI60-11.00420,0.237,2634,2862,2729,25.2,344,431,10.2811,47.0531,0.9612616959383189,-0.27563735581699894
RGI60-11.00421,2000-01-01_2020-01-01,22000.0,-0.1104,0.4593,11,False,RGI60-11.00421,0.022,2940,3044,2999,27.7,109,212,12.1664,47.0184,-0.32556815445715664,0.9455185755993168
RGI60-11.00422,2000-01-01_2020-01-01,81000.0,-0.4596,0.3147,11,False,RGI60-11.00422,0.081,2993,3185,3075,19.2,161,492,12.2123,47.0163,-0.9455185755993168,0.3255681544571566
RGI60-11.00423,2000-01-01_2020-01-01,658000.0,-0.2584,0.2034,11,False,RGI60-11.00423,0.658,2588,3107,2770,28.8,136,887,11.9029,47.0199,-0.7193398003386513,0.6946583704589971
RGI60-11.00424,2000-01-01_2020-01-01,22000.0,-0.8177,0.7118,11,False,RGI60-11.00424,0.022,2776,2860,2830,20.9,351,250,12.7277,46.9999,0.9876883405951377,-0.1564344650402311
RGI60-11.00425,2000-01-01_2020-01-01,64000.0,-1.3049,0.6884,11,False,RGI60-11.00425,0.064,2626,2751,2671,27.8,52,237,10.2267,47.0534,0.6156614753256583,0.788010753606722
RGI60-11.00426,2000-01-01_2020-01-01,12000.0,-0.5963718926974675,0.4007490312965724,11,True,RGI60-11.00426,0.012,3072,3129,3100,29.2,232,125,12.2028,47.0153,-0.6156614753256581,-0.7880107536067221
RGI60-11.00427,2000-01-01_2020-01-01,40000.0,-0.0183,0.3496,11,False,RGI60-11.00427,0.04,2606,2706,2645,25.8,328,215,9.71597,47.0571,0.8480480961564258,-0.529919264233205
RGI60-11.00428,2000-01-01_2020-01-01,22000.0,-0.504,0.4728,11,False,RGI60-11.00428,0.022,3355,3417,3388,25.6,198,160,11.1432,47.0389,-0.9510565162951536,-0.3090169943749473
RGI60-11.00429,2000-01-01_2020-01-01,15000.0,-0.5963718926974675,0.4007490312965724,11,True,RGI60-11.00429,0.015,2819,2880,2848,28.0,56,112,12.2228,47.0132,0.5591929034707468,0.8290375725550417
RGI60-11.00430,2000-01-01_2020-01-01,61000.0,-0.7639,0.5664,11,False,RGI60-11.00430,0.061,2748,2982,2875,38.4,49,348,10.8051,47.0427,0.6560590289905073,0.754709580222772
RGI60-11.00431,2000-01-01_2020-01-01,79000.0,-0.8019,0.5354,11,False,RGI60-11.00431,0.079,2570,2784,2642,32.4,34,376,10.2339,47.0501,0.8290375725550417,0.5591929034707469
RGI60-11.00432,2000-01-01_2020-01-01,29000.0,-0.9457,0.6987,11,False,RGI60-11.00432,0.029,3127,3261,3190,29.7,134,246,11.1498,47.0376,-0.6946583704589974,0.7193398003386511
RGI60-11.00433,2000-01-01_2020-01-01,48000.0,0.0052,0.3846,11,False,RGI60-11.00433,0.048,3107,3191,3152,24.6,87,182,11.8812,47.0175,0.052335956242943966,0.9986295347545738
RGI60-11.00434,2000-01-01_2020-01-01,1348000.0,-1.1047,0.2571,11,False,RGI60-11.00434,1.348,2815,3226,2988,14.9,172,2144,11.637,47.0182,-0.9902680687415704,0.13917310096006533
RGI60-11.00435,2000-01-01_2020-01-01,109000.0,-0.2858,0.396,11,False,RGI60-11.00435,0.109,2884,3215,3024,31.1,105,425,11.6449,47.0226,-0.25881904510252085,0.9659258262890683
RGI60-11.00436,2000-01-01_2020-01-01,42000.0,-0.6657,0.4759,11,False,RGI60-11.00436,0.042,2934,3073,3028,26.7,23,269,12.2252,47.0098,0.9205048534524404,0.39073112848927377
RGI60-11.00437,2000-01-01_2020-01-01,91000.0,-1.0022,0.6113,11,False,RGI60-11.00437,0.091,2753,3036,2798,23.8,279,404,10.7987,47.0387,0.15643446504023067,-0.9876883405951378
RGI60-11.00438,2000-01-01_2020-01-01,82000.0,-0.8892,0.4509,11,False,RGI60-11.00438,0.082,2813,3041,2924,24.2,241,581,10.2268,47.046,-0.48480962024633684,-0.8746197071393959
RGI60-11.00439,2000-01-01_2020-01-01,28000.0,-0.6842,0.6579,11,False,RGI60-11.00439,0.028,2521,2662,2584,28.0,49,318,10.8146,47.0383,0.6560590289905073,0.754709580222772
RGI60-11.00440,2000-01-01_2020-01-01,165000.0,-0.8192,0.3405,11,False,RGI60-11.00440,0.165,2665,3032,2926,27.8,73,758,10.2315,47.0445,0.29237170472273677,0.9563047559630354
RGI60-11.00441,2000-01-01_2020-01-01,104000.0,-0.8082,0.4125,11,False,RGI60-11.00441,0.104,2637,2937,2744,34.3,23,486,10.8247,47.0362,0.9205048534524404,0.39073112848927377
RGI60-11.00442,2000-01-01_2020-01-01,272000.0,-0.3103,0.2364,11,False,RGI60-11.00442,0.272,2733,3060,2937,19.9,130,961,11.8887,47.0129,-0.6427876096865394,0.766044443118978
RGI60-11.00443,2000-01-01_2020-01-01,29000.0,-1.2429,0.8543,11,False,RGI60-11.00443,0.029,2535,2622,2588,22.5,352,230,10.2426,47.0445,0.9902680687415703,-0.13917310096006588
RGI60-11.00444,2000-01-01_2020-01-01,65000.0,-0.3261,0.4685,11,False,RGI60-11.00444,0.065,2573,2800,2646,41.7,357,270,10.8177,47.0367,0.9986295347545738,-0.05233595624294437
RGI60-11.00445,2000-01-01_2020-01-01,24000.0,-0.9872,0.9669,11,False,RGI60-11.00445,0.024,2817,2974,2889,31.7,29,224,11.7601,47.0173,0.8746197071393957,0.48480962024633706
RGI60-11.00446,2000-01-01_2020-01-01,57000.0,-0.7291,0.4483,11,False,RGI60-11.00446,0.057,2721,2865,2807,19.8,344,381,10.793,47.0357,0.9612616959383189,-0.27563735581699894
RGI60-11.00447,2000-01-01_2020-01-01,13000.0,-0.5963718926974675,0.4007490312965724,11,True,RGI60-11.00447,0.013,2958,3009,2982,24.7,116,79,11.7569,47.0176,-0.4383711467890775,0.8987940462991669
RGI60-11.00448,2000-01-01_2020-01-01,13000.0,-0.5963718926974675,0.4007490312965724,11,True,RGI60-11.00448,0.013,2720,2821,2762,40.5,129,112,11.8958,47.0143,-0.6293203910498373,0.777145961456971
RGI60-11.00449,2000-01-01_2020-01-01,190000.0,-0.7335,0.2721,11,False,RGI60-11.00449,0.19,2901,3174,3019,28.3,85,530,11.1243,47.0284,0.08715574274765814,0.9961946980917455
RGI60-11.00450,2000-01-01_2020-01-01,592000.0,-0.6039,0.1875,11,False,RGI60-11.00450,0.592,2746,3195,3038,22.4,303,1196,11.1117,47.0276,0.5446390350150266,-0.8386705679454243
RGI60-11.00451,2000-01-01_2020-01-01,43000.0,-0.6706,0.5086,11,False,RGI60-11.00451,0.043,2733,2856,2783,27.0,328,269,10.7894,47.0332,0.8480480961564258,-0.529919264233205
RGI60-11.00452,2000-01-01_2020-01-01,34000.0,-0.9252,0.7899,11,False,RGI60-11.00452,0.034,2718,2843,2771,25.9,30,206,11.8372,47.0118,0.8660254037844387,0.49999999999999994
RGI60-11.00453,2000-01-01_2020-01-01,60000.0,-1.76,1.1813,11,False,RGI60-11.00453,0.06,2710,2983,2882,35.0,21,463,11.7685,47.0125,0.9335804264972017,0.35836794954530027
RGI60-11.00454,2000-01-01_2020-01-01,183000.0,-0.4489,0.3077,11,False,RGI60-11.00454,0.183,2677,3006,2799,29.6,11,608,11.7752,47.0124,0.981627183447664,0.1908089953765448
RGI60-11.00455,2000-01-01_2020-01-01,14000.0,-0.5963718926974675,0.4007490312965724,11,True,RGI60-11.00455,0.014,2837,2961,2892,35.0,281,152,10.8109,47.0331,0.1908089953765451,-0.9816271834476639
RGI60-11.00456,2000-01-01_2020-01-01,50000.0,-0.7454,0.485,11,False,RGI60-11.00456,0.05,2843,3025,2918,33.7,7,206,11.0356,47.0285,0.992546151641322,0.12186934340514748
RGI60-11.00457,2000-01-01_2020-01-01,467000.0,-0.9147,0.227,11,False,RGI60-11.00457,0.467,2748,3082,2960,19.0,336,791,11.1012,47.0229,0.913545457642601,-0.40673664307580015
RGI60-11.00458,2000-01-01_2020-01-01,311000.0,-0.5277,0.2796,11,False,RGI60-11.00458,0.311,2667,3144,2882,28.8,155,1121,11.8632,47.0064,-0.9063077870366499,0.4226182617406995
RGI60-11.00459,2000-01-01_2020-01-01,2350000.0,-0.607,0.1851,11,False,RGI60-11.00459,2.35,2201,3214,2792,22.7,14,2569,11.8176,46.9981,0.9702957262759965,0.24192189559966773
RGI60-11.00460,2000-01-01_2020-01-01,60000.0,-0.1789,0.496,11,False,RGI60-11.00460,0.06,2891,3223,3057,46.5,104,285,11.8783,47.0095,-0.24192189559966779,0.9702957262759965
RGI60-11.00461,2000-01-01_2020-01-01,46000.0,-0.8345,0.4661,11,False,RGI60-11.00461,0.046,3134,3241,3185,24.3,176,280,10.8197,47.0308,-0.9975640502598242,0.06975647374412552
RGI60-11.00462,2000-01-01_2020-01-01,11000.0,-0.7228,0.8157,11,False,RGI60-11.00462,0.011,2792,2861,2825,35.6,275,-9,10.2302,47.0386,0.08715574274765789,-0.9961946980917455
RGI60-11.00463,2000-01-01_2020-01-01,489000.0,-0.7721,0.2181,11,False,RGI60-11.00463,0.489,2673,3050,2903,20.1,318,1240,10.8119,47.0271,0.7431448254773942,-0.6691306063588581
RGI60-11.00464,2000-01-01_2020-01-01,14000.0,-0.7561,1.0762,11,False,RGI60-11.00464,0.014,3099,3205,3150,39.7,120,127,11.63,47.015,-0.4999999999999998,0.8660254037844387
RGI60-11.00465,2000-01-01_2020-01-01,52000.0,-0.4723,0.4926,11,False,RGI60-11.00465,0.052,2786,3109,2946,39.9,53,430,12.7406,46.9818,0.6018150231520484,0.7986355100472928
RGI60-11.00466,2000-01-01_2020-01-01,56000.0,-0.5049,0.3696,11,False,RGI60-11.00466,0.056,2869,3041,2959,29.1,256,309,10.8151,47.0294,-0.24192189559966779,-0.9702957262759965
RGI60-11.00467,2000-01-01_2020-01-01,15000.0,-0.5963718926974675,0.4007490312965724,11,True,RGI60-11.00467,0.015,2955,3052,3004,41.3,121,127,10.8232,47.0293,-0.5150380749100543,0.8571673007021123
RGI60-11.00468,2000-01-01_2020-01-01,208000.0,-0.818,0.329,11,False,RGI60-11.00468,0.208,2626,3082,2819,34.5,51,883,10.8272,47.0278,0.6293203910498375,0.7771459614569709
RGI60-11.00469,2000-01-01_2020-01-01,2944000.0,-0.4461,0.1741,11,False,RGI60-11.00469,2.944,2443,3312,2853,23.3,20,2150,11.7914,46.9997,0.9396926207859084,0.3420201433256687
RGI60-11.00470,2000-01-01_2020-01-01,59000.0,-0.6686,0.4107,11,False,RGI60-11.00470,0.059,2830,2970,2904,19.6,42,372,11.0408,47.0224,0.7431448254773942,0.6691306063588582
RGI60-11.00471,2000-01-01_2020-01-01,494000.0,-0.0119,0.2088,11,False,RGI60-11.00471,0.494,2632,3121,2891,26.1,289,1097,11.8372,47.0026,0.3255681544571563,-0.945518575599317
RGI60-11.00472,2000-01-01_2020-01-01,91000.0,-0.9735,0.3807,11,False,RGI60-11.00472,0.091,2970,3097,3045,17.3,139,366,10.8234,47.0244,-0.754709580222772,0.6560590289905073
RGI60-11.00473,2000-01-01_2020-01-01,13000.0,-0.5963718926974675,0.4007490312965724,11,True,RGI60-11.00473,0.013,2763,2798,2782,19.0,252,112,10.2291,47.0316,-0.30901699437494756,-0.9510565162951535
RGI60-11.00474,2000-01-01_2020-01-01,240000.0,-1.1246,0.3735,11,False,RGI60-11.00474,0.24,2645,2981,2744,21.8,337,797,12.7771,46.9729,0.9205048534524403,-0.3907311284892739
RGI60-11.00475,2000-01-01_2020-01-01,272000.0,-1.033,0.33,11,False,RGI60-11.00475,0.272,2679,3076,2796,22.1,47,843,10.9247,47.0192,0.6819983600624985,0.7313537016191705
RGI60-11.00476,2000-01-01_2020-01-01,1836000.0,-0.2016,0.1722,11,False,RGI60-11.00476,1.836,2641,3416,2923,26.4,287,1518,11.7698,46.9912,0.2923717047227367,-0.9563047559630354
RGI60-11.00477,2000-01-01_2020-01-01,33000.0,-0.4602,0.4056,11,False,RGI60-11.00477,0.033,2918,3041,3000,24.7,105,257,12.7411,46.9734,-0.25881904510252085,0.9659258262890683
RGI60-11.00478,2000-01-01_2020-01-01,118000.0,-0.675,0.2922,11,False,RGI60-11.00478,0.118,2970,3096,3039,17.7,326,376,11.0536,47.015,0.8290375725550418,-0.5591929034707466
RGI60-11.00479,2000-01-01_2020-01-01,34000.0,-0.9353,0.9669,11,False,RGI60-11.00479,0.034,2570,2710,2624,27.2,8,255,11.7126,47.0007,0.9902680687415704,0.13917310096006544
RGI60-11.00480,2000-01-01_2020-01-01,356000.0,-0.7553,0.2753,11,False,RGI60-11.00480,0.356,2982,3235,3139,18.5,139,676,10.9139,47.0145,-0.754709580222772,0.6560590289905073
RGI60-11.00481,2000-01-01_2020-01-01,140000.0,-1.1532,0.3952,11,False,RGI60-11.00481,0.14,2676,2870,2766,23.7,332,451,10.2268,47.0249,0.882947592858927,-0.4694715627858908
RGI60-11.00482,2000-01-01_2020-01-01,26000.0,-0.3585,0.6152,11,False,RGI60-11.00482,0.026,2965,3089,3021,31.8,259,112,11.838,46.997,-0.1908089953765446,-0.981627183447664
RGI60-11.00483,2000-01-01_2020-01-01,13000.0,-0.4448,0.5338,11,False,RGI60-11.00483,0.013,2817,2883,2856,24.6,224,158,12.7372,46.9718,-0.7193398003386511,-0.6946583704589973
RGI60-11.00484,2000-01-01_2020-01-01,278000.0,-0.9039,0.287,11,False,RGI60-11.00484,0.278,2531,2850,2678,18.8,41,920,10.1812,47.0218,0.754709580222772,0.6560590289905073
RGI60-11.00485,2000-01-01_2020-01-01,16000.0,-0.2657,0.6315,11,False,RGI60-11.00485,0.016,2731,2842,2783,38.9,141,146,11.8446,46.9965,-0.7771459614569709,0.6293203910498374
RGI60-11.00486,2000-01-01_2020-01-01,53000.0,-0.4979,0.3929,11,False,RGI60-11.00486,0.053,2836,2998,2940,27.1,80,388,12.744,46.9693,0.17364817766693041,0.984807753012208
RGI60-11.00487,2000-01-01_2020-01-01,3645000.0,-0.8655,0.1566,11,False,RGI60-11.00487,3.645,2484,3243,2949,16.3,351,3082,11.0795,46.9982,0.9876883405951377,-0.1564344650402311
RGI60-11.00488,2000-01-01_2020-01-01,282000.0,-0.9549,0.2723,11,False,RGI60-11.00488,0.282,2804,3094,2941,21.4,33,791,11.0628,47.0095,0.838670567945424,0.5446390350150271
RGI60-11.00489,2000-01-01_2020-01-01,27000.0,-0.5963718926974675,0.4007490312965724,11,True,RGI60-11.00489,0.027,2467,2576,2540,30.4,347,182,9.8072,47.0265,0.9743700647852351,-0.22495105434386534
RGI60-11.00490,2000-01-01_2020-01-01,84000.0,-1.1413,0.5018,11,False,RGI60-11.00490,0.084,2597,2706,2666,13.7,310,424,12.7661,46.9668,0.6427876096865393,-0.7660444431189781
RGI60-11.00491,2000-01-01_2020-01-01,139000.0,-0.3827,0.2393,11,False,RGI60-11.00491,0.139,2917,3161,3052,22.5,332,551,11.094,47.0073,0.882947592858927,-0.4694715627858908
RGI60-11.00492,2000-01-01_2020-01-01,66000.0,-0.4603,0.5,11,False,RGI60-11.00492,0.066,2657,2993,2784,46.6,106,302,11.8411,46.9933,-0.27563735581699905,0.9612616959383189
RGI60-11.00493,2000-01-01_2020-01-01,25000.0,-0.8387,0.7898,11,False,RGI60-11.00493,0.025,2802,2977,2880,34.0,76,280,11.0982,47.009,0.24192189559966767,0.9702957262759965
RGI60-11.00494,2000-01-01_2020-01-01,14000.0,-0.5963718926974675,0.4007490312965724,11,True,RGI60-11.00494,0.014,2810,2888,2856,31.8,330,135,11.0899,47.009,0.8660254037844384,-0.5000000000000004
RGI60-11.00495,2000-01-01_2020-01-01,31000.0,-0.4318,0.4686,11,False,RGI60-11.00495,0.031,2927,3021,2982,24.2,220,224,11.8335,46.992,-0.766044443118978,-0.6427876096865393
RGI60-11.00496,2000-01-01_2020-01-01,283000.0,-0.676,0.2747,11,False,RGI60-11.00496,0.283,2817,3306,3062,28.3,301,981,10.9039,47.0082,0.5150380749100542,-0.8571673007021123
RGI60-11.00497,2000-01-01_2020-01-01,549000.0,-0.6813,0.2026,11,False,RGI60-11.00497,0.549,2706,3213,2997,22.2,86,1315,10.9171,47.008,0.06975647374412523,0.9975640502598242
RGI60-11.00498,2000-01-01_2020-01-01,201000.0,-0.484,0.2407,11,False,RGI60-11.00498,0.201,2734,2999,2842,22.8,32,690,11.1041,47.0052,0.848048096156426,0.5299192642332049
RGI60-11.00499,2000-01-01_2020-01-01,124000.0,-1.0089,0.4413,11,False,RGI60-11.00499,0.124,2683,2926,2777,25.3,32,543,10.8148,47.0105,0.848048096156426,0.5299192642332049
RGI60-11.00500,2000-01-01_2020-01-01,146000.0,-0.7878,0.3546,11,False,RGI60-11.00500,0.146,2658,3098,2816,30.3,27,767,10.8002,47.0091,0.8910065241883679,0.45399049973954675
RGI60-11.00501,2000-01-01_2020-01-01,262000.0,-0.7141,0.2474,11,False,RGI60-11.00501,0.262,2756,3183,2992,26.0,342,907,11.056,47.0043,0.9510565162951535,-0.3090169943749477
RGI60-11.00502,2000-01-01_2020-01-01,1384000.0,-0.5882,0.1988,11,False,RGI60-11.00502,1.384,2633,3227,3030,20.9,184,1790,11.8001,46.9856,-0.9975640502598242,-0.06975647374412527
RGI60-11.00503,2000-01-01_2020-01-01,89000.0,-0.5978,0.3718,11,False,RGI60-11.00503,0.089,2888,3200,3069,30.7,82,528,11.0653,47.0051,0.13917310096006547,0.9902680687415704
RGI60-11.00504,2000-01-01_2020-01-01,411000.0,-0.7535,0.3098,11,False,RGI60-11.00504,0.411,2894,3324,3069,31.3,132,811,11.8149,46.9873,-0.6691306063588582,0.7431448254773942
RGI60-11.00505,2000-01-01_2020-01-01,602000.0,-0.9142,0.2312,11,False,RGI60-11.00505,0.602,2547,2838,2712,16.3,54,1182,10.1827,47.0133,0.5877852522924731,0.8090169943749475
RGI60-11.00506,2000-01-01_2020-01-01,14000.0,-0.5963718926974675,0.4007490312965724,11,True,RGI60-11.00506,0.014,2604,2674,2635,23.9,111,135,10.2226,47.0175,-0.35836794954530027,0.9335804264972017
RGI60-11.00507,2000-01-01_2020-01-01,36000.0,-0.7043,0.5823,11,False,RGI60-11.00507,0.036,2725,2898,2839,26.8,268,326,12.7217,46.9632,-0.03489949670250076,-0.9993908270190958
RGI60-11.00508,2000-01-01_2020-01-01,144000.0,-0.9705,0.4203,11,False,RGI60-11.00508,0.144,3109,3340,3218,25.0,113,535,11.7837,46.988,-0.3907311284892738,0.9205048534524403
RGI60-11.00509,2000-01-01_2020-01-01,140000.0,-0.8999,0.3427,11,False,RGI60-11.00509,0.14,2869,3206,2994,30.8,96,526,10.8117,47.0064,-0.10452846326765355,0.9945218953682733
RGI60-11.00510,2000-01-01_2020-01-01,97000.0,-0.3203,0.2836,11,False,RGI60-11.00510,0.097,2945,3227,3080,35.6,348,372,10.803,47.006,0.9781476007338056,-0.20791169081775987
RGI60-11.00511,2000-01-01_2020-01-01,589000.0,-0.5236,0.2214,11,False,RGI60-11.00511,0.589,2944,3302,3096,25.8,170,834,11.7767,46.9838,-0.984807753012208,0.17364817766693028
RGI60-11.00512,2000-01-01_2020-01-01,12000.0,-0.5963718926974675,0.4007490312965724,11,True,RGI60-11.00512,0.012,2938,2992,2979,30.4,11,125,10.9219,47.0047,0.981627183447664,0.1908089953765448
RGI60-11.00513,2000-01-01_2020-01-01,193000.0,-0.9172,0.4111,11,False,RGI60-11.00513,0.193,2624,3011,2785,28.2,11,625,11.7241,46.9849,0.981627183447664,0.1908089953765448
RGI60-11.00514,2000-01-01_2020-01-01,502000.0,-0.7758,0.2177,11,False,RGI60-11.00514,0.502,2777,3275,3020,22.9,91,1527,10.9187,47.0019,-0.017452406437283477,0.9998476951563913
RGI60-11.00515,2000-01-01_2020-01-01,38000.0,-0.8118,0.7063,11,False,RGI60-11.00515,0.038,2676,2769,2726,18.7,15,270,12.2417,46.9733,0.9659258262890683,0.25881904510252074
RGI60-11.00516,2000-01-01_2020-01-01,13000.0,-0.5963718926974675,0.4007490312965724,11,True,RGI60-11.00516,0.013,3007,3064,3049,25.9,188,90,12.7602,46.9575,-0.9902680687415703,-0.13917310096006552
RGI60-11.00517,2000-01-01_2020-01-01,16000.0,-0.199,0.3364,11,False,RGI60-11.00517,0.016,3217,3257,3242,15.6,228,125,10.9067,47.0027,-0.6691306063588581,-0.7431448254773944
RGI60-11.00518,2000-01-01_2020-01-01,2131000.0,-0.8161,0.1871,11,False,RGI60-11.00518,2.131,2686,3246,2975,18.2,40,2358,11.1052,46.9877,0.766044443118978,0.6427876096865393
RGI60-11.00519,2000-01-01_2020-01-01,13000.0,-1.0147,1.147,11,False,RGI60-11.00519,0.013,3078,3158,3115,23.2,158,177,11.7842,46.9841,-0.9271838545667873,0.37460659341591224
RGI60-11.00520,2000-01-01_2020-01-01,236000.0,-0.5665,0.3287,11,False,RGI60-11.00520,0.236,2640,3356,3194,29.5,344,1072,11.7189,46.9812,0.9612616959383189,-0.27563735581699894
RGI60-11.00521,2000-01-01_2020-01-01,249000.0,-1.0121,0.3222,11,False,RGI60-11.00521,0.249,2717,3095,2871,25.8,65,881,10.8141,47.0018,0.42261826174069944,0.9063077870366499
RGI60-11.00522,2000-01-01_2020-01-01,25000.0,-0.455,0.4523,11,False,RGI60-11.00522,0.025,2908,2989,2948,26.2,114,152,12.7613,46.9553,-0.40673664307580026,0.9135454576426009
RGI60-11.00523,2000-01-01_2020-01-01,113000.0,-0.9627,0.4401,11,False,RGI60-11.00523,0.113,2978,3186,3093,27.9,112,340,10.7977,46.9991,-0.37460659341591207,0.9271838545667874
RGI60-11.00524,2000-01-01_2020-01-01,2683000.0,-0.4239,0.1763,11,False,RGI60-11.00524,2.683,2528,3269,2837,25.3,7,1318,11.7447,46.9774,0.992546151641322,0.12186934340514748
RGI60-11.00525,2000-01-01_2020-01-01,14000.0,-0.8295,0.9054,11,False,RGI60-11.00525,0.014,2876,2930,2902,26.5,284,90,10.7899,47.002,0.24192189559966742,-0.9702957262759966
RGI60-11.00526,2000-01-01_2020-01-01,331000.0,-0.9209,0.2454,11,False,RGI60-11.00526,0.331,2624,2847,2747,16.5,59,754,10.1854,47.0064,0.5150380749100542,0.8571673007021123
RGI60-11.00527,2000-01-01_2020-01-01,42000.0,-0.714,0.5066,11,False,RGI60-11.00527,0.042,2884,2994,2942,26.8,47,224,10.9269,46.9981,0.6819983600624985,0.7313537016191705
RGI60-11.00528,2000-01-01_2020-01-01,197000.0,-0.6819,0.4275,11,False,RGI60-11.00528,0.197,2609,3379,3248,36.3,331,890,11.714,46.978,0.8746197071393959,-0.4848096202463369
RGI60-11.00529,2000-01-01_2020-01-01,47000.0,-0.722,0.5133,11,False,RGI60-11.00529,0.047,2826,2994,2896,33.3,16,270,10.8197,47.0,0.9612616959383189,0.27563735581699916
RGI60-11.00530,2000-01-01_2020-01-01,46000.0,-0.4153,0.5193,11,False,RGI60-11.00530,0.046,2572,2724,2643,29.3,12,334,11.2901,46.9887,0.9781476007338057,0.20791169081775934
RGI60-11.00531,2000-01-01_2020-01-01,298000.0,-0.7599,0.2764,11,False,RGI60-11.00531,0.298,2706,3066,2865,27.8,333,799,10.7897,46.9956,0.8910065241883678,-0.45399049973954697
RGI60-11.00532,2000-01-01_2020-01-01,14000.0,0.102,0.6411,11,False,RGI60-11.00532,0.014,3277,3372,3329,31.0,339,146,11.717,46.979,0.9335804264972015,-0.35836794954530077
RGI60-11.00533,2000-01-01_2020-01-01,194000.0,-0.4907,0.2988,11,False,RGI60-11.00533,0.194,2610,3140,2817,30.0,19,953,12.6976,46.948,0.9455185755993168,0.3255681544571567
RGI60-11.00534,2000-01-01_2020-01-01,93000.0,-0.6126,0.3764,11,False,RGI60-11.00534,0.093,2648,2873,2763,21.1,323,593,12.7039,46.9499,0.7986355100472928,-0.6018150231520483
RGI60-11.00535,2000-01-01_2020-01-01,1034000.0,-0.8644,0.2012,11,False,RGI60-11.00535,1.034,2668,3236,3045,16.1,306,2055,11.0688,46.9859,0.5877852522924729,-0.8090169943749476
RGI60-11.00536,2000-01-01_2020-01-01,145000.0,-1.0324,0.4635,11,False,RGI60-11.00536,0.145,2287,2628,2467,36.0,66,488,9.02134,47.0085,0.4067366430758002,0.9135454576426009
RGI60-11.00537,2000-01-01_2020-01-01,71000.0,-1.2172,0.5999,11,False,RGI60-11.00537,0.071,2763,2944,2823,24.0,309,280,12.7956,46.9459,0.6293203910498375,-0.7771459614569708
RGI60-11.00538,2000-01-01_2020-01-01,1052000.0,-0.6111,0.1989,11,False,RGI60-11.00538,1.052,2616,3424,3144,20.8,228,2607,11.7139,46.9722,-0.6691306063588581,-0.7431448254773944
RGI60-11.00539,2000-01-01_2020-01-01,1446000.0,-1.0827,0.2258,11,False,RGI60-11.00539,1.446,2336,2832,2527,15.5,275,2372,8.99194,47.0032,0.08715574274765789,-0.9961946980917455
RGI60-11.00540,2000-01-01_2020-01-01,110000.0,-0.7938,0.4123,11,False,RGI60-11.00540,0.11,2850,3051,2923,28.3,71,408,10.7987,46.9936,0.32556815445715676,0.9455185755993167
RGI60-11.00541,2000-01-01_2020-01-01,2534000.0,-0.7628,0.1597,11,False,RGI60-11.00541,2.534,2510,3404,3163,17.8,13,2788,11.1528,46.974,0.9743700647852352,0.224951054343865
RGI60-11.00542,2000-01-01_2020-01-01,35000.0,-0.083,0.4823,11,False,RGI60-11.00542,0.035,2553,2773,2669,29.6,350,425,11.2801,46.9849,0.984807753012208,-0.1736481776669304
RGI60-11.00543,2000-01-01_2020-01-01,53000.0,-0.3323,0.5558,11,False,RGI60-11.00543,0.053,2931,3169,3104,26.9,341,413,11.7026,46.9755,0.9455185755993168,-0.3255681544571567
RGI60-11.00544,2000-01-01_2020-01-01,12000.0,-0.1875,0.554,11,False,RGI60-11.00544,0.012,2729,2793,2757,32.3,318,-9,10.7817,46.9947,0.7431448254773942,-0.6691306063588581
RGI60-11.00545,2000-01-01_2020-01-01,210000.0,-0.477,0.2754,11,False,RGI60-11.00545,0.21,2525,2857,2711,21.2,20,701,11.2643,46.9827,0.9396926207859084,0.3420201433256687
RGI60-11.00546,2000-01-01_2020-01-01,1608000.0,-1.0407,0.2215,11,False,RGI60-11.00546,1.608,2427,3357,2962,24.0,16,2089,11.1906,46.9774,0.9612616959383189,0.27563735581699916
RGI60-11.00547,2000-01-01_2020-01-01,29000.0,-0.0678,0.7098,11,False,RGI60-11.00547,0.029,2220,2465,2368,46.5,35,202,9.02603,47.0076,0.8191520442889918,0.573576436351046
RGI60-11.00548,2000-01-01_2020-01-01,1356000.0,-1.0086,0.2008,11,False,RGI60-11.00548,1.356,2627,3183,2886,15.2,352,2054,11.1339,46.9782,0.9902680687415703,-0.13917310096006588
RGI60-11.00549,2000-01-01_2020-01-01,41000.0,-1.0483,0.6733,11,False,RGI60-11.00549,0.041,2610,2704,2658,15.6,324,305,12.787,46.9446,0.8090169943749473,-0.5877852522924734
RGI60-11.00550,2000-01-01_2020-01-01,383000.0,-0.6878,0.2629,11,False,RGI60-11.00550,0.383,2474,3062,2688,26.0,6,1293,11.2529,46.9804,0.9945218953682733,0.10452846326765347
RGI60-11.00551,2000-01-01_2020-01-01,1118000.0,-1.1062,0.2175,11,False,RGI60-11.00551,1.118,2748,3085,2883,12.6,3,1688,12.147,46.958,0.9986295347545738,0.052335956242943835
RGI60-11.00552,2000-01-01_2020-01-01,33000.0,-0.5963718926974675,0.4007490312965724,11,True,RGI60-11.00552,0.033,2764,2830,2802,16.1,25,230,9.0097,47.0061,0.9063077870366499,0.42261826174069944
RGI60-11.00553,2000-01-01_2020-01-01,93000.0,-0.7086,0.3391,11,False,RGI60-11.00553,0.093,2740,2865,2793,18.3,13,391,11.241,46.9838,0.9743700647852352,0.224951054343865
RGI60-11.00554,2000-01-01_2020-01-01,1569000.0,-0.9002,0.196,11,False,RGI60-11.00554,1.569,2513,3209,2921,16.5,335,3097,11.1701,46.9732,0.90630778703665,-0.4226182617406992
RGI60-11.00555,2000-01-01_2020-01-01,18000.0,-0.3916,0.5654,11,False,RGI60-11.00555,0.018,2932,3010,2978,30.4,326,177,12.7022,46.9466,0.8290375725550418,-0.5591929034707466
RGI60-11.00556,2000-01-01_2020-01-01,15000.0,-0.5963718926974675,0.4007490312965724,11,True,RGI60-11.00556,0.015,3255,3311,3292,25.8,259,135,11.079,46.9872,-0.1908089953765446,-0.981627183447664
RGI60-11.00557,2000-01-01_2020-01-01,273000.0,-1.0048,0.4034,11,False,RGI60-11.00557,0.273,2858,3191,2950,27.2,194,612,11.0911,46.9844,-0.9702957262759965,-0.2419218955996675
RGI60-11.00558,2000-01-01_2020-01-01,563000.0,-0.9174,0.3092,11,False,RGI60-11.00558,0.563,2421,2873,2627,39.1,130,515,9.0062,47.0002,-0.6427876096865394,0.766044443118978
RGI60-11.00559,2000-01-01_2020-01-01,17000.0,-0.3096,0.4197,11,False,RGI60-11.00559,0.017,2782,2843,2822,20.4,329,177,11.2354,46.9828,0.8571673007021121,-0.5150380749100545
RGI60-11.00560,2000-01-01_2020-01-01,26000.0,-0.5469,0.5476,11,False,RGI60-11.00560,0.026,2751,2859,2795,27.0,19,226,12.1546,46.9606,0.9455185755993168,0.3255681544571567
RGI60-11.00561,2000-01-01_2020-01-01,166000.0,-0.5492,0.2821,11,False,RGI60-11.00561,0.166,3025,3377,3246,31.4,238,608,10.7902,46.9883,-0.529919264233205,-0.848048096156426
RGI60-11.00562,2000-01-01_2020-01-01,1689000.0,-0.9614,0.2196,11,False,RGI60-11.00562,1.689,2497,3318,2995,18.1,238,3185,11.7307,46.9641,-0.529919264233205,-0.848048096156426
RGI60-11.00563,2000-01-01_2020-01-01,33000.0,-1.0509,0.7972,11,False,RGI60-11.00563,0.033,2965,3108,3014,29.6,113,276,11.0837,46.984,-0.3907311284892738,0.9205048534524403
RGI60-11.00564,2000-01-01_2020-01-01,106000.0,-0.3858,0.3242,11,False,RGI60-11.00564,0.106,2912,3109,3027,21.5,139,447,11.7525,46.969,-0.754709580222772,0.6560590289905073
RGI60-11.00565,2000-01-01_2020-01-01,88000.0,-0.6127,0.4569,11,False,RGI60-11.00565,0.088,2831,3088,2929,30.2,19,247,11.2457,46.9789,0.9455185755993168,0.3255681544571567
RGI60-11.00566,2000-01-01_2020-01-01,57000.0,-1.0453,0.6123,11,False,RGI60-11.00566,0.057,3109,3328,3201,38.5,177,257,11.7253,46.9698,-0.9986295347545738,0.05233595624294381
RGI60-11.00567,2000-01-01_2020-01-01,206000.0,-0.4727,0.2575,11,False,RGI60-11.00567,0.206,2914,3432,3121,33.8,72,686,10.7964,46.9875,0.30901699437494745,0.9510565162951535
RGI60-11.00568,2000-01-01_2020-01-01,17000.0,-0.2999,0.5952,11,False,RGI60-11.00568,0.017,2721,2817,2781,47.6,350,103,10.9005,46.9865,0.984807753012208,-0.1736481776669304
RGI60-11.00569,2000-01-01_2020-01-01,90000.0,-0.9254,0.48,11,False,RGI60-11.00569,0.09,2694,2928,2837,23.4,349,526,11.1731,46.9792,0.981627183447664,-0.19080899537654467
RGI60-11.00570,2000-01-01_2020-01-01,40000.0,-0.8029,0.4901,11,False,RGI60-11.00570,0.04,2807,2893,2845,20.3,281,269,11.2368,46.9799,0.1908089953765451,-0.9816271834476639
RGI60-11.00571,2000-01-01_2020-01-01,11000.0,-0.1134,0.3566,11,False,RGI60-11.00571,0.011,2917,2951,2932,20.1,346,112,11.2414,46.9801,0.9702957262759965,-0.24192189559966787
RGI60-11.00572,2000-01-01_2020-01-01,29000.0,-0.1054,0.4256,11,False,RGI60-11.00572,0.029,3101,3211,3168,29.7,88,202,11.0802,46.9824,0.03489949670250108,0.9993908270190958
RGI60-11.00573,2000-01-01_2020-01-01,23000.0,-0.4948,0.5275,11,False,RGI60-11.00573,0.023,2719,2819,2768,21.1,8,226,10.7003,46.9882,0.9902680687415704,0.13917310096006544
RGI60-11.00574,2000-01-01_2020-01-01,586000.0,-0.9258,0.3074,11,False,RGI60-11.00574,0.586,2774,3256,2919,21.1,47,1176,10.8067,46.983,0.6819983600624985,0.7313537016191705
RGI60-11.00575,2000-01-01_2020-01-01,22000.0,-1.2115,0.9476,11,False,RGI60-11.00575,0.022,2903,2977,2943,20.0,50,135,11.2605,46.9787,0.6427876096865394,0.766044443118978
RGI60-11.00576,2000-01-01_2020-01-01,28000.0,-0.3721,0.4266,11,False,RGI60-11.00576,0.028,2918,3001,2952,25.0,124,127,10.9117,46.9837,-0.5591929034707467,0.8290375725550417
RGI60-11.00577,2000-01-01_2020-01-01,525000.0,-1.1008,0.2615,11,False,RGI60-11.00577,0.525,2438,2748,2610,19.8,334,1189,11.2286,46.974,0.8987940462991668,-0.4383711467890778
RGI60-11.00578,2000-01-01_2020-01-01,259000.0,-0.515,0.2166,11,False,RGI60-11.00578,0.259,2834,3137,3028,19.9,295,810,11.2432,46.9759,0.4226182617406996,-0.9063077870366498
RGI60-11.00579,2000-01-01_2020-01-01,118000.0,-0.5983,0.3554,11,False,RGI60-11.00579,0.118,2669,2940,2793,27.7,91,689,11.264,46.9756,-0.017452406437283477,0.9998476951563913
RGI60-11.00580,2000-01-01_2020-01-01,34000.0,-1.0183,0.6583,11,False,RGI60-11.00580,0.034,2957,3018,2990,20.9,94,224,11.2023,46.9775,-0.06975647374412533,0.9975640502598242
RGI60-11.00581,2000-01-01_2020-01-01,40000.0,-0.2073,0.3017,11,False,RGI60-11.00581,0.04,3000,3092,3037,26.9,227,182,11.1012,46.979,-0.6819983600624986,-0.7313537016191705
RGI60-11.00582,2000-01-01_2020-01-01,93000.0,-0.883,0.432,11,False,RGI60-11.00582,0.093,2933,3157,3033,29.5,128,382,10.9062,46.9805,-0.6156614753256583,0.788010753606722
RGI60-11.00583,2000-01-01_2020-01-01,23000.0,-0.5354,0.6823,11,False,RGI60-11.00583,0.023,3111,3262,3200,36.0,140,212,11.7457,46.9644,-0.7660444431189779,0.6427876096865395
RGI60-11.00584,2000-01-01_2020-01-01,243000.0,-0.7837,0.264,11,False,RGI60-11.00584,0.243,2871,3129,3044,18.9,273,834,11.1036,46.9762,0.052335956242943946,-0.9986295347545738
RGI60-11.00585,2000-01-01_2020-01-01,200000.0,-0.7918,0.3537,11,False,RGI60-11.00585,0.2,2628,2888,2803,19.5,295,485,8.99098,46.9956,0.4226182617406996,-0.9063077870366498
RGI60-11.00586,2000-01-01_2020-01-01,40000.0,-0.6161,0.5386,11,False,RGI60-11.00586,0.04,2799,2912,2840,20.7,92,283,12.1622,46.9523,-0.034899496702500955,0.9993908270190958
RGI60-11.00587,2000-01-01_2020-01-01,437000.0,-0.3894,0.1851,11,False,RGI60-11.00587,0.437,2791,3317,3113,25.0,66,1066,11.2015,46.9719,0.4067366430758002,0.9135454576426009
RGI60-11.00588,2000-01-01_2020-01-01,417000.0,-0.9361,0.2296,11,False,RGI60-11.00588,0.417,2949,3155,3078,12.4,124,858,11.1127,46.9734,-0.5591929034707467,0.8290375725550417
RGI60-11.00589,2000-01-01_2020-01-01,83000.0,-0.5553,0.3482,11,False,RGI60-11.00589,0.083,2924,3181,3092,30.5,309,441,11.2407,46.9723,0.6293203910498375,-0.7771459614569708
RGI60-11.00590,2000-01-01_2020-01-01,1255000.0,-0.8428,0.2044,11,False,RGI60-11.00590,1.255,2610,3145,2885,18.3,87,1969,11.2537,46.9675,0.052335956242943966,0.9986295347545738
RGI60-11.00591,2000-01-01_2020-01-01,146000.0,-0.3803,0.2671,11,False,RGI60-11.00591,0.146,3012,3223,3134,21.4,153,504,11.7403,46.96,-0.8910065241883678,0.45399049973954686
RGI60-11.00592,2000-01-01_2020-01-01,36000.0,-0.5613,0.395,11,False,RGI60-11.00592,0.036,3003,3057,3019,14.5,221,177,11.1218,46.9742,-0.7547095802227721,-0.656059028990507
RGI60-11.00593,2000-01-01_2020-01-01,1053000.0,-0.9381,0.2006,11,False,RGI60-11.00593,1.053,2815,3237,3073,16.8,75,1915,10.8088,46.9757,0.25881904510252074,0.9659258262890683
RGI60-11.00594,2000-01-01_2020-01-01,32000.0,-1.3973,0.9735,11,False,RGI60-11.00594,0.032,3211,3300,3250,31.9,107,135,11.1421,46.9725,-0.29237170472273666,0.9563047559630355
RGI60-11.00595,2000-01-01_2020-01-01,34000.0,-0.5857,0.5123,11,False,RGI60-11.00595,0.034,2930,3064,3026,23.9,7,251,10.6874,46.9797,0.992546151641322,0.12186934340514748
RGI60-11.00596,2000-01-01_2020-01-01,64000.0,-0.7987,0.5072,11,False,RGI60-11.00596,0.064,2211,2371,2272,28.5,119,255,9.00204,46.9922,-0.484809620246337,0.8746197071393959
RGI60-11.00597,2000-01-01_2020-01-01,6331000.0,-1.1134,0.1787,11,False,RGI60-11.00597,6.331,2548,3429,3000,13.9,96,4492,11.1832,46.9514,-0.10452846326765355,0.9945218953682733
RGI60-11.00598,2000-01-01_2020-01-01,140000.0,-1.6179,0.664,11,False,RGI60-11.00598,0.14,2195,2450,2296,32.6,153,326,8.99409,46.9898,-0.8910065241883678,0.45399049973954686
RGI60-11.00599,2000-01-01_2020-01-01,45000.0,-0.5541,0.3857,11,False,RGI60-11.00599,0.045,2947,3091,3023,28.4,274,292,11.1061,46.971,0.06975647374412522,-0.9975640502598243
RGI60-11.00600,2000-01-01_2020-01-01,13000.0,-0.5963718926974675,0.4007490312965724,11,True,RGI60-11.00600,0.013,2541,2589,2564,25.0,329,103,8.98449,46.99,0.8571673007021121,-0.5150380749100545
RGI60-11.00601,2000-01-01_2020-01-01,315000.0,-0.5468,0.2512,11,False,RGI60-11.00601,0.315,2820,3324,3049,30.0,319,819,10.7928,46.9728,0.7547095802227719,-0.6560590289905074
RGI60-11.00602,2000-01-01_2020-01-01,15000.0,-0.5963718926974675,0.4007490312965724,11,True,RGI60-11.00602,0.015,2864,2937,2904,29.7,59,146,10.9056,46.9742,0.5150380749100542,0.8571673007021123
RGI60-11.00603,2000-01-01_2020-01-01,841000.0,-1.4038,0.2961,11,False,RGI60-11.00603,0.841,2650,2980,2783,15.8,175,1396,11.2247,46.9656,-0.9961946980917455,0.0871557427476582
RGI60-11.00604,2000-01-01_2020-01-01,713000.0,-0.9187,0.2374,11,False,RGI60-11.00604,0.713,2846,3330,3067,20.4,257,1224,11.1375,46.9652,-0.22495105434386525,-0.9743700647852351
RGI60-11.00605,2000-01-01_2020-01-01,27000.0,-0.7643,0.7786,11,False,RGI60-11.00605,0.027,3090,3259,3173,43.4,137,255,11.1955,46.9677,-0.7313537016191705,0.6819983600624985
RGI60-11.00606,2000-01-01_2020-01-01,14000.0,0.0403,0.4263,11,False,RGI60-11.00606,0.014,2856,2907,2880,20.5,309,146,11.7273,46.9571,0.6293203910498375,-0.7771459614569708
RGI60-11.00607,2000-01-01_2020-01-01,58000.0,-0.6641,0.4768,11,False,RGI60-11.00607,0.058,2849,3069,2928,40.8,56,236,12.1646,46.945,0.5591929034707468,0.8290375725550417
RGI60-11.00608,2000-01-01_2020-01-01,255000.0,-0.5953,0.2974,11,False,RGI60-11.00608,0.255,2663,2949,2730,14.3,25,1055,12.1756,46.9397,0.9063077870366499,0.42261826174069944
RGI60-11.00609,2000-01-01_2020-01-01,38000.0,-0.881,0.7818,11,False,RGI60-11.00609,0.038,2859,2992,2924,28.5,78,355,11.2074,46.9664,0.20791169081775945,0.9781476007338056
RGI60-11.00610,2000-01-01_2020-01-01,20000.0,-0.5963718926974675,0.4007490312965724,11,True,RGI60-11.00610,0.02,3001,3077,3043,17.5,68,257,10.9026,46.9718,0.37460659341591196,0.9271838545667874
RGI60-11.00611,2000-01-01_2020-01-01,14000.0,-0.5963718926974675,0.4007490312965724,11,True,RGI60-11.00611,0.014,2187,2215,2201,13.9,181,135,8.99081,46.9868,-0.9998476951563913,-0.017452406437283637
RGI60-11.00612,2000-01-01_2020-01-01,28000.0,-0.6252,0.511,11,False,RGI60-11.00612,0.028,2855,2948,2911,24.8,354,230,10.7861,46.9725,0.9945218953682733,-0.10452846326765342
RGI60-11.00613,2000-01-01_2020-01-01,14000.0,-0.5585,0.6127,11,False,RGI60-11.00613,0.014,2932,3012,2974,28.6,204,175,11.2025,46.9654,-0.9135454576426009,-0.4067366430758002
RGI60-11.00614,2000-01-01_2020-01-01,62000.0,-0.658,0.3852,11,False,RGI60-11.00614,0.062,2913,3074,3000,24.9,256,379,12.1614,46.9423,-0.24192189559966779,-0.9702957262759965
RGI60-11.00615,2000-01-01_2020-01-01,304000.0,-0.583,0.2038,11,False,RGI60-11.00615,0.304,3006,3290,3167,17.3,123,897,10.8025,46.9708,-0.5446390350150271,0.838670567945424
RGI60-11.00616,2000-01-01_2020-01-01,24000.0,-1.1841,0.9794,11,False,RGI60-11.00616,0.024,2416,2532,2463,33.0,318,168,8.97678,46.9862,0.7431448254773942,-0.6691306063588581
RGI60-11.00617,2000-01-01_2020-01-01,12000.0,-0.3825,0.6776,11,False,RGI60-11.00617,0.012,2891,2957,2918,28.4,307,135,11.7212,46.9535,0.6018150231520479,-0.798635510047293
RGI60-11.00618,2000-01-01_2020-01-01,110000.0,-1.4422,0.6779,11,False,RGI60-11.00618,0.11,2826,3125,2923,24.5,117,570,11.1955,46.9628,-0.45399049973954675,0.8910065241883679
RGI60-11.00619,2000-01-01_2020-01-01,1332000.0,-1.1549,0.2277,11,False,RGI60-11.00619,1.332,2741,3287,2982,18.1,252,2187,11.1528,46.9566,-0.30901699437494756,-0.9510565162951535
RGI60-11.00620,2000-01-01_2020-01-01,22000.0,0.0287,0.3002,11,False,RGI60-11.00620,0.022,3058,3140,3098,24.6,274,152,12.1637,46.9406,0.06975647374412522,-0.9975640502598243
RGI60-11.00621,2000-01-01_2020-01-01,92000.0,-1.3846,0.6166,11,False,RGI60-11.00621,0.092,2177,2371,2251,19.2,81,555,8.98462,46.983,0.15643446504023092,0.9876883405951378
RGI60-11.00622,2000-01-01_2020-01-01,30000.0,-0.0746,0.2806,11,False,RGI60-11.00622,0.03,3086,3165,3133,21.2,229,225,12.1661,46.938,-0.6560590289905073,-0.754709580222772
RGI60-11.00623,2000-01-01_2020-01-01,173000.0,-0.5511,0.2515,11,False,RGI60-11.00623,0.173,2986,3232,3116,22.0,119,649,10.7985,46.9665,-0.484809620246337,0.8746197071393959
RGI60-11.00624,2000-01-01_2020-01-01,22000.0,-0.5963718926974675,0.4007490312965724,11,True,RGI60-11.00624,0.022,3124,3234,3176,36.5,275,152,11.1617,46.959,0.08715574274765789,-0.9961946980917455
RGI60-11.00625,2000-01-01_2020-01-01,122000.0,-0.4088,0.3074,11,False,RGI60-11.00625,0.122,2823,3049,2966,30.2,301,395,12.1631,46.9336,0.5150380749100542,-0.8571673007021123
RGI60-11.00626,2000-01-01_2020-01-01,62000.0,-0.6293,0.4152,11,False,RGI60-11.00626,0.062,3119,3368,3263,38.2,273,301,11.1615,46.9554,0.052335956242943946,-0.9986295347545738
RGI60-11.00627,2000-01-01_2020-01-01,437000.0,-0.4195,0.2154,11,False,RGI60-11.00627,0.437,2724,3192,2871,25.5,318,849,12.1535,46.9244,0.7431448254773942,-0.6691306063588581
RGI60-11.00628,2000-01-01_2020-01-01,659000.0,-1.091,0.2522,11,False,RGI60-11.00628,0.659,2556,2992,2720,16.9,10,1624,12.1456,46.9241,0.984807753012208,0.17364817766693033
RGI60-11.00629,2000-01-01_2020-01-01,106000.0,-0.8082,0.4022,11,False,RGI60-11.00629,0.106,2872,3105,2943,25.6,40,414,10.8003,46.9562,0.766044443118978,0.6427876096865393
RGI60-11.00630,2000-01-01_2020-01-01,28000.0,-0.4725,0.5099,11,False,RGI60-11.00630,0.028,2854,2924,2886,23.2,27,202,10.6879,46.959,0.8910065241883679,0.45399049973954675
RGI60-11.00631,2000-01-01_2020-01-01,58000.0,-0.3756,0.3275,11,False,RGI60-11.00631,0.058,3198,3347,3299,27.0,237,293,11.1609,46.9493,-0.544639035015027,-0.8386705679454242
RGI60-11.00632,2000-01-01_2020-01-01,392000.0,-1.064,0.2726,11,False,RGI60-11.00632,0.392,2979,3162,3071,17.0,139,708,10.7892,46.9539,-0.754709580222772,0.6560590289905073
RGI60-11.00633,2000-01-01_2020-01-01,113000.0,-0.6191,0.361,11,False,RGI60-11.00633,0.113,2479,2699,2531,25.8,156,329,8.94756,46.9656,-0.9135454576426008,0.40673664307580043
RGI60-11.00634,2000-01-01_2020-01-01,449000.0,-0.9896,0.247,11,False,RGI60-11.00634,0.449,2556,2974,2751,18.0,5,1157,11.2067,46.9407,0.9961946980917455,0.08715574274765817
RGI60-11.00635,2000-01-01_2020-01-01,161000.0,-0.7677,0.2966,11,False,RGI60-11.00635,0.161,2802,2967,2887,16.2,17,668,10.9237,46.947,0.9563047559630354,0.29237170472273677
RGI60-11.00636,2000-01-01_2020-01-01,55000.0,-0.7303,0.4865,11,False,RGI60-11.00636,0.055,2959,3137,3020,26.4,246,335,11.1632,46.9433,-0.4067366430758001,-0.913545457642601
RGI60-11.00637,2000-01-01_2020-01-01,434000.0,-0.7621,0.2557,11,False,RGI60-11.00637,0.434,2592,3197,2871,25.8,326,1173,12.1354,46.917,0.8290375725550418,-0.5591929034707466
RGI60-11.00638,2000-01-01_2020-01-01,82000.0,-1.2397,0.6645,11,False,RGI60-11.00638,0.082,2589,2778,2687,23.7,56,285,9.38896,46.9603,0.5591929034707468,0.8290375725550417
RGI60-11.00639,2000-01-01_2020-01-01,63000.0,-0.6868,0.423,11,False,RGI60-11.00639,0.063,2815,2952,2875,18.3,256,451,11.159,46.9411,-0.24192189559966779,-0.9702957262759965
RGI60-11.00640,2000-01-01_2020-01-01,15000.0,-0.5963718926974675,0.4007490312965724,11,True,RGI60-11.00640,0.015,2585,2746,2646,35.4,32,246,10.2497,46.9539,0.848048096156426,0.5299192642332049
RGI60-11.00641,2000-01-01_2020-01-01,24000.0,-1.2139,0.9778,11,False,RGI60-11.00641,0.024,2730,2839,2792,28.9,45,168,11.2136,46.9385,0.7071067811865476,0.7071067811865476
RGI60-11.00642,2000-01-01_2020-01-01,98000.0,-0.8675,0.3543,11,False,RGI60-11.00642,0.098,2790,2985,2896,21.7,337,448,10.955,46.9419,0.9205048534524403,-0.3907311284892739
RGI60-11.00643,2000-01-01_2020-01-01,333000.0,-0.635,0.2354,11,False,RGI60-11.00643,0.333,2847,3156,2979,21.0,35,873,10.7909,46.9425,0.8191520442889918,0.573576436351046
RGI60-11.00644,2000-01-01_2020-01-01,25000.0,-0.6769,0.7091,11,False,RGI60-11.00644,0.025,3116,3278,3212,40.9,335,202,12.1434,46.9157,0.90630778703665,-0.4226182617406992
RGI60-11.00645,2000-01-01_2020-01-01,41000.0,-0.657,0.5119,11,False,RGI60-11.00645,0.041,2867,2987,2949,24.8,48,168,10.9207,46.9414,0.6691306063588582,0.7431448254773942
RGI60-11.00646,2000-01-01_2020-01-01,124000.0,-0.6831,0.3679,11,False,RGI60-11.00646,0.124,2930,3225,3025,26.9,117,520,12.1485,46.912,-0.45399049973954675,0.8910065241883679
RGI60-11.00647,2000-01-01_2020-01-01,1801000.0,-0.7445,0.1743,11,False,RGI60-11.00647,1.801,2617,3197,2980,17.9,24,1804,12.0965,46.9069,0.9135454576426009,0.4067366430758002
RGI60-11.00648,2000-01-01_2020-01-01,1640000.0,-0.7543,0.1756,11,False,RGI60-11.00648,1.64,2657,3286,2969,18.9,13,2043,10.9316,46.9326,0.9743700647852352,0.224951054343865
RGI60-11.00649,2000-01-01_2020-01-01,11000.0,-0.2644,0.4095,11,False,RGI60-11.00649,0.011,2827,2872,2845,18.5,50,125,10.6943,46.9443,0.6427876096865394,0.766044443118978
RGI60-11.00650,2000-01-01_2020-01-01,22000.0,-0.7787,0.641,11,False,RGI60-11.00650,0.022,2940,3026,2996,24.0,48,160,11.0848,46.9375,0.6691306063588582,0.7431448254773942
RGI60-11.00651,2000-01-01_2020-01-01,13000.0,0.0762,0.5265,11,False,RGI60-11.00651,0.013,3286,3326,3312,14.1,25,135,12.143,46.9134,0.9063077870366499,0.42261826174069944
RGI60-11.00652,2000-01-01_2020-01-01,354000.0,-0.7825,0.2605,11,False,RGI60-11.00652,0.354,2705,2972,2837,17.5,346,897,11.1223,46.9328,0.9702957262759965,-0.24192189559966787
RGI60-11.00653,2000-01-01_2020-01-01,260000.0,-0.8297,0.2804,11,False,RGI60-11.00653,0.26,2912,3183,3060,18.0,112,839,11.2031,46.931,-0.37460659341591207,0.9271838545667874
RGI60-11.00654,2000-01-01_2020-01-01,76000.0,-0.8245,0.4308,11,False,RGI60-11.00654,0.076,2798,2988,2896,23.2,337,429,10.6823,46.9407,0.9205048534524403,-0.3907311284892739
RGI60-11.00655,2000-01-01_2020-01-01,94000.0,-1.0677,0.514,11,False,RGI60-11.00655,0.094,2904,3144,3049,23.5,269,491,11.1944,46.933,-0.017452406437283498,-0.9998476951563913
RGI60-11.00656,2000-01-01_2020-01-01,184000.0,-0.5622,0.2868,11,False,RGI60-11.00656,0.184,2756,3227,3062,29.7,336,786,12.0807,46.9098,0.913545457642601,-0.40673664307580015
RGI60-11.00657,2000-01-01_2020-01-01,31000.0,-0.5371,0.5888,11,False,RGI60-11.00657,0.031,2899,3028,2948,29.8,34,224,12.0858,46.9127,0.8290375725550417,0.5591929034707469
RGI60-11.00658,2000-01-01_2020-01-01,142000.0,-1.0934,0.559,11,False,RGI60-11.00658,0.142,2626,3024,2761,20.1,311,1105,12.1287,46.9091,0.656059028990507,-0.7547095802227722
RGI60-11.00659,2000-01-01_2020-01-01,551000.0,-1.1898,0.3102,11,False,RGI60-11.00659,0.551,2607,2992,2795,15.3,340,1725,12.1201,46.9045,0.9396926207859084,-0.3420201433256686
RGI60-11.00660,2000-01-01_2020-01-01,31000.0,-0.6551,0.5703,11,False,RGI60-11.00660,0.031,3068,3129,3099,24.9,354,152,12.0844,46.9102,0.9945218953682733,-0.10452846326765342
RGI60-11.00661,2000-01-01_2020-01-01,117000.0,-0.715,0.3259,11,False,RGI60-11.00661,0.117,2851,3031,2936,20.3,1,522,11.11,46.9309,0.9998476951563913,0.01745240643728351
RGI60-11.00662,2000-01-01_2020-01-01,103000.0,-0.8887,0.4143,11,False,RGI60-11.00662,0.103,2723,2861,2775,18.9,10,509,11.1349,46.9305,0.984807753012208,0.17364817766693033
RGI60-11.00663,2000-01-01_2020-01-01,1266000.0,-0.8064,0.1819,11,False,RGI60-11.00663,1.266,2653,3235,2943,20.8,331,1881,10.9162,46.9284,0.8746197071393959,-0.4848096202463369
RGI60-11.00664,2000-01-01_2020-01-01,24000.0,0.2384,0.4565,11,False,RGI60-11.00664,0.024,2772,2938,2837,41.9,146,195,12.1382,46.9061,-0.8290375725550416,0.5591929034707469
RGI60-11.00665,2000-01-01_2020-01-01,118000.0,-0.7122,0.3728,11,False,RGI60-11.00665,0.118,2917,3116,2988,21.5,66,562,10.7949,46.9335,0.4067366430758002,0.9135454576426009
RGI60-11.00666,2000-01-01_2020-01-01,9331000.0,-0.9533,0.1514,11,False,RGI60-11.00666,9.331,2440,3512,3048,12.8,26,5999,10.9036,46.9058,0.898794046299167,0.4383711467890774
RGI60-11.00667,2000-01-01_2020-01-01,17000.0,-0.9291,0.8143,11,False,RGI60-11.00667,0.017,2890,2961,2928,26.6,216,190,11.1256,46.9282,-0.8090169943749475,-0.587785252292473
RGI60-11.00668,2000-01-01_2020-01-01,17000.0,-0.5533,0.7134,11,False,RGI60-11.00668,0.017,2863,2959,2907,30.4,29,127,10.8881,46.9304,0.8746197071393957,0.48480962024633706
RGI60-11.00669,2000-01-01_2020-01-01,59000.0,-0.1852,0.2795,11,False,RGI60-11.00669,0.059,3195,3321,3258,23.0,145,285,10.7936,46.9289,-0.8191520442889919,0.5735764363510459
RGI60-11.00670,2000-01-01_2020-01-01,1369000.0,-0.7497,0.1787,11,False,RGI60-11.00670,1.369,2870,3376,3082,16.9,56,1925,10.8648,46.9209,0.5591929034707468,0.8290375725550417
RGI60-11.00671,2000-01-01_2020-01-01,43000.0,0.1542,0.3263,11,False,RGI60-11.00671,0.043,2813,2955,2870,21.8,313,285,10.7839,46.927,0.6819983600624986,-0.7313537016191703
RGI60-11.00672,2000-01-01_2020-01-01,32000.0,-0.9345,0.627,11,False,RGI60-11.00672,0.032,2815,2930,2862,22.3,298,280,12.0824,46.8996,0.4694715627858904,-0.8829475928589271
RGI60-11.00673,2000-01-01_2020-01-01,459000.0,-0.5788,0.1988,11,False,RGI60-11.00673,0.459,2891,3382,3133,23.2,67,1049,10.791,46.9221,0.3907311284892737,0.9205048534524404
RGI60-11.00674,2000-01-01_2020-01-01,945000.0,-0.5129,0.1668,11,False,RGI60-11.00674,0.945,2872,3268,3078,16.0,102,1326,10.9269,46.9185,-0.20791169081775934,0.9781476007338057
RGI60-11.00675,2000-01-01_2020-01-01,15000.0,-0.372,0.5098,11,False,RGI60-11.00675,0.015,3107,3221,3148,31.7,147,160,10.928,46.9226,-0.8386705679454239,0.5446390350150273
RGI60-11.00676,2000-01-01_2020-01-01,69000.0,-0.742,0.4785,11,False,RGI60-11.00676,0.069,2999,3236,3169,35.6,341,280,10.783,46.9228,0.9455185755993168,-0.3255681544571567
RGI60-11.00677,2000-01-01_2020-01-01,329000.0,-0.6324,0.2442,11,False,RGI60-11.00677,0.329,2905,3311,3168,25.4,265,711,10.7804,46.9179,-0.08715574274765825,-0.9961946980917455
RGI60-11.00678,2000-01-01_2020-01-01,56000.0,-0.5305,0.4061,11,False,RGI60-11.00678,0.056,2073,2194,2140,17.9,58,361,8.94371,46.9327,0.5299192642332049,0.8480480961564261
RGI60-11.00679,2000-01-01_2020-01-01,189000.0,-0.5724,0.2502,11,False,RGI60-11.00679,0.189,3062,3361,3233,25.3,120,571,10.7897,46.9163,-0.4999999999999998,0.8660254037844387
RGI60-11.00680,2000-01-01_2020-01-01,161000.0,-0.8636,0.3141,11,False,RGI60-11.00680,0.161,2846,2966,2900,15.2,22,430,12.0622,46.8887,0.9271838545667874,0.374606593415912
RGI60-11.00681,2000-01-01_2020-01-01,12000.0,-0.5963718926974675,0.4007490312965724,11,True,RGI60-11.00681,0.012,3183,3245,3219,25.8,73,112,10.8668,46.9152,0.29237170472273677,0.9563047559630354
RGI60-11.00682,2000-01-01_2020-01-01,120000.0,-1.7785,0.5075,11,False,RGI60-11.00682,0.12,2701,2795,2739,11.1,6,434,12.074,46.8874,0.9945218953682733,0.10452846326765347
RGI60-11.00683,2000-01-01_2020-01-01,13000.0,-0.4131,0.5204,11,False,RGI60-11.00683,0.013,3144,3218,3188,25.4,162,177,10.8541,46.9136,-0.9510565162951535,0.3090169943749475
RGI60-11.00684,2000-01-01_2020-01-01,340000.0,-0.9673,0.3189,11,False,RGI60-11.00684,0.34,2934,3333,3065,27.1,112,800,10.7805,46.9097,-0.37460659341591207,0.9271838545667874
RGI60-11.00685,2000-01-01_2020-01-01,286000.0,-0.9543,0.3359,11,False,RGI60-11.00685,0.286,2505,2840,2593,24.3,89,657,9.25816,46.924,0.0174524064372836,0.9998476951563913
RGI60-11.00686,2000-01-01_2020-01-01,16000.0,-0.5963718926974675,0.4007490312965724,11,True,RGI60-11.00686,0.016,3144,3193,3171,23.0,354,125,10.8882,46.9099,0.9945218953682733,-0.10452846326765342
RGI60-11.00687,2000-01-01_2020-01-01,5361000.0,-0.5699,0.1348,11,False,RGI60-11.00687,5.361,2247,3715,3228,17.3,330,5151,10.8546,46.8956,0.8660254037844384,-0.5000000000000004
RGI60-11.00688,2000-01-01_2020-01-01,28000.0,-0.0815,0.3042,11,False,RGI60-11.00688,0.028,2917,2980,2949,17.1,275,202,9.24853,46.921,0.08715574274765789,-0.9961946980917455
RGI60-11.00689,2000-01-01_2020-01-01,553000.0,-0.7839,0.2583,11,False,RGI60-11.00689,0.553,2576,2999,2759,20.8,103,1017,9.25535,46.9171,-0.22495105434386503,0.9743700647852352
RGI60-11.00690,2000-01-01_2020-01-01,13000.0,-0.5963718926974675,0.4007490312965724,11,True,RGI60-11.00690,0.013,2979,3069,3017,32.9,75,106,10.9118,46.901,0.25881904510252074,0.9659258262890683
RGI60-11.00691,2000-01-01_2020-01-01,1120000.0,-0.9849,0.2642,11,False,RGI60-11.00691,1.12,2524,3139,2745,19.7,10,1427,10.2192,46.9035,0.984807753012208,0.17364817766693033
RGI60-11.00692,2000-01-01_2020-01-01,56000.0,-0.9715,0.6441,11,False,RGI60-11.00692,0.056,2811,3035,2874,25.4,8,434,10.6803,46.9029,0.9902680687415704,0.13917310096006544
RGI60-11.00693,2000-01-01_2020-01-01,29000.0,-0.7004,0.5856,11,False,RGI60-11.00693,0.029,2902,3030,2977,28.4,321,215,10.6895,46.9034,0.7771459614569706,-0.6293203910498378
RGI60-11.00694,2000-01-01_2020-01-01,157000.0,-0.9224,0.3585,11,False,RGI60-11.00694,0.157,2910,3184,3020,23.7,323,537,10.6705,46.9012,0.7986355100472928,-0.6018150231520483
RGI60-11.00695,2000-01-01_2020-01-01,666000.0,-1.0503,0.3153,11,False,RGI60-11.00695,0.666,2601,3030,2769,20.8,139,1107,9.24825,46.9105,-0.754709580222772,0.6560590289905073
RGI60-11.00696,2000-01-01_2020-01-01,11000.0,-0.5963718926974675,0.4007490312965724,11,True,RGI60-11.00696,0.011,2838,2917,2864,34.4,342,112,10.6833,46.9033,0.9510565162951535,-0.3090169943749477
RGI60-11.00697,2000-01-01_2020-01-01,1115000.0,-0.7213,0.194,11,False,RGI60-11.00697,1.115,2591,3337,3049,22.7,3,1863,10.8186,46.8924,0.9986295347545738,0.052335956242943835
RGI60-11.00698,2000-01-01_2020-01-01,1738000.0,-0.6869,0.1718,11,False,RGI60-11.00698,1.738,2609,3502,3061,25.0,356,2214,10.7988,46.89,0.9975640502598242,-0.06975647374412564
RGI60-11.00699,2000-01-01_2020-01-01,69000.0,-0.5497,0.3888,11,False,RGI60-11.00699,0.069,2966,3243,3100,37.6,349,357,10.8459,46.8976,0.981627183447664,-0.19080899537654467
RGI60-11.00700,2000-01-01_2020-01-01,14000.0,-0.331,0.4962,11,False,RGI60-11.00700,0.014,2718,2792,2745,18.7,292,224,10.2048,46.9066,0.37460659341591196,-0.9271838545667874
RGI60-11.00701,2000-01-01_2020-01-01,534000.0,-0.3585,0.1862,11,False,RGI60-11.00701,0.534,2744,3386,3166,34.3,340,923,10.8376,46.8933,0.9396926207859084,-0.3420201433256686
RGI60-11.00702,2000-01-01_2020-01-01,207000.0,-0.9106,0.363,11,False,RGI60-11.00702,0.207,2876,3208,3018,30.6,60,620,10.9122,46.8945,0.5000000000000001,0.8660254037844386
RGI60-11.00703,2000-01-01_2020-01-01,30000.0,-0.447,0.4662,11,False,RGI60-11.00703,0.03,3383,3476,3438,29.5,324,177,10.8736,46.8956,0.8090169943749473,-0.5877852522924734
RGI60-11.00704,2000-01-01_2020-01-01,16000.0,-0.7471,0.7704,11,False,RGI60-11.00704,0.016,2713,2762,2744,19.2,92,127,9.25749,46.9115,-0.034899496702500955,0.9993908270190958
RGI60-11.00705,2000-01-01_2020-01-01,160000.0,-0.8882,0.3455,11,False,RGI60-11.00705,0.16,2663,2828,2717,21.9,11,372,10.1548,46.9028,0.981627183447664,0.1908089953765448
RGI60-11.00706,2000-01-01_2020-01-01,71000.0,-0.6861,0.4169,11,False,RGI60-11.00706,0.071,2725,2978,2878,34.7,334,403,10.8263,46.8943,0.8987940462991668,-0.4383711467890778
RGI60-11.00707,2000-01-01_2020-01-01,11000.0,-0.5963718926974675,0.4007490312965724,11,True,RGI60-11.00707,0.011,2775,2803,2788,15.4,334,79,9.25601,46.9095,0.8987940462991668,-0.4383711467890778
RGI60-11.00708,2000-01-01_2020-01-01,280000.0,-0.7415,0.2567,11,False,RGI60-11.00708,0.28,2765,3094,2931,24.7,17,872,10.7848,46.8921,0.9563047559630354,0.29237170472273677
RGI60-11.00709,2000-01-01_2020-01-01,17000.0,-0.3171,0.4207,11,False,RGI60-11.00709,0.017,3133,3195,3162,20.7,98,160,10.6714,46.8966,-0.13917310096006535,0.9902680687415704
RGI60-11.00710,2000-01-01_2020-01-01,258000.0,-1.2041,0.3616,11,False,RGI60-11.00710,0.258,2688,3012,2873,25.0,348,852,10.2029,46.8995,0.9781476007338056,-0.20791169081775987
RGI60-11.00711,2000-01-01_2020-01-01,58000.0,-0.5266,0.3358,11,False,RGI60-11.00711,0.058,3030,3151,3072,19.6,342,280,10.7765,46.8941,0.9510565162951535,-0.3090169943749477
RGI60-11.00712,2000-01-01_2020-01-01,138000.0,-0.6754,0.3291,11,False,RGI60-11.00712,0.138,2825,3179,2982,29.3,339,627,10.7711,46.8928,0.9335804264972015,-0.35836794954530077
RGI60-11.00713,2000-01-01_2020-01-01,147000.0,-0.7743,0.32,11,False,RGI60-11.00713,0.147,2670,2893,2749,19.5,312,630,10.1495,46.9003,0.6691306063588578,-0.7431448254773946
RGI60-11.00714,2000-01-01_2020-01-01,12000.0,-0.5963718926974675,0.4007490312965724,11,True,RGI60-11.00714,0.012,2770,2831,2811,37.3,355,79,10.7921,46.894,0.9961946980917455,-0.08715574274765832
RGI60-11.00715,2000-01-01_2020-01-01,54000.0,-0.4016,0.4388,11,False,RGI60-11.00715,0.054,2787,3026,2893,35.8,14,389,10.6599,46.894,0.9702957262759965,0.24192189559966773
RGI60-11.00716,2000-01-01_2020-01-01,115000.0,-0.7817,0.3409,11,False,RGI60-11.00716,0.115,3031,3232,3137,24.0,96,477,10.6703,46.8934,-0.10452846326765355,0.9945218953682733
RGI60-11.00717,2000-01-01_2020-01-01,11000.0,-0.5963718926974675,0.4007490312965724,11,True,RGI60-11.00717,0.011,2820,2898,2859,31.5,351,103,10.7894,46.893,0.9876883405951377,-0.1564344650402311
RGI60-11.00718,2000-01-01_2020-01-01,163000.0,-1.1151,0.3993,11,False,RGI60-11.00718,0.163,3027,3195,3102,24.3,144,436,10.8956,46.8874,-0.8090169943749473,0.5877852522924732
RGI60-11.00719,2000-01-01_2020-01-01,8559000.0,-0.9131,0.154,11,False,RGI60-11.00719,8.559,2810,3559,3142,14.7,165,3087,10.818,46.8762,-0.9659258262890682,0.258819045102521
RGI60-11.00720,2000-01-01_2020-01-01,1112000.0,-0.7414,0.1795,11,False,RGI60-11.00720,1.112,2930,3653,3294,22.8,122,1783,10.8784,46.8837,-0.5299192642332048,0.8480480961564261
RGI60-11.00721,2000-01-01_2020-01-01,94000.0,-1.146,0.4583,11,False,RGI60-11.00721,0.094,2569,2759,2674,24.3,31,437,10.0262,46.8986,0.8571673007021123,0.5150380749100542
RGI60-11.00722,2000-01-01_2020-01-01,89000.0,-0.6363,0.4213,11,False,RGI60-11.00722,0.089,2780,2912,2831,26.0,55,372,11.0884,46.8829,0.573576436351046,0.8191520442889918
RGI60-11.00723,2000-01-01_2020-01-01,93000.0,-0.8969,0.4567,11,False,RGI60-11.00723,0.093,2762,2988,2836,30.6,74,326,10.2326,46.896,0.27563735581699916,0.9612616959383189
RGI60-11.00724,2000-01-01_2020-01-01,14000.0,-0.5963718926974675,0.4007490312965724,11,True,RGI60-11.00724,0.014,3090,3174,3116,25.5,143,180,10.9065,46.8872,-0.7986355100472929,0.6018150231520482
RGI60-11.00725,2000-01-01_2020-01-01,84000.0,-0.4414,0.2637,11,False,RGI60-11.00725,0.084,3075,3201,3118,22.4,163,407,10.7742,46.8884,-0.9563047559630355,0.2923717047227366
RGI60-11.00726,2000-01-01_2020-01-01,257000.0,-0.4113,0.206,11,False,RGI60-11.00726,0.257,3023,3238,3171,20.4,19,440,10.9908,46.8838,0.9455185755993168,0.3255681544571567
RGI60-11.00727,2000-01-01_2020-01-01,288000.0,-0.916,0.3005,11,False,RGI60-11.00727,0.288,2755,3091,2873,20.4,224,925,10.2189,46.8932,-0.7193398003386511,-0.6946583704589973
RGI60-11.00728,2000-01-01_2020-01-01,32000.0,-0.6917,0.7213,11,False,RGI60-11.00728,0.032,2685,2782,2709,21.5,341,214,10.1452,46.8956,0.9455185755993168,-0.3255681544571567
RGI60-11.00729,2000-01-01_2020-01-01,32000.0,-0.301,0.3359,11,False,RGI60-11.00729,0.032,3246,3318,3283,22.0,179,180,10.8875,46.8842,-0.9998476951563913,0.01745240643728344
RGI60-11.00730,2000-01-01_2020-01-01,373000.0,-1.0139,0.3416,11,False,RGI60-11.00730,0.373,2486,2934,2663,26.9,29,815,10.0358,46.8915,0.8746197071393957,0.48480962024633706
RGI60-11.00731,2000-01-01_2020-01-01,428000.0,-0.9233,0.3005,11,False,RGI60-11.00731,0.428,3068,3546,3260,24.8,121,1294,10.8554,46.8798,-0.5150380749100543,0.8571673007021123
RGI60-11.00732,2000-01-01_2020-01-01,465000.0,-0.9041,0.2264,11,False,RGI60-11.00732,0.465,2898,3113,2993,17.8,270,865,10.7844,46.8815,-1.8369701987210297e-16,-1.0
RGI60-11.00733,2000-01-01_2020-01-01,60000.0,-1.0436,0.6705,11,False,RGI60-11.00733,0.06,2745,2911,2814,26.3,74,340,10.2349,46.8916,0.27563735581699916,0.9612616959383189
RGI60-11.00734,2000-01-01_2020-01-01,328000.0,-1.1142,0.3155,11,False,RGI60-11.00734,0.328,2619,2877,2751,18.9,318,808,10.0247,46.8912,0.7431448254773942,-0.6691306063588581
RGI60-11.00735,2000-01-01_2020-01-01,161000.0,-1.0429,0.38,11,False,RGI60-11.00735,0.161,2669,2844,2774,18.7,346,506,10.0508,46.8915,0.9702957262759965,-0.24192189559966787
RGI60-11.00736,2000-01-01_2020-01-01,181000.0,-1.4119,0.4223,11,False,RGI60-11.00736,0.181,2642,2884,2771,22.1,58,695,10.1484,46.8896,0.5299192642332049,0.8480480961564261
RGI60-11.00737,2000-01-01_2020-01-01,23000.0,-0.4389,0.5177,11,False,RGI60-11.00737,0.023,3295,3394,3341,38.2,204,190,10.8608,46.8817,-0.9135454576426009,-0.4067366430758002
RGI60-11.00738,2000-01-01_2020-01-01,11000.0,-0.5963718926974675,0.4007490312965724,11,True,RGI60-11.00738,0.011,2777,2825,2804,21.1,39,141,10.2362,46.8898,0.7771459614569709,0.6293203910498374
RGI60-11.00739,2000-01-01_2020-01-01,407000.0,-0.4674,0.2144,11,False,RGI60-11.00739,0.407,2659,3338,3120,27.0,354,1548,10.9748,46.8717,0.9945218953682733,-0.10452846326765342
RGI60-11.00740,2000-01-01_2020-01-01,17000.0,-0.0483,0.6715,11,False,RGI60-11.00740,0.017,3061,3227,3134,42.8,268,158,10.2244,46.8896,-0.03489949670250076,-0.9993908270190958
RGI60-11.00741,2000-01-01_2020-01-01,20000.0,-0.5963718926974675,0.4007490312965724,11,True,RGI60-11.00741,0.02,2895,2954,2932,22.5,80,160,10.2336,46.8873,0.17364817766693041,0.984807753012208
RGI60-11.00742,2000-01-01_2020-01-01,49000.0,-0.9951,0.794,11,False,RGI60-11.00742,0.049,2600,2756,2675,38.6,41,226,10.1552,46.8868,0.754709580222772,0.6560590289905073
RGI60-11.00743,2000-01-01_2020-01-01,55000.0,-1.2156,0.7178,11,False,RGI60-11.00743,0.055,2748,2932,2834,31.2,74,276,10.0422,46.886,0.27563735581699916,0.9612616959383189
RGI60-11.00744,2000-01-01_2020-01-01,279000.0,-0.5462,0.2282,11,False,RGI60-11.00744,0.279,2810,2993,2887,16.4,283,610,10.2297,46.8816,0.22495105434386492,-0.9743700647852352
RGI60-11.00745,2000-01-01_2020-01-01,363000.0,-0.744,0.2236,11,False,RGI60-11.00745,0.363,2929,3259,3069,18.7,318,897,10.9671,46.8705,0.7431448254773942,-0.6691306063588581
RGI60-11.00746,2000-01-01_2020-01-01,16624000.0,-0.7081,0.1227,11,False,RGI60-11.00746,16.624,2140,3488,3093,11.3,7,8242,10.757,46.8489,0.992546151641322,0.12186934340514748
RGI60-11.00747,2000-01-01_2020-01-01,11000.0,-0.7383,0.921,11,False,RGI60-11.00747,0.011,3133,3184,3160,31.4,115,75,10.983,46.8722,-0.42261826174069933,0.90630778703665
RGI60-11.00748,2000-01-01_2020-01-01,50000.0,-0.6287,0.4547,11,False,RGI60-11.00748,0.05,2755,2851,2795,24.3,303,206,10.1481,46.8827,0.5446390350150266,-0.8386705679454243
RGI60-11.00749,2000-01-01_2020-01-01,168000.0,-1.2438,0.3947,11,False,RGI60-11.00749,0.168,2952,3190,3047,22.9,90,549,10.986,46.8701,6.123233995736766e-17,1.0
RGI60-11.00750,2000-01-01_2020-01-01,163000.0,-1.0077,0.3663,11,False,RGI60-11.00750,0.163,2656,2816,2754,21.4,26,406,10.0492,46.8797,0.898794046299167,0.4383711467890774
RGI60-11.00751,2000-01-01_2020-01-01,175000.0,-0.8449,0.3018,11,False,RGI60-11.00751,0.175,2632,2866,2740,23.3,322,515,10.1415,46.8795,0.788010753606722,-0.6156614753256582
RGI60-11.00752,2000-01-01_2020-01-01,1439000.0,-1.089,0.2109,11,False,RGI60-11.00752,1.439,2619,2976,2717,10.5,93,1854,9.16752,46.8792,-0.05233595624294384,0.9986295347545738
RGI60-11.00753,2000-01-01_2020-01-01,113000.0,-0.9834,0.373,11,False,RGI60-11.00753,0.113,3199,3358,3282,21.1,126,489,10.8488,46.8693,-0.587785252292473,0.8090169943749475
RGI60-11.00754,2000-01-01_2020-01-01,244000.0,-0.8888,0.3107,11,False,RGI60-11.00754,0.244,2627,2923,2741,18.6,322,923,10.1347,46.8767,0.788010753606722,-0.6156614753256582
RGI60-11.00755,2000-01-01_2020-01-01,543000.0,-1.1642,0.253,11,False,RGI60-11.00755,0.543,2621,3010,2816,20.4,53,1204,10.1478,46.8755,0.6018150231520484,0.7986355100472928
RGI60-11.00756,2000-01-01_2020-01-01,49000.0,-0.4101,0.4065,11,False,RGI60-11.00756,0.049,2858,2960,2898,29.1,27,206,10.6741,46.8724,0.8910065241883679,0.45399049973954675
RGI60-11.00757,2000-01-01_2020-01-01,14000.0,-0.5963718926974675,0.4007490312965724,11,True,RGI60-11.00757,0.014,3160,3219,3181,24.0,266,127,10.9697,46.8671,-0.06975647374412558,-0.9975640502598242
RGI60-11.00758,2000-01-01_2020-01-01,75000.0,-0.9416,0.5417,11,False,RGI60-11.00758,0.075,2673,2806,2744,22.3,350,347,10.0816,46.8781,0.984807753012208,-0.1736481776669304
RGI60-11.00759,2000-01-01_2020-01-01,30000.0,-0.6717,0.6182,11,False,RGI60-11.00759,0.03,2841,2944,2862,17.7,332,236,10.2258,46.8764,0.882947592858927,-0.4694715627858908
RGI60-11.00760,2000-01-01_2020-01-01,40000.0,-0.9192,0.7195,11,False,RGI60-11.00760,0.04,2964,3113,3024,27.8,100,285,10.2345,46.8756,-0.1736481776669303,0.984807753012208
RGI60-11.00761,2000-01-01_2020-01-01,93000.0,-0.8085,0.5539,11,False,RGI60-11.00761,0.093,2228,2459,2291,23.8,52,540,9.07234,46.8816,0.6156614753256583,0.788010753606722
RGI60-11.00762,2000-01-01_2020-01-01,121000.0,-0.7697,0.3089,11,False,RGI60-11.00762,0.121,2992,3222,3088,21.2,259,562,10.967,46.8646,-0.1908089953765446,-0.981627183447664
RGI60-11.00763,2000-01-01_2020-01-01,14000.0,-0.5963718926974675,0.4007490312965724,11,True,RGI60-11.00763,0.014,2671,2732,2681,28.0,356,79,10.1546,46.876,0.9975640502598242,-0.06975647374412564
RGI60-11.00764,2000-01-01_2020-01-01,413000.0,-0.8902,0.2643,11,False,RGI60-11.00764,0.413,2646,2984,2816,23.1,31,776,10.0873,46.8726,0.8571673007021123,0.5150380749100542
RGI60-11.00765,2000-01-01_2020-01-01,36000.0,-0.7064,0.5068,11,False,RGI60-11.00765,0.036,2810,2896,2859,17.0,62,292,10.2404,46.8742,0.46947156278589086,0.8829475928589269
RGI60-11.00766,2000-01-01_2020-01-01,564000.0,-0.5894,0.1904,11,False,RGI60-11.00766,0.564,3022,3266,3152,21.5,83,707,10.9779,46.8585,0.12186934340514749,0.992546151641322
RGI60-11.00767,2000-01-01_2020-01-01,308000.0,-1.0242,0.334,11,False,RGI60-11.00767,0.308,2653,2954,2740,25.4,35,544,10.1976,46.8705,0.8191520442889918,0.573576436351046
RGI60-11.00768,2000-01-01_2020-01-01,40000.0,-0.2719,0.3152,11,False,RGI60-11.00768,0.04,2809,2911,2849,19.5,43,266,10.6954,46.8662,0.7313537016191705,0.6819983600624985
RGI60-11.00769,2000-01-01_2020-01-01,95000.0,-0.7132,0.3277,11,False,RGI60-11.00769,0.095,2904,3020,2958,18.8,8,380,10.1891,46.8717,0.9902680687415704,0.13917310096006544
RGI60-11.00770,2000-01-01_2020-01-01,2485000.0,-0.9833,0.1862,11,False,RGI60-11.00770,2.485,2631,3475,2931,19.5,358,2558,10.7127,46.8548,0.9993908270190958,-0.034899496702500823
RGI60-11.00771,2000-01-01_2020-01-01,27000.0,-1.3192,1.172,11,False,RGI60-11.00771,0.027,2207,2337,2270,35.5,44,175,9.07763,46.8786,0.7193398003386512,0.6946583704589973
RGI60-11.00772,2000-01-01_2020-01-01,21000.0,-0.5963718926974675,0.4007490312965724,11,True,RGI60-11.00772,0.021,2179,2347,2238,33.4,11,237,9.08109,46.8776,0.981627183447664,0.1908089953765448
RGI60-11.00773,2000-01-01_2020-01-01,336000.0,-1.017,0.2911,11,False,RGI60-11.00773,0.336,2686,3004,2819,20.8,323,1014,10.1335,46.8704,0.7986355100472928,-0.6018150231520483
RGI60-11.00774,2000-01-01_2020-01-01,470000.0,-0.8257,0.2353,11,False,RGI60-11.00774,0.47,2617,3098,2865,20.5,300,1247,10.0774,46.8683,0.5000000000000001,-0.8660254037844386
RGI60-11.00775,2000-01-01_2020-01-01,128000.0,-0.2436,0.2482,11,False,RGI60-11.00775,0.128,2789,2900,2862,17.7,304,437,9.14807,46.874,0.559192903470747,-0.8290375725550416
RGI60-11.00776,2000-01-01_2020-01-01,240000.0,-1.1276,0.3507,11,False,RGI60-11.00776,0.24,2726,3018,2825,21.8,114,779,10.145,46.8682,-0.40673664307580026,0.9135454576426009
RGI60-11.00777,2000-01-01_2020-01-01,581000.0,-0.9994,0.2769,11,False,RGI60-11.00777,0.581,2572,2959,2768,24.4,97,839,9.07298,46.8709,-0.12186934340514737,0.9925461516413221
RGI60-11.00778,2000-01-01_2020-01-01,421000.0,-0.8061,0.2516,11,False,RGI60-11.00778,0.421,2562,3052,2869,24.6,337,1224,10.1845,46.8651,0.9205048534524403,-0.3907311284892739
RGI60-11.00779,2000-01-01_2020-01-01,1375000.0,-0.8536,0.1861,11,False,RGI60-11.00779,1.375,2829,3441,3154,19.5,104,2033,10.8009,46.8542,-0.24192189559966779,0.9702957262759965
RGI60-11.00780,2000-01-01_2020-01-01,18000.0,-0.5963718926974675,0.4007490312965724,11,True,RGI60-11.00780,0.018,2907,2937,2922,17.1,310,112,9.15276,46.874,0.6427876096865393,-0.7660444431189781
RGI60-11.00781,2000-01-01_2020-01-01,3821000.0,-1.0659,0.1792,11,False,RGI60-11.00781,3.821,2426,3107,2813,18.0,15,2517,10.1603,46.8577,0.9659258262890683,0.25881904510252074
RGI60-11.00782,2000-01-01_2020-01-01,1078000.0,-0.7485,0.1885,11,False,RGI60-11.00782,1.078,2795,3411,3081,21.3,330,1711,10.964,46.853,0.8660254037844384,-0.5000000000000004
RGI60-11.00783,2000-01-01_2020-01-01,22000.0,-0.4627,0.4528,11,False,RGI60-11.00783,0.022,2947,3008,2977,24.7,93,146,10.6981,46.8602,-0.05233595624294384,0.9986295347545738
RGI60-11.00784,2000-01-01_2020-01-01,498000.0,-1.2544,0.2871,11,False,RGI60-11.00784,0.498,2628,3089,2793,23.2,55,1134,10.0936,46.8637,0.573576436351046,0.8191520442889918
RGI60-11.00785,2000-01-01_2020-01-01,226000.0,-0.9304,0.3134,11,False,RGI60-11.00785,0.226,2796,3059,2912,21.1,28,713,10.2555,46.8624,0.882947592858927,0.4694715627858908
RGI60-11.00786,2000-01-01_2020-01-01,153000.0,-1.1677,0.4059,11,False,RGI60-11.00786,0.153,2937,3159,3023,20.9,221,551,10.198,46.8647,-0.7547095802227721,-0.656059028990507
RGI60-11.00787,2000-01-01_2020-01-01,3965000.0,-0.5148,0.1363,11,False,RGI60-11.00787,3.965,2773,3460,3185,11.6,123,4202,10.7907,46.8424,-0.5446390350150271,0.838670567945424
RGI60-11.00788,2000-01-01_2020-01-01,35000.0,-1.0355,0.9947,11,False,RGI60-11.00788,0.035,2611,2752,2666,33.4,1,160,10.1757,46.8643,0.9998476951563913,0.01745240643728351
RGI60-11.00789,2000-01-01_2020-01-01,313000.0,-0.8786,0.3318,11,False,RGI60-11.00789,0.313,2521,2882,2696,28.1,116,750,9.0586,46.8668,-0.4383711467890775,0.8987940462991669
RGI60-11.00790,2000-01-01_2020-01-01,104000.0,-1.1159,0.4813,11,False,RGI60-11.00790,0.104,2939,3178,3090,24.6,67,562,10.2064,46.864,0.3907311284892737,0.9205048534524404
RGI60-11.00791,2000-01-01_2020-01-01,395000.0,-0.8964,0.26,11,False,RGI60-11.00791,0.395,2667,3131,2934,19.4,282,1471,10.0773,46.8634,0.20791169081775943,-0.9781476007338056
RGI60-11.00792,2000-01-01_2020-01-01,50000.0,-1.211,0.7822,11,False,RGI60-11.00792,0.05,2816,2943,2867,19.6,292,460,10.1375,46.8645,0.37460659341591196,-0.9271838545667874
RGI60-11.00793,2000-01-01_2020-01-01,655000.0,-0.9777,0.2218,11,False,RGI60-11.00793,0.655,2764,3045,2950,14.7,121,1232,10.1904,46.8584,-0.5150380749100543,0.8571673007021123
RGI60-11.00794,2000-01-01_2020-01-01,34000.0,-0.4938,0.5227,11,False,RGI60-11.00794,0.034,2693,2826,2752,29.1,140,224,9.14891,46.8692,-0.7660444431189779,0.6427876096865395
RGI60-11.00795,2000-01-01_2020-01-01,54000.0,-0.4003,0.4071,11,False,RGI60-11.00795,0.054,2548,2699,2621,24.5,352,472,10.0631,46.8635,0.9902680687415703,-0.13917310096006588
RGI60-11.00796,2000-01-01_2020-01-01,274000.0,-0.5963718926974675,0.4007490312965724,11,True,RGI60-11.00796,0.274,2499,2734,2619,21.9,32,606,8.53898,46.865,0.848048096156426,0.5299192642332049
RGI60-11.00797,2000-01-01_2020-01-01,2354000.0,-0.9997,0.172,11,False,RGI60-11.00797,2.354,2403,3109,2910,17.7,13,2548,10.1054,46.8515,0.9743700647852352,0.224951054343865
RGI60-11.00798,2000-01-01_2020-01-01,11000.0,-0.5963718926974675,0.4007490312965724,11,True,RGI60-11.00798,0.011,2674,2729,2702,21.6,130,141,9.14833,46.8672,-0.6427876096865394,0.766044443118978
RGI60-11.00799,2000-01-01_2020-01-01,25000.0,-0.8048,0.6881,11,False,RGI60-11.00799,0.025,2854,2969,2913,25.7,84,206,10.1429,46.8611,0.10452846326765346,0.9945218953682733
RGI60-11.00800,2000-01-01_2020-01-01,351000.0,-0.6892,0.2459,11,False,RGI60-11.00800,0.351,2644,2940,2817,22.4,346,617,8.91744,46.8635,0.9702957262759965,-0.24192189559966787
RGI60-11.00801,2000-01-01_2020-01-01,25000.0,-0.1951,0.4344,11,False,RGI60-11.00801,0.025,2952,3072,2987,26.1,104,246,10.9792,46.8496,-0.24192189559966779,0.9702957262759965
RGI60-11.00802,2000-01-01_2020-01-01,54000.0,-0.3889,0.4003,11,False,RGI60-11.00802,0.054,3274,3482,3423,31.9,358,316,10.9575,46.8484,0.9993908270190958,-0.034899496702500823
RGI60-11.00803,2000-01-01_2020-01-01,541000.0,-1.3082,0.4186,11,False,RGI60-11.00803,0.541,2525,2986,2635,20.9,131,1512,9.05097,46.8591,-0.6560590289905072,0.7547095802227721
RGI60-11.00804,2000-01-01_2020-01-01,2880000.0,-0.9693,0.1555,11,False,RGI60-11.00804,2.88,2478,3107,2781,12.9,292,3151,10.0766,46.8524,0.37460659341591196,-0.9271838545667874
RGI60-11.00805,2000-01-01_2020-01-01,101000.0,-0.8835,0.4713,11,False,RGI60-11.00805,0.101,2665,3037,2787,27.4,342,672,11.069,46.8438,0.9510565162951535,-0.3090169943749477
RGI60-11.00806,2000-01-01_2020-01-01,294000.0,-0.857,0.2871,11,False,RGI60-11.00806,0.294,3126,3358,3254,17.1,133,838,10.9669,46.8431,-0.6819983600624984,0.7313537016191706
RGI60-11.00807,2000-01-01_2020-01-01,1677000.0,-0.983,0.2012,11,False,RGI60-11.00807,1.677,2526,3062,2801,16.2,323,1899,10.1309,46.8529,0.7986355100472928,-0.6018150231520483
RGI60-11.00808,2000-01-01_2020-01-01,27000.0,-0.3629,0.4661,11,False,RGI60-11.00808,0.027,3139,3291,3219,34.1,143,270,10.9726,46.8468,-0.7986355100472929,0.6018150231520482
RGI60-11.00809,2000-01-01_2020-01-01,385000.0,-0.9073,0.2583,11,False,RGI60-11.00809,0.385,2762,3021,2853,17.8,187,960,10.1793,46.8518,-0.9925461516413221,-0.12186934340514731
RGI60-11.00810,2000-01-01_2020-01-01,24000.0,0.2545,0.6355,11,False,RGI60-11.00810,0.024,2446,2560,2497,30.9,40,177,8.47074,46.8606,0.766044443118978,0.6427876096865393
RGI60-11.00811,2000-01-01_2020-01-01,319000.0,-0.4418,0.1944,11,False,RGI60-11.00811,0.319,2812,3165,2991,25.9,37,700,11.0753,46.8399,0.7986355100472928,0.6018150231520483
RGI60-11.00812,2000-01-01_2020-01-01,44000.0,-0.5718,0.4942,11,False,RGI60-11.00812,0.044,2810,3031,2939,33.1,6,285,11.0653,46.8417,0.9945218953682733,0.10452846326765347
RGI60-11.00813,2000-01-01_2020-01-01,141000.0,-0.6218,0.3692,11,False,RGI60-11.00813,0.141,2587,2788,2705,18.0,63,611,8.54017,46.8592,0.4539904997395468,0.8910065241883678
RGI60-11.00814,2000-01-01_2020-01-01,63000.0,-0.649,0.3907,11,False,RGI60-11.00814,0.063,3123,3297,3232,24.5,122,387,10.7998,46.8465,-0.5299192642332048,0.8480480961564261
RGI60-11.00815,2000-01-01_2020-01-01,19000.0,-0.1442,0.2738,11,False,RGI60-11.00815,0.019,2888,2920,2904,9.5,176,180,10.6979,46.8477,-0.9975640502598242,0.06975647374412552
RGI60-11.00816,2000-01-01_2020-01-01,26000.0,-1.4988,1.1799,11,False,RGI60-11.00816,0.026,2534,2668,2591,37.6,50,146,8.47102,46.8583,0.6427876096865394,0.766044443118978
RGI60-11.00817,2000-01-01_2020-01-01,661000.0,-1.2188,0.2625,11,False,RGI60-11.00817,0.661,2544,2896,2683,14.3,122,1136,8.90822,46.8541,-0.5299192642332048,0.8480480961564261
RGI60-11.00818,2000-01-01_2020-01-01,19000.0,-0.5817,0.5734,11,False,RGI60-11.00818,0.019,2930,2982,2957,17.0,113,168,10.1912,46.8533,-0.3907311284892738,0.9205048534524403
RGI60-11.00819,2000-01-01_2020-01-01,453000.0,-1.0748,0.367,11,False,RGI60-11.00819,0.453,2540,2815,2635,13.2,132,1447,8.9174,46.8547,-0.6691306063588582,0.7431448254773942
RGI60-11.00820,2000-01-01_2020-01-01,255000.0,-0.6559,0.2402,11,False,RGI60-11.00820,0.255,2966,3259,3148,21.0,231,929,10.7082,46.844,-0.6293203910498378,-0.7771459614569706
RGI60-11.00821,2000-01-01_2020-01-01,158000.0,-0.4641,0.3474,11,False,RGI60-11.00821,0.158,2435,2708,2592,28.1,25,507,8.54923,46.8561,0.9063077870366499,0.42261826174069944
RGI60-11.00822,2000-01-01_2020-01-01,531000.0,-0.7494,0.2146,11,False,RGI60-11.00822,0.531,2922,3209,3027,19.5,40,732,10.8092,46.8417,0.766044443118978,0.6427876096865393
RGI60-11.00823,2000-01-01_2020-01-01,29000.0,-0.7941,0.8223,11,False,RGI60-11.00823,0.029,2334,2446,2387,32.9,41,158,8.50237,46.8566,0.754709580222772,0.6560590289905073
RGI60-11.00824,2000-01-01_2020-01-01,197000.0,-0.8001,0.3461,11,False,RGI60-11.00824,0.197,2513,2850,2739,24.7,332,410,8.89735,46.8555,0.882947592858927,-0.4694715627858908
RGI60-11.00825,2000-01-01_2020-01-01,19000.0,-0.4734,0.5755,11,False,RGI60-11.00825,0.019,2603,2730,2647,29.5,123,255,8.92032,46.8582,-0.5446390350150271,0.838670567945424
RGI60-11.00826,2000-01-01_2020-01-01,1047000.0,-1.4045,0.3093,11,False,RGI60-11.00826,1.047,2104,2675,2225,18.2,26,1819,8.86456,46.8519,0.898794046299167,0.4383711467890774
RGI60-11.00827,2000-01-01_2020-01-01,70000.0,-1.1182,0.5832,11,False,RGI60-11.00827,0.07,2395,2527,2469,23.4,1,309,8.49132,46.8546,0.9998476951563913,0.01745240643728351
RGI60-11.00828,2000-01-01_2020-01-01,745000.0,-0.9556,0.2717,11,False,RGI60-11.00828,0.745,2363,2812,2609,22.2,27,1200,8.5068,46.8507,0.8910065241883679,0.45399049973954675
RGI60-11.00829,2000-01-01_2020-01-01,253000.0,-0.7623,0.2497,11,False,RGI60-11.00829,0.253,2801,3064,2920,24.3,199,635,10.1495,46.8483,-0.9455185755993167,-0.32556815445715676
RGI60-11.00830,2000-01-01_2020-01-01,2210000.0,-1.1751,0.2333,11,False,RGI60-11.00830,2.21,2311,2788,2553,16.0,334,2031,8.53136,46.848,0.8987940462991668,-0.4383711467890778
RGI60-11.00831,2000-01-01_2020-01-01,71000.0,-0.1948,0.2332,11,False,RGI60-11.00831,0.071,2911,3056,2982,21.2,352,448,10.8228,46.8394,0.9902680687415703,-0.13917310096006588
RGI60-11.00832,2000-01-01_2020-01-01,295000.0,-0.5337,0.2279,11,False,RGI60-11.00832,0.295,2704,3074,2880,28.0,39,785,11.0835,46.8329,0.7771459614569709,0.6293203910498374
RGI60-11.00833,2000-01-01_2020-01-01,2047000.0,-1.0262,0.1786,11,False,RGI60-11.00833,2.047,2660,3112,2901,15.5,176,2060,10.0931,46.8393,-0.9975640502598242,0.06975647374412552
RGI60-11.00834,2000-01-01_2020-01-01,811000.0,-0.8787,0.2067,11,False,RGI60-11.00834,0.811,2896,3405,3075,20.4,330,1248,10.956,46.8341,0.8660254037844384,-0.5000000000000004
RGI60-11.00835,2000-01-01_2020-01-01,257000.0,-0.8678,0.3465,11,False,RGI60-11.00835,0.257,2461,2894,2668,32.1,322,792,8.89183,46.852,0.788010753606722,-0.6156614753256582
RGI60-11.00836,2000-01-01_2020-01-01,1026000.0,-0.9017,0.2367,11,False,RGI60-11.00836,1.026,2508,3338,3028,21.8,330,2545,11.0698,46.8264,0.8660254037844384,-0.5000000000000004
RGI60-11.00837,2000-01-01_2020-01-01,27000.0,-0.3663,0.5524,11,False,RGI60-11.00837,0.027,2549,2655,2630,29.8,46,158,8.51584,46.8519,0.6946583704589973,0.7193398003386512
RGI60-11.00838,2000-01-01_2020-01-01,51000.0,-0.9215,0.6259,11,False,RGI60-11.00838,0.051,2715,2849,2791,20.7,122,340,10.1251,46.8469,-0.5299192642332048,0.8480480961564261
RGI60-11.00839,2000-01-01_2020-01-01,95000.0,-0.703,0.3688,11,False,RGI60-11.00839,0.095,2975,3241,3150,27.5,353,507,10.9445,46.8345,0.9925461516413221,-0.12186934340514723
RGI60-11.00840,2000-01-01_2020-01-01,271000.0,-0.6195,0.2328,11,False,RGI60-11.00840,0.271,2852,3263,3011,24.9,274,723,11.0747,46.8311,0.06975647374412522,-0.9975640502598243
RGI60-11.00841,2000-01-01_2020-01-01,651000.0,-0.6966,0.2278,11,False,RGI60-11.00841,0.651,2530,3230,2725,26.9,21,1446,11.0914,46.8286,0.9335804264972017,0.35836794954530027
RGI60-11.00842,2000-01-01_2020-01-01,60000.0,-0.2779,0.2679,11,False,RGI60-11.00842,0.06,2787,2917,2867,23.4,227,313,10.1343,46.8461,-0.6819983600624986,-0.7313537016191705
RGI60-11.00843,2000-01-01_2020-01-01,2404000.0,-0.8031,0.1789,11,False,RGI60-11.00843,2.404,2475,3212,2887,14.4,82,3084,8.89117,46.8442,0.13917310096006547,0.9902680687415704
RGI60-11.00844,2000-01-01_2020-01-01,952000.0,-0.7489,0.1995,11,False,RGI60-11.00844,0.952,2820,3267,3088,17.2,357,1382,10.875,46.8291,0.9986295347545738,-0.05233595624294437
RGI60-11.00845,2000-01-01_2020-01-01,26000.0,-0.699,0.5687,11,False,RGI60-11.00845,0.026,3018,3112,3067,26.4,111,177,10.7097,46.8386,-0.35836794954530027,0.9335804264972017
RGI60-11.00846,2000-01-01_2020-01-01,7816000.0,-0.8181,0.1483,11,False,RGI60-11.00846,7.816,2437,3649,3153,16.3,305,4430,10.7512,46.8247,0.573576436351046,-0.8191520442889918
RGI60-11.00847,2000-01-01_2020-01-01,177000.0,-1.023,0.5081,11,False,RGI60-11.00847,0.177,2346,2831,2562,38.7,338,591,8.88357,46.8493,0.9271838545667873,-0.37460659341591235
RGI60-11.00848,2000-01-01_2020-01-01,822000.0,-1.1594,0.2646,11,False,RGI60-11.00848,0.822,2405,2991,2694,22.6,322,1928,10.0705,46.8414,0.788010753606722,-0.6156614753256582
RGI60-11.00849,2000-01-01_2020-01-01,11000.0,-0.5963718926974675,0.4007490312965724,11,True,RGI60-11.00849,0.011,2668,2757,2702,31.8,312,152,8.54918,46.8494,0.6691306063588578,-0.7431448254773946
RGI60-11.00850,2000-01-01_2020-01-01,152000.0,-0.6233,0.3252,11,False,RGI60-11.00850,0.152,2739,3097,2946,28.5,262,636,10.0801,46.8432,-0.13917310096006583,-0.9902680687415703
RGI60-11.00851,2000-01-01_2020-01-01,50000.0,-1.0946,0.6184,11,False,RGI60-11.00851,0.05,2515,2589,2536,15.3,69,255,9.05566,46.8488,0.3583679495453004,0.9335804264972017
RGI60-11.00852,2000-01-01_2020-01-01,970000.0,-0.7868,0.2179,11,False,RGI60-11.00852,0.97,2485,2825,2601,16.4,283,1205,8.4955,46.8423,0.22495105434386492,-0.9743700647852352
RGI60-11.00853,2000-01-01_2020-01-01,112000.0,-0.5376,0.2952,11,False,RGI60-11.00853,0.112,2813,3094,2977,26.7,283,574,11.0731,46.8283,0.22495105434386492,-0.9743700647852352
RGI60-11.00854,2000-01-01_2020-01-01,48000.0,-0.6702,0.6427,11,False,RGI60-11.00854,0.048,2666,2967,2857,52.9,353,269,8.88185,46.8467,0.9925461516413221,-0.12186934340514723
RGI60-11.00855,2000-01-01_2020-01-01,363000.0,-0.5082,0.1998,11,False,RGI60-11.00855,0.363,2804,3172,2978,21.6,14,913,11.0276,46.8241,0.9702957262759965,0.24192189559966773
RGI60-11.00856,2000-01-01_2020-01-01,14000.0,-0.5963718926974675,0.4007490312965724,11,True,RGI60-11.00856,0.014,2690,2859,2793,39.9,359,206,8.86801,46.8463,0.9998476951563913,-0.01745240643728356
RGI60-11.00857,2000-01-01_2020-01-01,394000.0,-0.6287,0.2314,11,False,RGI60-11.00857,0.394,2790,3093,3008,19.0,353,641,8.85397,46.8436,0.9925461516413221,-0.12186934340514723
RGI60-11.00858,2000-01-01_2020-01-01,65000.0,-0.8372,0.4856,11,False,RGI60-11.00858,0.065,2687,2806,2735,21.1,134,335,9.041,46.8451,-0.6946583704589974,0.7193398003386511
RGI60-11.00859,2000-01-01_2020-01-01,94000.0,-0.823,0.3899,11,False,RGI60-11.00859,0.094,2882,3101,3010,23.8,34,589,11.0228,46.8258,0.8290375725550417,0.5591929034707469
RGI60-11.00860,2000-01-01_2020-01-01,522000.0,-0.9061,0.2477,11,False,RGI60-11.00860,0.522,3100,3401,3232,21.5,136,783,10.7835,46.8288,-0.7193398003386513,0.6946583704589971
RGI60-11.00861,2000-01-01_2020-01-01,69000.0,-0.5091,0.5462,11,False,RGI60-11.00861,0.069,2948,3221,3138,35.7,360,366,8.87185,46.8434,1.0,-2.4492935982947064e-16
RGI60-11.00862,2000-01-01_2020-01-01,415000.0,-0.8982,0.2618,11,False,RGI60-11.00862,0.415,2955,3282,3094,17.9,305,1037,10.9527,46.8255,0.573576436351046,-0.8191520442889918
RGI60-11.00863,2000-01-01_2020-01-01,14000.0,-0.5963718926974675,0.4007490312965724,11,True,RGI60-11.00863,0.014,3011,3089,3055,37.1,342,79,8.86788,46.8435,0.9510565162951535,-0.3090169943749477
RGI60-11.00864,2000-01-01_2020-01-01,32000.0,-0.8178,0.6529,11,False,RGI60-11.00864,0.032,2803,2866,2833,18.5,125,177,11.0975,46.8236,-0.5735764363510462,0.8191520442889917
RGI60-11.00865,2000-01-01_2020-01-01,122000.0,-1.1991,0.5109,11,False,RGI60-11.00865,0.122,2272,2429,2316,17.5,323,530,8.83673,46.8417,0.7986355100472928,-0.6018150231520483
RGI60-11.00866,2000-01-01_2020-01-01,14000.0,-0.5963718926974675,0.4007490312965724,11,True,RGI60-11.00866,0.014,2517,2568,2535,16.9,334,180,10.0168,46.8383,0.8987940462991668,-0.4383711467890778
RGI60-11.00867,2000-01-01_2020-01-01,132000.0,-0.0838,0.3094,11,False,RGI60-11.00867,0.132,2571,2869,2753,31.8,26,452,8.98325,46.8415,0.898794046299167,0.4383711467890774
RGI60-11.00868,2000-01-01_2020-01-01,441000.0,-1.4927,0.4601,11,False,RGI60-11.00868,0.441,2729,3175,2873,21.8,45,943,10.1051,46.8332,0.7071067811865476,0.7071067811865476
RGI60-11.00869,2000-01-01_2020-01-01,71000.0,-1.3703,0.6728,11,False,RGI60-11.00869,0.071,2651,2823,2763,24.1,343,411,10.0428,46.8363,0.9563047559630353,-0.29237170472273716
RGI60-11.00870,2000-01-01_2020-01-01,363000.0,-1.1375,0.297,11,False,RGI60-11.00870,0.363,2668,3139,2767,23.0,245,920,10.063,46.8347,-0.42261826174069916,-0.9063077870366502
RGI60-11.00871,2000-01-01_2020-01-01,2574000.0,-0.7241,0.1738,11,False,RGI60-11.00871,2.574,2479,3394,2983,23.8,1,2336,11.0473,46.8138,0.9998476951563913,0.01745240643728351
RGI60-11.00872,2000-01-01_2020-01-01,12151000.0,-1.0717,0.161,11,False,RGI60-11.00872,12.151,1643,3214,2776,13.1,214,7260,8.85543,46.8211,-0.8290375725550417,-0.5591929034707467
RGI60-11.00873,2000-01-01_2020-01-01,11000.0,-0.5963718926974675,0.4007490312965724,11,True,RGI60-11.00873,0.011,3002,3044,3025,15.6,284,125,10.9471,46.8252,0.24192189559966742,-0.9702957262759966
RGI60-11.00874,2000-01-01_2020-01-01,23000.0,-0.5963718926974675,0.4007490312965724,11,True,RGI60-11.00874,0.023,2683,2802,2711,31.8,25,158,10.01,46.8367,0.9063077870366499,0.42261826174069944
RGI60-11.00875,2000-01-01_2020-01-01,181000.0,-0.7283,0.3051,11,False,RGI60-11.00875,0.181,2856,3259,3061,27.8,262,826,11.0647,46.8214,-0.13917310096006583,-0.9902680687415703
RGI60-11.00876,2000-01-01_2020-01-01,77000.0,-0.4506,0.2939,11,False,RGI60-11.00876,0.077,2917,3105,3006,25.3,329,487,11.018,46.8225,0.8571673007021121,-0.5150380749100545
RGI60-11.00877,2000-01-01_2020-01-01,75000.0,-0.2286,0.2501,11,False,RGI60-11.00877,0.075,2972,3157,3068,29.1,32,316,11.0323,46.8218,0.848048096156426,0.5299192642332049
RGI60-11.00878,2000-01-01_2020-01-01,1742000.0,-0.7962,0.1859,11,False,RGI60-11.00878,1.742,2547,3061,2902,15.3,100,1637,8.88758,46.8333,-0.1736481776669303,0.984807753012208
RGI60-11.00879,2000-01-01_2020-01-01,15000.0,-0.5963718926974675,0.4007490312965724,11,True,RGI60-11.00879,0.015,2740,2787,2766,18.4,35,146,8.99329,46.8403,0.8191520442889918,0.573576436351046
RGI60-11.00880,2000-01-01_2020-01-01,515000.0,-0.8407,0.2356,11,False,RGI60-11.00880,0.515,2631,3264,2987,33.8,143,1123,10.0774,46.8304,-0.7986355100472929,0.6018150231520482
RGI60-11.00881,2000-01-01_2020-01-01,221000.0,-1.1592,0.4131,11,False,RGI60-11.00881,0.221,2296,2492,2365,21.2,348,500,8.82626,46.837,0.9781476007338056,-0.20791169081775987
RGI60-11.00882,2000-01-01_2020-01-01,17000.0,-0.1078,0.2946,11,False,RGI60-11.00882,0.017,2881,2915,2902,17.0,343,103,8.98324,46.8389,0.9563047559630353,-0.29237170472273716
RGI60-11.00883,2000-01-01_2020-01-01,30000.0,-0.706,0.6012,11,False,RGI60-11.00883,0.03,3009,3187,3096,42.2,141,206,11.083,46.8191,-0.7771459614569709,0.6293203910498374
RGI60-11.00884,2000-01-01_2020-01-01,363000.0,-1.0647,0.3236,11,False,RGI60-11.00884,0.363,2343,2632,2447,19.1,13,1222,8.81494,46.8333,0.9743700647852352,0.224951054343865
RGI60-11.00885,2000-01-01_2020-01-01,867000.0,-0.7182,0.193,11,False,RGI60-11.00885,0.867,2944,3433,3165,23.1,123,1203,10.7688,46.8193,-0.5446390350150271,0.838670567945424
RGI60-11.00886,2000-01-01_2020-01-01,2398000.0,-0.9293,0.1899,11,False,RGI60-11.00886,2.398,2744,3463,3117,17.0,326,3159,10.9455,46.8104,0.8290375725550418,-0.5591929034707466
RGI60-11.00887,2000-01-01_2020-01-01,8938000.0,-1.1512,0.1634,11,False,RGI60-11.00887,8.938,2467,3357,3000,11.1,344,6175,10.9827,46.7845,0.9612616959383189,-0.27563735581699894
RGI60-11.00888,2000-01-01_2020-01-01,230000.0,-0.7346,0.326,11,False,RGI60-11.00888,0.23,3023,3355,3180,25.9,52,562,10.8712,46.8198,0.6156614753256583,0.788010753606722
RGI60-11.00889,2000-01-01_2020-01-01,12000.0,-0.5963718926974675,0.4007490312965724,11,True,RGI60-11.00889,0.012,2661,2697,2682,15.5,238,112,10.061,46.8318,-0.529919264233205,-0.848048096156426
RGI60-11.00890,2000-01-01_2020-01-01,265000.0,-0.4831,0.2225,11,False,RGI60-11.00890,0.265,3032,3343,3218,28.4,78,596,10.9589,46.817,0.20791169081775945,0.9781476007338056
RGI60-11.00891,2000-01-01_2020-01-01,13000.0,-0.5963718926974675,0.4007490312965724,11,True,RGI60-11.00891,0.013,2756,2831,2790,29.5,269,146,8.97903,46.8365,-0.017452406437283498,-0.9998476951563913
RGI60-11.00892,2000-01-01_2020-01-01,423000.0,-0.8381,0.2782,11,False,RGI60-11.00892,0.423,2587,2930,2749,17.5,93,949,8.98871,46.833,-0.05233595624294384,0.9986295347545738
RGI60-11.00893,2000-01-01_2020-01-01,662000.0,-0.7186,0.1934,11,False,RGI60-11.00893,0.662,2986,3313,3105,16.5,279,960,11.029,46.8131,0.15643446504023067,-0.9876883405951378
RGI60-11.00894,2000-01-01_2020-01-01,573000.0,-0.7505,0.232,11,False,RGI60-11.00894,0.573,2544,3139,2843,21.9,356,1030,8.83505,46.8317,0.9975640502598242,-0.06975647374412564
RGI60-11.00895,2000-01-01_2020-01-01,314000.0,-0.6786,0.2299,11,False,RGI60-11.00895,0.314,2910,3273,3083,19.5,336,1079,10.8624,46.8155,0.913545457642601,-0.40673664307580015
RGI60-11.00896,2000-01-01_2020-01-01,39000.0,-0.2449,0.6111,11,False,RGI60-11.00896,0.039,2792,3086,2948,33.4,26,553,8.82889,46.8299,0.898794046299167,0.4383711467890774
RGI60-11.00897,2000-01-01_2020-01-01,8036000.0,-1.1003,0.1718,11,False,RGI60-11.00897,8.036,2430,3674,3051,16.2,71,7178,10.7584,46.8003,0.32556815445715676,0.9455185755993167
RGI60-11.00898,2000-01-01_2020-01-01,94000.0,-1.0079,0.5156,11,False,RGI60-11.00898,0.094,3000,3310,3096,24.7,40,636,10.9218,46.8148,0.766044443118978,0.6427876096865393
RGI60-11.00899,2000-01-01_2020-01-01,271000.0,-0.6864,0.3048,11,False,RGI60-11.00899,0.271,2378,2727,2534,21.9,299,1162,8.80623,46.8274,0.4848096202463373,-0.8746197071393956
RGI60-11.00900,2000-01-01_2020-01-01,32000.0,0.3592,0.5487,11,False,RGI60-11.00900,0.032,2874,2994,2937,37.5,327,160,8.81979,46.8288,0.838670567945424,-0.544639035015027
RGI60-11.00901,2000-01-01_2020-01-01,23000.0,-0.0913,0.3355,11,False,RGI60-11.00901,0.023,2786,2846,2808,14.0,98,224,8.98508,46.8286,-0.13917310096006535,0.9902680687415704
RGI60-11.00902,2000-01-01_2020-01-01,61000.0,-0.7046,0.392,11,False,RGI60-11.00902,0.061,3144,3319,3236,28.7,39,340,10.9253,46.8123,0.7771459614569709,0.6293203910498374
RGI60-11.00903,2000-01-01_2020-01-01,1410000.0,-0.7135,0.1708,11,False,RGI60-11.00903,1.41,2675,3509,3060,23.2,358,1995,10.7132,46.8061,0.9993908270190958,-0.034899496702500823
RGI60-11.00904,2000-01-01_2020-01-01,452000.0,-0.6394,0.2137,11,False,RGI60-11.00904,0.452,2914,3270,3045,22.9,329,830,10.854,46.8096,0.8571673007021121,-0.5150380749100545
RGI60-11.00905,2000-01-01_2020-01-01,532000.0,-0.4976,0.1839,11,False,RGI60-11.00905,0.532,2932,3487,3228,28.2,64,1001,10.9631,46.8065,0.43837114678907746,0.898794046299167
RGI60-11.00906,2000-01-01_2020-01-01,903000.0,-0.9848,0.2465,11,False,RGI60-11.00906,0.903,2431,2826,2642,21.5,168,1299,8.81057,46.8223,-0.9781476007338057,0.20791169081775931
RGI60-11.00907,2000-01-01_2020-01-01,307000.0,-0.4844,0.2483,11,False,RGI60-11.00907,0.307,2498,3107,2812,28.9,180,849,8.82555,46.8222,-1.0,1.2246467991473532e-16
RGI60-11.00908,2000-01-01_2020-01-01,32000.0,-0.6988,0.6709,11,False,RGI60-11.00908,0.032,2661,2822,2716,25.5,70,320,8.89215,46.8259,0.3420201433256688,0.9396926207859083
RGI60-11.00909,2000-01-01_2020-01-01,321000.0,-0.9103,0.3143,11,False,RGI60-11.00909,0.321,2946,3357,3068,27.0,111,898,11.05,46.8053,-0.35836794954530027,0.9335804264972017
RGI60-11.00910,2000-01-01_2020-01-01,15000.0,-0.5963718926974675,0.4007490312965724,11,True,RGI60-11.00910,0.015,2070,2163,2123,19.2,79,305,8.55557,46.8252,0.19080899537654492,0.981627183447664
RGI60-11.00911,2000-01-01_2020-01-01,66000.0,-0.1699,0.3481,11,False,RGI60-11.00911,0.066,2439,2572,2481,24.0,28,250,8.92864,46.8252,0.882947592858927,0.4694715627858908
RGI60-11.00912,2000-01-01_2020-01-01,293000.0,-0.7709,0.2318,11,False,RGI60-11.00912,0.293,3061,3369,3193,19.2,245,1066,11.0323,46.8067,-0.42261826174069916,-0.9063077870366502
RGI60-11.00913,2000-01-01_2020-01-01,55000.0,-0.8505,0.5884,11,False,RGI60-11.00913,0.055,2526,2724,2650,31.7,343,301,8.79661,46.8243,0.9563047559630353,-0.29237170472273716
RGI60-11.00914,2000-01-01_2020-01-01,39000.0,-0.5963718926974675,0.4007490312965724,11,True,RGI60-11.00914,0.039,2189,2415,2260,31.0,50,340,8.55115,46.823,0.6427876096865394,0.766044443118978
RGI60-11.00915,2000-01-01_2020-01-01,23000.0,-0.5037,0.5023,11,False,RGI60-11.00915,0.023,2663,2723,2686,17.5,112,180,8.98278,46.823,-0.37460659341591207,0.9271838545667874
RGI60-11.00916,2000-01-01_2020-01-01,15000.0,-0.4333,0.5838,11,False,RGI60-11.00916,0.015,2879,2968,2932,22.8,121,177,8.88551,46.8224,-0.5150380749100543,0.8571673007021123
RGI60-11.00917,2000-01-01_2020-01-01,561000.0,-0.5831,0.1807,11,False,RGI60-11.00917,0.561,2937,3360,3156,16.4,260,1543,11.0339,46.8022,-0.17364817766693033,-0.984807753012208
RGI60-11.00918,2000-01-01_2020-01-01,2016000.0,-1.07,0.2285,11,False,RGI60-11.00918,2.016,2311,3356,2782,21.6,55,3158,8.97739,46.8133,0.573576436351046,0.8191520442889918
RGI60-11.00919,2000-01-01_2020-01-01,674000.0,-0.7531,0.1931,11,False,RGI60-11.00919,0.674,2912,3290,3087,19.1,315,1176,10.8472,46.8027,0.7071067811865474,-0.7071067811865477
RGI60-11.00920,2000-01-01_2020-01-01,27000.0,-0.3548,0.6074,11,False,RGI60-11.00920,0.027,2519,2630,2561,29.6,335,225,8.91431,46.8211,0.90630778703665,-0.4226182617406992
RGI60-11.00921,2000-01-01_2020-01-01,16000.0,-0.5963718926974675,0.4007490312965724,11,True,RGI60-11.00921,0.016,2818,2948,2903,51.7,58,106,8.92716,46.8199,0.5299192642332049,0.8480480961564261
RGI60-11.00922,2000-01-01_2020-01-01,19000.0,-0.4115,0.7,11,False,RGI60-11.00922,0.019,2518,2589,2549,20.6,3,246,10.0369,46.8156,0.9986295347545738,0.052335956242943835
RGI60-11.00923,2000-01-01_2020-01-01,681000.0,-0.8863,0.2358,11,False,RGI60-11.00923,0.681,2540,2967,2813,19.5,72,1378,8.88401,46.8169,0.30901699437494745,0.9510565162951535
RGI60-11.00924,2000-01-01_2020-01-01,1035000.0,-0.8301,0.2439,11,False,RGI60-11.00924,1.035,2490,2923,2696,19.8,116,1110,8.78729,46.8122,-0.4383711467890775,0.8987940462991669
RGI60-11.00925,2000-01-01_2020-01-01,626000.0,-0.5081,0.201,11,False,RGI60-11.00925,0.626,2754,3403,3125,32.9,321,1073,10.699,46.8014,0.7771459614569706,-0.6293203910498378
RGI60-11.00926,2000-01-01_2020-01-01,190000.0,-1.0116,0.3526,11,False,RGI60-11.00926,0.19,2395,2663,2503,27.5,83,438,8.93572,46.8179,0.12186934340514749,0.992546151641322
RGI60-11.00927,2000-01-01_2020-01-01,109000.0,-0.5724,0.2916,11,False,RGI60-11.00927,0.109,2913,3133,3031,25.0,343,419,10.7922,46.8037,0.9563047559630353,-0.29237170472273716
RGI60-11.00928,2000-01-01_2020-01-01,396000.0,-0.4489,0.1932,11,False,RGI60-11.00928,0.396,2967,3392,3224,26.2,67,1011,10.9654,46.7993,0.3907311284892737,0.9205048534524404
RGI60-11.00929,2000-01-01_2020-01-01,2379000.0,-1.2821,0.2087,11,False,RGI60-11.00929,2.379,2511,3360,2900,15.2,360,4270,11.0191,46.7817,1.0,-2.4492935982947064e-16
RGI60-11.00930,2000-01-01_2020-01-01,126000.0,-0.2898,0.3692,11,False,RGI60-11.00930,0.126,2646,3031,2878,36.8,334,388,8.91227,46.8163,0.8987940462991668,-0.4383711467890778
RGI60-11.00931,2000-01-01_2020-01-01,428000.0,-0.3497,0.2333,11,False,RGI60-11.00931,0.428,3064,3550,3428,30.1,50,917,8.92283,46.8142,0.6427876096865394,0.766044443118978
RGI60-11.00932,2000-01-01_2020-01-01,2429000.0,-0.6762,0.1936,11,False,RGI60-11.00932,2.429,2029,3568,2967,24.0,71,4205,8.93019,46.8058,0.32556815445715676,0.9455185755993167
RGI60-11.00933,2000-01-01_2020-01-01,105000.0,-0.946,0.5882,11,False,RGI60-11.00933,0.105,2558,3005,2790,32.4,3,698,8.90379,46.8155,0.9986295347545738,0.052335956242943835
RGI60-11.00934,2000-01-01_2020-01-01,12000.0,-0.5963718926974675,0.4007490312965724,11,True,RGI60-11.00934,0.012,2781,2925,2840,52.7,13,125,10.0465,46.8133,0.9743700647852352,0.224951054343865
RGI60-11.00935,2000-01-01_2020-01-01,99000.0,-0.6112,0.328,11,False,RGI60-11.00935,0.099,3140,3412,3223,26.1,224,538,10.9542,46.8002,-0.7193398003386511,-0.6946583704589973
RGI60-11.00936,2000-01-01_2020-01-01,241000.0,-0.7846,0.2549,11,False,RGI60-11.00936,0.241,2812,2928,2873,16.9,218,418,10.0616,46.8105,-0.788010753606722,-0.6156614753256582
RGI60-11.00937,2000-01-01_2020-01-01,408000.0,-0.4666,0.1815,11,False,RGI60-11.00937,0.408,2840,3239,3070,25.0,322,809,10.7858,46.8001,0.788010753606722,-0.6156614753256582
RGI60-11.00938,2000-01-01_2020-01-01,216000.0,-0.8685,0.2975,11,False,RGI60-11.00938,0.216,2994,3246,3098,20.8,258,708,11.0339,46.7975,-0.2079116908177598,-0.9781476007338056
RGI60-11.00939,2000-01-01_2020-01-01,44000.0,-0.4911,0.5407,11,False,RGI60-11.00939,0.044,3333,3536,3446,47.6,319,180,8.91813,46.8146,0.7547095802227719,-0.6560590289905074
RGI60-11.00940,2000-01-01_2020-01-01,545000.0,-0.6529,0.2451,11,False,RGI60-11.00940,0.545,2627,3305,3113,30.3,357,1324,10.6876,46.797,0.9986295347545738,-0.05233595624294437
RGI60-11.00941,2000-01-01_2020-01-01,159000.0,-0.481,0.2982,11,False,RGI60-11.00941,0.159,2714,3072,2941,32.1,341,486,8.90788,46.8142,0.9455185755993168,-0.3255681544571567
RGI60-11.00942,2000-01-01_2020-01-01,14000.0,-0.5963718926974675,0.4007490312965724,11,True,RGI60-11.00942,0.014,3061,3127,3098,27.1,290,152,10.0434,46.8104,0.342020143325669,-0.9396926207859083
RGI60-11.00943,2000-01-01_2020-01-01,3176000.0,-0.581,0.145,11,False,RGI60-11.00943,3.176,2784,3442,3108,16.3,323,2155,10.8341,46.7902,0.7986355100472928,-0.6018150231520483
RGI60-11.00944,2000-01-01_2020-01-01,417000.0,-0.591,0.1864,11,False,RGI60-11.00944,0.417,3006,3322,3156,18.4,273,1050,10.9536,46.7964,0.052335956242943946,-0.9986295347545738
RGI60-11.00945,2000-01-01_2020-01-01,7148000.0,-0.8462,0.145,11,False,RGI60-11.00945,7.148,2568,3465,3133,15.1,324,4834,10.9446,46.7824,0.8090169943749473,-0.5877852522924734
RGI60-11.00946,2000-01-01_2020-01-01,58000.0,-0.3775,0.5314,11,False,RGI60-11.00946,0.058,2462,2658,2544,33.4,60,326,8.93539,46.813,0.5000000000000001,0.8660254037844386
RGI60-11.00947,2000-01-01_2020-01-01,15000.0,-0.5963718926974675,0.4007490312965724,11,True,RGI60-11.00947,0.015,3145,3202,3169,23.1,94,127,10.8551,46.7976,-0.06975647374412533,0.9975640502598242
RGI60-11.00948,2000-01-01_2020-01-01,63000.0,-0.5448,0.3922,11,False,RGI60-11.00948,0.063,2886,3022,2971,18.6,279,450,11.0302,46.794,0.15643446504023067,-0.9876883405951378
RGI60-11.00949,2000-01-01_2020-01-01,64000.0,-0.5963718926974675,0.4007490312965724,11,True,RGI60-11.00949,0.064,1891,2156,1987,49.2,12,270,8.7511,46.8121,0.9781476007338057,0.20791169081775934
RGI60-11.00950,2000-01-01_2020-01-01,2383000.0,-0.6959,0.1653,11,False,RGI60-11.00950,2.383,2742,3576,3232,21.2,238,2474,10.7242,46.7859,-0.529919264233205,-0.848048096156426
RGI60-11.00951,2000-01-01_2020-01-01,196000.0,-0.5722,0.3304,11,False,RGI60-11.00951,0.196,2931,3543,3294,39.7,124,770,8.92651,46.8092,-0.5591929034707467,0.8290375725550417
RGI60-11.00952,2000-01-01_2020-01-01,12000.0,-0.165,0.4241,11,False,RGI60-11.00952,0.012,3488,3534,3519,28.0,220,112,8.91996,46.8112,-0.766044443118978,-0.6427876096865393
RGI60-11.00953,2000-01-01_2020-01-01,17000.0,-0.5963718926974675,0.4007490312965724,11,True,RGI60-11.00953,0.017,2167,2208,2184,13.0,5,202,8.94962,46.8111,0.9961946980917455,0.08715574274765817
RGI60-11.00954,2000-01-01_2020-01-01,623000.0,-0.7813,0.2401,11,False,RGI60-11.00954,0.623,2385,2847,2583,19.0,184,962,8.74433,46.8067,-0.9975640502598242,-0.06975647374412527
RGI60-11.00955,2000-01-01_2020-01-01,29000.0,0.038,0.2824,11,False,RGI60-11.00955,0.029,2714,2781,2742,18.1,222,304,10.0379,46.8058,-0.7431448254773942,-0.6691306063588582
RGI60-11.00956,2000-01-01_2020-01-01,60000.0,-1.0181,0.6908,11,False,RGI60-11.00956,0.06,2724,2877,2793,39.8,56,226,10.0702,46.8043,0.5591929034707468,0.8290375725550417
RGI60-11.00957,2000-01-01_2020-01-01,3085000.0,-1.1766,0.1938,11,False,RGI60-11.00957,3.085,2669,3396,2932,13.6,339,3394,10.8054,46.7801,0.9335804264972015,-0.35836794954530077
RGI60-11.00958,2000-01-01_2020-01-01,4349000.0,-0.7175,0.1492,11,False,RGI60-11.00958,4.349,2478,3547,3133,18.3,321,4456,10.894,46.7767,0.7771459614569706,-0.6293203910498378
RGI60-11.00959,2000-01-01_2020-01-01,315000.0,-0.82,0.2418,11,False,RGI60-11.00959,0.315,3037,3361,3211,21.3,65,867,10.849,46.7911,0.42261826174069944,0.9063077870366499
RGI60-11.00960,2000-01-01_2020-01-01,118000.0,-0.3283,0.2225,11,False,RGI60-11.00960,0.118,2962,3098,3023,21.4,274,404,11.0316,46.7887,0.06975647374412522,-0.9975640502598243
RGI60-11.00961,2000-01-01_2020-01-01,16000.0,-0.3692,0.4171,11,False,RGI60-11.00961,0.016,3122,3166,3139,15.7,123,135,10.7885,46.793,-0.5446390350150271,0.838670567945424
RGI60-11.00962,2000-01-01_2020-01-01,530000.0,-0.6789,0.2155,11,False,RGI60-11.00962,0.53,2788,3479,3075,27.5,330,1202,10.9092,46.7884,0.8660254037844384,-0.5000000000000004
RGI60-11.00963,2000-01-01_2020-01-01,164000.0,-1.4021,0.5615,11,False,RGI60-11.00963,0.164,2253,2670,2363,31.3,173,660,8.77026,46.8044,-0.992546151641322,0.12186934340514755
RGI60-11.00964,2000-01-01_2020-01-01,1496000.0,-0.7369,0.2079,11,False,RGI60-11.00964,1.496,2168,3091,2584,26.2,44,1878,8.53251,46.7944,0.7193398003386512,0.6946583704589973
RGI60-11.00965,2000-01-01_2020-01-01,41000.0,-0.1068,0.5137,11,False,RGI60-11.00965,0.041,2447,2677,2542,49.2,197,160,8.77431,46.806,-0.9563047559630354,-0.29237170472273677
RGI60-11.00966,2000-01-01_2020-01-01,29000.0,-0.8535,0.7431,11,False,RGI60-11.00966,0.029,3079,3194,3168,26.6,129,195,8.9723,46.8061,-0.6293203910498373,0.777145961456971
RGI60-11.00967,2000-01-01_2020-01-01,23000.0,-0.6591,0.5229,11,False,RGI60-11.00967,0.023,3095,3198,3152,31.9,232,202,10.6807,46.794,-0.6156614753256581,-0.7880107536067221
RGI60-11.00968,2000-01-01_2020-01-01,15000.0,-0.5963718926974675,0.4007490312965724,11,True,RGI60-11.00968,0.015,3235,3328,3304,28.4,318,152,8.95811,46.8053,0.7431448254773942,-0.6691306063588581
RGI60-11.00969,2000-01-01_2020-01-01,95000.0,-0.7896,0.5154,11,False,RGI60-11.00969,0.095,2533,2744,2643,25.4,110,484,8.87719,46.8041,-0.3420201433256687,0.9396926207859084
RGI60-11.00970,2000-01-01_2020-01-01,93000.0,-0.2234,0.2452,11,False,RGI60-11.00970,0.093,3192,3311,3243,22.0,195,340,10.6868,46.7917,-0.9659258262890683,-0.2588190451025208
RGI60-11.00971,2000-01-01_2020-01-01,24000.0,-0.5963718926974675,0.4007490312965724,11,True,RGI60-11.00971,0.024,3134,3296,3214,42.4,157,180,8.96619,46.8049,-0.9205048534524404,0.39073112848927377
RGI60-11.00972,2000-01-01_2020-01-01,113000.0,-0.9776,0.4065,11,False,RGI60-11.00972,0.113,2546,2817,2588,33.5,170,359,8.72818,46.8034,-0.984807753012208,0.17364817766693028
RGI60-11.00973,2000-01-01_2020-01-01,46000.0,-1.0465,0.6433,11,False,RGI60-11.00973,0.046,2579,2752,2647,29.4,167,304,8.8631,46.8039,-0.9743700647852351,0.2249510543438652
RGI60-11.00974,2000-01-01_2020-01-01,56000.0,-1.1764,0.7049,11,False,RGI60-11.00974,0.056,2668,2928,2758,34.8,174,388,8.97819,46.8037,-0.9945218953682733,0.10452846326765373
RGI60-11.00975,2000-01-01_2020-01-01,774000.0,-0.8284,0.1952,11,False,RGI60-11.00975,0.774,2834,3350,3174,21.2,341,1430,10.6771,46.7884,0.9455185755993168,-0.3255681544571567
RGI60-11.00976,2000-01-01_2020-01-01,609000.0,-0.4821,0.2167,11,False,RGI60-11.00976,0.609,2742,3209,3024,25.2,125,1026,8.96564,46.8013,-0.5735764363510462,0.8191520442889917
RGI60-11.00977,2000-01-01_2020-01-01,37000.0,-0.6078,0.5259,11,False,RGI60-11.00977,0.037,2368,2452,2403,23.4,141,251,8.75436,46.8024,-0.7771459614569709,0.6293203910498374
RGI60-11.00978,2000-01-01_2020-01-01,138000.0,-0.5651,0.2556,11,False,RGI60-11.00978,0.138,2906,3049,2978,22.9,280,329,11.0294,46.7835,0.17364817766692997,-0.9848077530122081
RGI60-11.00979,2000-01-01_2020-01-01,711000.0,-1.0266,0.2897,11,False,RGI60-11.00979,0.711,2365,3039,2552,21.3,186,1855,8.94956,46.7949,-0.9945218953682733,-0.1045284632676535
RGI60-11.00980,2000-01-01_2020-01-01,27000.0,-0.5017,0.5032,11,False,RGI60-11.00980,0.027,3040,3182,3095,30.0,59,246,10.8533,46.7869,0.5150380749100542,0.8571673007021123
RGI60-11.00981,2000-01-01_2020-01-01,1037000.0,-0.7648,0.2141,11,False,RGI60-11.00981,1.037,2449,2986,2709,24.5,334,1207,8.83487,46.7978,0.8987940462991668,-0.4383711467890778
RGI60-11.00982,2000-01-01_2020-01-01,32000.0,0.4453,0.7551,11,False,RGI60-11.00982,0.032,2879,3078,3000,44.7,348,190,8.93851,46.8003,0.9781476007338056,-0.20791169081775987
RGI60-11.00983,2000-01-01_2020-01-01,93000.0,-0.5789,0.4266,11,False,RGI60-11.00983,0.093,2710,3012,2882,40.2,149,372,8.94527,46.7997,-0.8571673007021122,0.5150380749100544
RGI60-11.00984,2000-01-01_2020-01-01,29000.0,-0.5963718926974675,0.4007490312965724,11,True,RGI60-11.00984,0.029,3054,3236,3121,38.2,302,230,10.9007,46.7845,0.5299192642332047,-0.8480480961564261
RGI60-11.00985,2000-01-01_2020-01-01,12000.0,-0.2229,0.3442,11,False,RGI60-11.00985,0.012,3049,3083,3061,19.4,253,112,10.9971,46.7822,-0.2923717047227371,-0.9563047559630353
RGI60-11.00986,2000-01-01_2020-01-01,126000.0,-0.4183,0.3416,11,False,RGI60-11.00986,0.126,3067,3330,3249,30.1,21,309,8.92916,46.7981,0.9335804264972017,0.35836794954530027
RGI60-11.00987,2000-01-01_2020-01-01,93000.0,-0.6517,0.54,11,False,RGI60-11.00987,0.093,3016,3274,3144,30.0,118,444,8.93559,46.7976,-0.4694715627858909,0.8829475928589269
RGI60-11.00988,2000-01-01_2020-01-01,560000.0,-0.7544,0.2333,11,False,RGI60-11.00988,0.56,2790,3220,2993,25.5,189,921,8.91939,46.7943,-0.9876883405951378,-0.15643446504023073
RGI60-11.00989,2000-01-01_2020-01-01,107000.0,-1.3876,0.5711,11,False,RGI60-11.00989,0.107,2800,3061,2898,33.7,121,391,8.96322,46.7962,-0.5150380749100543,0.8571673007021123
RGI60-11.00990,2000-01-01_2020-01-01,125000.0,-1.1245,0.464,11,False,RGI60-11.00990,0.125,2524,2869,2685,30.5,94,661,8.8521,46.7968,-0.06975647374412533,0.9975640502598242
RGI60-11.00991,2000-01-01_2020-01-01,656000.0,-0.7448,0.1991,11,False,RGI60-11.00991,0.656,2889,3314,3080,22.3,77,1018,10.7365,46.7793,0.22495105434386492,0.9743700647852352
RGI60-11.00992,2000-01-01_2020-01-01,1894000.0,-0.9127,0.1924,11,False,RGI60-11.00992,1.894,2785,3516,3114,16.6,335,2250,10.8674,46.7688,0.90630778703665,-0.4226182617406992
RGI60-11.00993,2000-01-01_2020-01-01,54000.0,-0.9456,0.5738,11,False,RGI60-11.00993,0.054,2634,2851,2761,38.6,129,292,8.94022,46.7952,-0.6293203910498373,0.777145961456971
RGI60-11.00994,2000-01-01_2020-01-01,2859000.0,-0.7109,0.1695,11,False,RGI60-11.00994,2.859,2161,3033,2776,15.8,36,2832,8.53936,46.7845,0.8090169943749475,0.5877852522924731
RGI60-11.00995,2000-01-01_2020-01-01,232000.0,-0.7068,0.3089,11,False,RGI60-11.00995,0.232,2722,3199,2954,32.7,132,887,8.934,46.7933,-0.6691306063588582,0.7431448254773942
RGI60-11.00996,2000-01-01_2020-01-01,109000.0,-0.7512,0.3119,11,False,RGI60-11.00996,0.109,3032,3155,3094,16.8,61,510,10.8466,46.7804,0.4848096202463371,0.8746197071393957
RGI60-11.00997,2000-01-01_2020-01-01,58000.0,-0.6679,0.5182,11,False,RGI60-11.00997,0.058,2536,2753,2666,38.2,321,293,8.82101,46.794,0.7771459614569706,-0.6293203910498378
RGI60-11.00998,2000-01-01_2020-01-01,434000.0,-1.3617,0.3439,11,False,RGI60-11.00998,0.434,2587,2903,2733,20.1,147,920,8.8378,46.791,-0.8386705679454239,0.5446390350150273
RGI60-11.00999,2000-01-01_2020-01-01,70000.0,-0.8528,0.5735,11,False,RGI60-11.00999,0.07,2483,2745,2574,33.8,69,371,8.85632,46.7924,0.3583679495453004,0.9335804264972017
RGI60-11.01000,2000-01-01_2020-01-01,14000.0,-0.5963718926974675,0.4007490312965724,11,True,RGI60-11.01000,0.014,2594,2652,2615,13.6,45,224,8.97011,46.7926,0.7071067811865476,0.7071067811865476
RGI60-11.01001,2000-01-01_2020-01-01,73000.0,-0.7476,0.3937,11,False,RGI60-11.01001,0.073,2682,2796,2743,20.4,314,348,10.0307,46.7874,0.6946583704589973,-0.7193398003386511
RGI60-11.01002,2000-01-01_2020-01-01,18000.0,-0.5963718926974675,0.4007490312965724,11,True,RGI60-11.01002,0.018,2684,2791,2769,23.9,87,261,8.96336,46.7922,0.052335956242943966,0.9986295347545738
RGI60-11.01003,2000-01-01_2020-01-01,53000.0,0.0848,0.4319,11,False,RGI60-11.01003,0.053,2515,2623,2569,21.6,38,292,8.97478,46.7914,0.7880107536067219,0.6156614753256583
RGI60-11.01004,2000-01-01_2020-01-01,27000.0,0.1959,0.6017,11,False,RGI60-11.01004,0.027,2649,2732,2676,25.9,33,214,8.96663,46.7916,0.838670567945424,0.5446390350150271
RGI60-11.01005,2000-01-01_2020-01-01,20000.0,-0.5963718926974675,0.4007490312965724,11,True,RGI60-11.01005,0.02,2831,2985,2934,34.6,134,261,8.83093,46.7906,-0.6946583704589974,0.7193398003386511
RGI60-11.01006,2000-01-01_2020-01-01,1090000.0,-0.6889,0.2086,11,False,RGI60-11.01006,1.09,2364,2999,2774,24.4,333,1136,8.5127,46.7836,0.8910065241883678,-0.45399049973954697
RGI60-11.01007,2000-01-01_2020-01-01,187000.0,-0.3797,0.286,11,False,RGI60-11.01007,0.187,2411,2871,2742,21.1,337,1089,8.55731,46.7856,0.9205048534524403,-0.3907311284892739
RGI60-11.01008,2000-01-01_2020-01-01,173000.0,-0.8934,0.3342,11,False,RGI60-11.01008,0.173,2976,3227,3103,20.7,228,762,10.7267,46.7744,-0.6691306063588581,-0.7431448254773944
RGI60-11.01009,2000-01-01_2020-01-01,32000.0,-0.3305,0.4996,11,False,RGI60-11.01009,0.032,2798,2926,2829,26.7,130,230,8.93208,46.789,-0.6427876096865394,0.766044443118978
RGI60-11.01010,2000-01-01_2020-01-01,147000.0,-1.2093,0.4822,11,False,RGI60-11.01010,0.147,2596,2854,2724,33.2,116,536,8.83127,46.7861,-0.4383711467890775,0.8987940462991669
RGI60-11.01011,2000-01-01_2020-01-01,245000.0,-0.4106,0.2883,11,False,RGI60-11.01011,0.245,2702,3112,2966,36.9,14,632,8.97597,46.7869,0.9702957262759965,0.24192189559966773
RGI60-11.01012,2000-01-01_2020-01-01,14000.0,-0.5963718926974675,0.4007490312965724,11,True,RGI60-11.01012,0.014,2648,2694,2666,19.5,178,127,8.9227,46.7881,-0.9993908270190958,0.03489949670250114
RGI60-11.01013,2000-01-01_2020-01-01,35000.0,-0.5963718926974675,0.4007490312965724,11,True,RGI60-11.01013,0.035,2621,2808,2730,41.8,16,195,8.56258,46.7863,0.9612616959383189,0.27563735581699916
RGI60-11.01014,2000-01-01_2020-01-01,14000.0,-0.5963718926974675,0.4007490312965724,11,True,RGI60-11.01014,0.014,2996,3105,3080,29.5,229,146,8.52383,46.7862,-0.6560590289905073,-0.754709580222772
RGI60-11.01015,2000-01-01_2020-01-01,74000.0,-1.3323,0.6637,11,False,RGI60-11.01015,0.074,2574,2652,2613,20.9,90,230,8.85773,46.7859,6.123233995736766e-17,1.0
RGI60-11.01016,2000-01-01_2020-01-01,58000.0,-0.3054,0.431,11,False,RGI60-11.01016,0.058,2567,2730,2654,37.3,9,250,8.57603,46.7859,0.9876883405951378,0.15643446504023087
RGI60-11.01017,2000-01-01_2020-01-01,19000.0,-0.0138,0.3654,11,False,RGI60-11.01017,0.019,2880,2960,2920,26.5,212,146,8.82443,46.7864,-0.8480480961564261,-0.5299192642332048
RGI60-11.01018,2000-01-01_2020-01-01,50000.0,-0.8642,0.5128,11,False,RGI60-11.01018,0.05,2515,2609,2563,15.9,83,341,8.93936,46.7864,0.12186934340514749,0.992546151641322
RGI60-11.01019,2000-01-01_2020-01-01,684000.0,-0.5088,0.2205,11,False,RGI60-11.01019,0.684,2359,3099,2782,26.4,339,1394,8.43053,46.7795,0.9335804264972015,-0.35836794954530077
RGI60-11.01020,2000-01-01_2020-01-01,184000.0,-0.9706,0.4031,11,False,RGI60-11.01020,0.184,2658,2949,2774,19.4,208,808,8.82448,46.7829,-0.8829475928589269,-0.46947156278589086
RGI60-11.01021,2000-01-01_2020-01-01,13000.0,-0.5963718926974675,0.4007490312965724,11,True,RGI60-11.01021,0.013,2839,2884,2854,18.2,126,135,10.7434,46.7724,-0.587785252292473,0.8090169943749475
RGI60-11.01022,2000-01-01_2020-01-01,21000.0,-0.5963718926974675,0.4007490312965724,11,True,RGI60-11.01022,0.021,2611,2677,2655,27.4,16,146,8.58044,46.7842,0.9612616959383189,0.27563735581699916
RGI60-11.01023,2000-01-01_2020-01-01,37000.0,-0.6214,0.6893,11,False,RGI60-11.01023,0.037,2638,2832,2716,23.5,276,464,8.92902,46.7838,0.10452846326765299,-0.9945218953682734
RGI60-11.01024,2000-01-01_2020-01-01,839000.0,-0.5768,0.1764,11,False,RGI60-11.01024,0.839,3064,3485,3353,13.7,195,1099,10.8951,46.7653,-0.9659258262890683,-0.2588190451025208
RGI60-11.01025,2000-01-01_2020-01-01,25000.0,-0.2773,0.4594,11,False,RGI60-11.01025,0.025,2714,2813,2770,27.3,319,112,8.43644,46.7824,0.7547095802227719,-0.6560590289905074
RGI60-11.01026,2000-01-01_2020-01-01,33000.0,-0.26,0.3368,11,False,RGI60-11.01026,0.033,3220,3332,3289,23.1,178,266,10.7317,46.7712,-0.9993908270190958,0.03489949670250114
RGI60-11.01027,2000-01-01_2020-01-01,51000.0,-0.2664,0.4835,11,False,RGI60-11.01027,0.051,2876,3054,2994,33.2,32,215,8.56942,46.7834,0.848048096156426,0.5299192642332049
RGI60-11.01028,2000-01-01_2020-01-01,33000.0,-1.3199,1.0034,11,False,RGI60-11.01028,0.033,2731,2879,2804,32.9,168,280,8.98664,46.7838,-0.9781476007338057,0.20791169081775931
RGI60-11.01029,2000-01-01_2020-01-01,147000.0,-0.9553,0.3606,11,False,RGI60-11.01029,0.147,2983,3255,3114,25.7,246,612,11.0158,46.7655,-0.4067366430758001,-0.913545457642601
RGI60-11.01030,2000-01-01_2020-01-01,431000.0,-0.887,0.3181,11,False,RGI60-11.01030,0.431,1892,2566,2268,33.6,35,1428,8.44319,46.776,0.8191520442889918,0.573576436351046
RGI60-11.01031,2000-01-01_2020-01-01,54000.0,-1.0474,0.5926,11,False,RGI60-11.01031,0.054,2800,2909,2863,24.0,37,236,8.93485,46.7823,0.7986355100472928,0.6018150231520483
RGI60-11.01032,2000-01-01_2020-01-01,150000.0,-0.6452,0.3038,11,False,RGI60-11.01032,0.15,2608,2822,2668,21.0,167,592,8.5601,46.78,-0.9743700647852351,0.2249510543438652
RGI60-11.01033,2000-01-01_2020-01-01,374000.0,-0.4865,0.2255,11,False,RGI60-11.01033,0.374,2405,2775,2616,20.2,330,964,8.49231,46.7778,0.8660254037844384,-0.5000000000000004
RGI60-11.01034,2000-01-01_2020-01-01,224000.0,-0.5783,0.2987,11,False,RGI60-11.01034,0.224,2530,2861,2727,27.0,329,741,8.49941,46.7789,0.8571673007021121,-0.5150380749100545
RGI60-11.01035,2000-01-01_2020-01-01,59000.0,-0.9819,0.5785,11,False,RGI60-11.01035,0.059,3007,3129,3077,27.9,45,202,10.6755,46.7686,0.7071067811865476,0.7071067811865476
RGI60-11.01036,2000-01-01_2020-01-01,129000.0,-1.1804,0.4107,11,False,RGI60-11.01036,0.129,3032,3233,3134,24.4,103,502,10.7317,46.7675,-0.22495105434386503,0.9743700647852352
RGI60-11.01037,2000-01-01_2020-01-01,25000.0,-0.5963718926974675,0.4007490312965724,11,True,RGI60-11.01037,0.025,2697,2802,2769,29.5,75,195,8.57153,46.7795,0.25881904510252074,0.9659258262890683
RGI60-11.01038,2000-01-01_2020-01-01,711000.0,-0.678,0.2413,11,False,RGI60-11.01038,0.711,2401,3119,2825,27.6,319,1477,8.42358,46.7748,0.7547095802227719,-0.6560590289905074
RGI60-11.01039,2000-01-01_2020-01-01,309000.0,-0.5857,0.2504,11,False,RGI60-11.01039,0.309,2570,2901,2797,22.7,176,652,8.50918,46.7762,-0.9975640502598242,0.06975647374412552
RGI60-11.01040,2000-01-01_2020-01-01,11000.0,-0.5963718926974675,0.4007490312965724,11,True,RGI60-11.01040,0.011,3416,3547,3501,37.4,30,146,10.882,46.7645,0.8660254037844387,0.49999999999999994
RGI60-11.01041,2000-01-01_2020-01-01,1089000.0,-1.0473,0.2029,11,False,RGI60-11.01041,1.089,3040,3478,3277,15.0,167,1499,10.8869,46.7584,-0.9743700647852351,0.2249510543438652
RGI60-11.01042,2000-01-01_2020-01-01,305000.0,-0.8244,0.2954,11,False,RGI60-11.01042,0.305,2634,2917,2756,22.2,147,807,8.5173,46.7762,-0.8386705679454239,0.5446390350150273
RGI60-11.01043,2000-01-01_2020-01-01,91000.0,-0.9663,0.4614,11,False,RGI60-11.01043,0.091,2826,2991,2905,21.2,108,451,8.93717,46.7787,-0.30901699437494734,0.9510565162951536
RGI60-11.01044,2000-01-01_2020-01-01,171000.0,-0.4255,0.2935,11,False,RGI60-11.01044,0.171,2723,3032,2943,23.9,95,602,8.54085,46.7767,-0.08715574274765824,0.9961946980917455
RGI60-11.01045,2000-01-01_2020-01-01,23000.0,-0.7475,0.6244,11,False,RGI60-11.01045,0.023,2963,3043,3007,23.9,106,160,11.0254,46.7603,-0.27563735581699905,0.9612616959383189
RGI60-11.01046,2000-01-01_2020-01-01,685000.0,-0.8167,0.26,11,False,RGI60-11.01046,0.685,2164,2868,2677,25.3,348,1590,8.45343,46.768,0.9781476007338056,-0.20791169081775987
RGI60-11.01047,2000-01-01_2020-01-01,17000.0,-0.5963718926974675,0.4007490312965724,11,True,RGI60-11.01047,0.017,2705,2798,2750,32.6,198,135,8.52212,46.7767,-0.9510565162951536,-0.3090169943749473
RGI60-11.01048,2000-01-01_2020-01-01,429000.0,-1.1825,0.3256,11,False,RGI60-11.01048,0.429,2229,2796,2520,29.8,6,858,8.47567,46.7724,0.9945218953682733,0.10452846326765347
RGI60-11.01049,2000-01-01_2020-01-01,268000.0,-0.7391,0.3187,11,False,RGI60-11.01049,0.268,2357,2752,2561,28.2,322,719,8.48625,46.7744,0.788010753606722,-0.6156614753256582
RGI60-11.01050,2000-01-01_2020-01-01,12000.0,-0.5963718926974675,0.4007490312965724,11,True,RGI60-11.01050,0.012,2747,2866,2801,31.9,126,180,8.93089,46.7769,-0.587785252292473,0.8090169943749475
RGI60-11.01051,2000-01-01_2020-01-01,44000.0,-0.2097,0.5242,11,False,RGI60-11.01051,0.044,2278,2417,2342,31.5,340,224,8.40263,46.7743,0.9396926207859084,-0.3420201433256686
RGI60-11.01052,2000-01-01_2020-01-01,15000.0,-0.5963718926974675,0.4007490312965724,11,True,RGI60-11.01052,0.015,2866,2903,2887,20.1,229,79,11.0193,46.759,-0.6560590289905073,-0.754709580222772
RGI60-11.01053,2000-01-01_2020-01-01,44000.0,-0.3835,0.3506,11,False,RGI60-11.01053,0.044,2734,2830,2769,23.6,206,206,8.49706,46.7748,-0.8987940462991669,-0.43837114678907746
RGI60-11.01054,2000-01-01_2020-01-01,327000.0,-0.7261,0.2603,11,False,RGI60-11.01054,0.327,2497,2797,2702,23.1,357,683,8.46396,46.7717,0.9986295347545738,-0.05233595624294437
RGI60-11.01055,2000-01-01_2020-01-01,124000.0,-0.9594,0.4281,11,False,RGI60-11.01055,0.124,2620,2879,2729,33.2,221,360,8.53343,46.7739,-0.7547095802227721,-0.656059028990507
RGI60-11.01056,2000-01-01_2020-01-01,12000.0,-0.4225,0.796,11,False,RGI60-11.01056,0.012,2334,2403,2363,32.2,24,112,8.47195,46.7746,0.9135454576426009,0.4067366430758002
RGI60-11.01057,2000-01-01_2020-01-01,167000.0,-1.0524,0.4874,11,False,RGI60-11.01057,0.167,2326,2660,2489,29.8,185,781,8.41564,46.7704,-0.9961946980917455,-0.08715574274765794
RGI60-11.01058,2000-01-01_2020-01-01,68000.0,-0.6707,0.3837,11,False,RGI60-11.01058,0.068,2850,2963,2911,21.5,352,309,10.3514,46.7657,0.9902680687415703,-0.13917310096006588
RGI60-11.01059,2000-01-01_2020-01-01,74000.0,-0.567,0.4264,11,False,RGI60-11.01059,0.074,2506,2716,2587,32.8,180,369,8.4994,46.7722,-1.0,1.2246467991473532e-16
RGI60-11.01060,2000-01-01_2020-01-01,46000.0,-0.4257,0.5397,11,False,RGI60-11.01060,0.046,2497,2679,2579,32.8,149,280,8.50617,46.7725,-0.8571673007021122,0.5150380749100544
RGI60-11.01061,2000-01-01_2020-01-01,324000.0,-0.3381,0.2569,11,False,RGI60-11.01061,0.324,2556,2948,2805,26.3,119,957,8.54035,46.7686,-0.484809620246337,0.8746197071393959
RGI60-11.01062,2000-01-01_2020-01-01,123000.0,-0.4553,0.342,11,False,RGI60-11.01062,0.123,2513,2787,2618,34.3,140,340,8.4928,46.7709,-0.7660444431189779,0.6427876096865395
RGI60-11.01063,2000-01-01_2020-01-01,170000.0,-0.4217,0.2512,11,False,RGI60-11.01063,0.17,2657,2881,2764,19.7,359,626,9.96822,46.7676,0.9998476951563913,-0.01745240643728356
RGI60-11.01064,2000-01-01_2020-01-01,13000.0,-0.5963718926974675,0.4007490312965724,11,True,RGI60-11.01064,0.013,2723,2759,2742,20.1,355,125,11.0382,46.7543,0.9961946980917455,-0.08715574274765832
RGI60-11.01065,2000-01-01_2020-01-01,14000.0,-0.5963718926974675,0.4007490312965724,11,True,RGI60-11.01065,0.014,2424,2441,2427,7.3,181,90,8.8182,46.7715,-0.9998476951563913,-0.017452406437283637
RGI60-11.01066,2000-01-01_2020-01-01,55000.0,-1.505,0.9508,11,False,RGI60-11.01066,0.055,2659,2810,2766,20.3,126,403,8.48513,46.7692,-0.587785252292473,0.8090169943749475
RGI60-11.01067,2000-01-01_2020-01-01,1786000.0,-1.1777,0.2616,11,False,RGI60-11.01067,1.786,2218,2934,2469,19.4,254,1996,8.43639,46.7624,-0.2756373558169989,-0.961261695938319
RGI60-11.01068,2000-01-01_2020-01-01,541000.0,-1.1442,0.349,11,False,RGI60-11.01068,0.541,2435,2873,2654,20.9,327,1239,8.82419,46.7675,0.838670567945424,-0.544639035015027
RGI60-11.01069,2000-01-01_2020-01-01,96000.0,-0.0066,0.4165,11,False,RGI60-11.01069,0.096,2548,2757,2682,29.4,328,410,8.39433,46.7682,0.8480480961564258,-0.529919264233205
RGI60-11.01070,2000-01-01_2020-01-01,429000.0,-0.8092,0.2536,11,False,RGI60-11.01070,0.429,2518,2839,2666,21.5,197,779,8.46552,46.7661,-0.9563047559630354,-0.29237170472273677
RGI60-11.01071,2000-01-01_2020-01-01,20000.0,0.1327,0.5814,11,False,RGI60-11.01071,0.02,2362,2522,2452,44.3,149,125,8.41158,46.7679,-0.8571673007021122,0.5150380749100544
RGI60-11.01072,2000-01-01_2020-01-01,199000.0,-0.5245,0.3132,11,False,RGI60-11.01072,0.199,2460,2756,2635,25.4,328,607,8.38851,46.7654,0.8480480961564258,-0.529919264233205
RGI60-11.01073,2000-01-01_2020-01-01,17000.0,-0.0268,0.4384,11,False,RGI60-11.01073,0.017,2693,2775,2743,25.7,195,177,8.48392,46.7678,-0.9659258262890683,-0.2588190451025208
RGI60-11.01074,2000-01-01_2020-01-01,19000.0,0.1224,0.754,11,False,RGI60-11.01074,0.019,2782,2835,2817,20.0,323,146,8.3987,46.7675,0.7986355100472928,-0.6018150231520483
RGI60-11.01075,2000-01-01_2020-01-01,16000.0,-0.5963718926974675,0.4007490312965724,11,True,RGI60-11.01075,0.016,2697,2805,2759,28.2,142,180,8.47762,46.7678,-0.7880107536067219,0.6156614753256584
RGI60-11.01076,2000-01-01_2020-01-01,494000.0,-0.9121,0.2752,11,False,RGI60-11.01076,0.494,2427,2840,2622,22.5,140,1124,8.47978,46.7647,-0.7660444431189779,0.6427876096865395
RGI60-11.01077,2000-01-01_2020-01-01,30000.0,-0.5963718926974675,0.4007490312965724,11,True,RGI60-11.01077,0.03,2425,2557,2484,31.7,125,215,8.49007,46.767,-0.5735764363510462,0.8191520442889917
RGI60-11.01078,2000-01-01_2020-01-01,366000.0,-1.1417,0.4044,11,False,RGI60-11.01078,0.366,2619,2939,2753,19.4,184,837,8.53723,46.7638,-0.9975640502598242,-0.06975647374412527
RGI60-11.01079,2000-01-01_2020-01-01,37000.0,-0.6515,0.5154,11,False,RGI60-11.01079,0.037,2711,2798,2748,20.5,349,266,9.99152,46.7631,0.981627183447664,-0.19080899537654467
RGI60-11.01080,2000-01-01_2020-01-01,24000.0,-0.6038,0.7608,11,False,RGI60-11.01080,0.024,2533,2702,2642,36.5,152,251,8.45843,46.7656,-0.882947592858927,0.4694715627858907
RGI60-11.01081,2000-01-01_2020-01-01,159000.0,-0.4989,0.2861,11,False,RGI60-11.01081,0.159,2695,2887,2785,19.6,303,585,11.026,46.7473,0.5446390350150266,-0.8386705679454243
RGI60-11.01082,2000-01-01_2020-01-01,28000.0,-0.3153,0.5193,11,False,RGI60-11.01082,0.028,2442,2498,2474,19.7,326,182,8.37045,46.7636,0.8290375725550418,-0.5591929034707466
RGI60-11.01083,2000-01-01_2020-01-01,16000.0,-0.7061,1.0291,11,False,RGI60-11.01083,0.016,2668,2772,2722,49.8,145,79,8.45348,46.764,-0.8191520442889919,0.5735764363510459
RGI60-11.01084,2000-01-01_2020-01-01,80000.0,-0.0111,0.549,11,False,RGI60-11.01084,0.08,2662,2805,2745,29.4,345,224,8.38318,46.763,0.9659258262890683,-0.2588190451025207
RGI60-11.01085,2000-01-01_2020-01-01,288000.0,-0.8038,0.3812,11,False,RGI60-11.01085,0.288,2278,2747,2534,25.8,121,716,8.45428,46.7609,-0.5150380749100543,0.8571673007021123
RGI60-11.01086,2000-01-01_2020-01-01,21000.0,-0.5963718926974675,0.4007490312965724,11,True,RGI60-11.01086,0.021,2554,2637,2591,31.1,327,158,8.37258,46.7619,0.838670567945424,-0.544639035015027
RGI60-11.01087,2000-01-01_2020-01-01,56000.0,-0.5963718926974675,0.4007490312965724,11,True,RGI60-11.01087,0.056,2468,2701,2555,41.6,84,266,8.54563,46.7615,0.10452846326765346,0.9945218953682733
RGI60-11.01088,2000-01-01_2020-01-01,12000.0,-0.5963718926974675,0.4007490312965724,11,True,RGI60-11.01088,0.012,2593,2673,2639,28.7,221,160,8.47135,46.7618,-0.7547095802227721,-0.656059028990507
RGI60-11.01089,2000-01-01_2020-01-01,69000.0,-1.3841,0.6544,11,False,RGI60-11.01089,0.069,2723,2922,2844,29.1,87,381,8.82059,46.7612,0.052335956242943966,0.9986295347545738
RGI60-11.01090,2000-01-01_2020-01-01,95000.0,-0.398,0.4317,11,False,RGI60-11.01090,0.095,2659,2848,2788,25.1,10,325,8.37002,46.7594,0.984807753012208,0.17364817766693033
RGI60-11.01091,2000-01-01_2020-01-01,24000.0,-0.4192,0.5209,11,False,RGI60-11.01091,0.024,2733,2876,2795,31.4,20,251,11.0145,46.7436,0.9396926207859084,0.3420201433256687
RGI60-11.01092,2000-01-01_2020-01-01,14000.0,-0.5963718926974675,0.4007490312965724,11,True,RGI60-11.01092,0.014,2821,2883,2850,26.3,15,135,10.3442,46.7533,0.9659258262890683,0.25881904510252074
RGI60-11.01093,2000-01-01_2020-01-01,50000.0,-0.7943,0.5648,11,False,RGI60-11.01093,0.05,2982,3161,3050,31.3,310,326,10.7317,46.7464,0.6427876096865393,-0.7660444431189781
RGI60-11.01094,2000-01-01_2020-01-01,19000.0,-0.5963718926974675,0.4007490312965724,11,True,RGI60-11.01094,0.019,2572,2704,2633,25.7,334,280,11.0018,46.7423,0.8987940462991668,-0.4383711467890778
RGI60-11.01095,2000-01-01_2020-01-01,15000.0,-0.5963718926974675,0.4007490312965724,11,True,RGI60-11.01095,0.015,2507,2614,2563,32.8,114,195,8.45191,46.7579,-0.40673664307580026,0.9135454576426009
RGI60-11.01096,2000-01-01_2020-01-01,120000.0,-0.5821,0.3325,11,False,RGI60-11.01096,0.12,2941,3339,3146,27.4,49,727,10.7369,46.7444,0.6560590289905073,0.754709580222772
RGI60-11.01097,2000-01-01_2020-01-01,39000.0,-0.8891,0.8032,11,False,RGI60-11.01097,0.039,2692,2888,2782,23.8,265,510,11.0081,46.7417,-0.08715574274765825,-0.9961946980917455
RGI60-11.01098,2000-01-01_2020-01-01,24000.0,-0.2153,0.3922,11,False,RGI60-11.01098,0.024,2720,2821,2769,22.4,61,250,11.0436,46.7394,0.4848096202463371,0.8746197071393957
RGI60-11.01099,2000-01-01_2020-01-01,284000.0,-0.8775,0.3296,11,False,RGI60-11.01099,0.284,2839,3312,3097,24.5,310,1010,10.7286,46.7418,0.6427876096865393,-0.7660444431189781
RGI60-11.01100,2000-01-01_2020-01-01,98000.0,-0.4505,0.2749,11,False,RGI60-11.01100,0.098,2764,2982,2890,25.4,348,491,10.995,46.738,0.9781476007338056,-0.20791169081775987
RGI60-11.01101,2000-01-01_2020-01-01,81000.0,-0.9489,0.5505,11,False,RGI60-11.01101,0.081,2572,2752,2669,27.2,132,407,8.44705,46.7547,-0.6691306063588582,0.7431448254773942
RGI60-11.01102,2000-01-01_2020-01-01,252000.0,-0.6221,0.2516,11,False,RGI60-11.01102,0.252,2750,3156,2984,23.7,0,986,10.9901,46.7352,1.0,0.0
RGI60-11.01103,2000-01-01_2020-01-01,56000.0,-0.8027,0.6292,11,False,RGI60-11.01103,0.056,2417,2617,2515,35.7,322,325,8.42953,46.7543,0.788010753606722,-0.6156614753256582
RGI60-11.01104,2000-01-01_2020-01-01,386000.0,-0.7838,0.2808,11,False,RGI60-11.01104,0.386,2448,3183,2898,28.4,2,1340,8.77258,46.75,0.9993908270190958,0.03489949670250097
RGI60-11.01105,2000-01-01_2020-01-01,74000.0,-0.5856,0.4181,11,False,RGI60-11.01105,0.074,2952,3337,3114,33.4,47,575,10.7417,46.7417,0.6819983600624985,0.7313537016191705
RGI60-11.01106,2000-01-01_2020-01-01,65000.0,-0.9968,0.4923,11,False,RGI60-11.01106,0.065,2845,2994,2933,25.0,298,305,11.0357,46.7376,0.4694715627858904,-0.8829475928589271
RGI60-11.01107,2000-01-01_2020-01-01,309000.0,-0.7716,0.3334,11,False,RGI60-11.01107,0.309,2353,2856,2594,26.1,281,847,8.42798,46.7509,0.1908089953765451,-0.9816271834476639
RGI60-11.01108,2000-01-01_2020-01-01,314000.0,-0.6072,0.2997,11,False,RGI60-11.01108,0.314,2411,2924,2645,29.1,96,876,8.44568,46.7506,-0.10452846326765355,0.9945218953682733
RGI60-11.01109,2000-01-01_2020-01-01,257000.0,-0.8259,0.3031,11,False,RGI60-11.01109,0.257,2599,2930,2774,22.8,189,863,8.4386,46.7491,-0.9876883405951378,-0.15643446504023073
RGI60-11.01110,2000-01-01_2020-01-01,141000.0,-0.3829,0.2562,11,False,RGI60-11.01110,0.141,2804,3165,3017,30.4,314,571,10.9844,46.7327,0.6946583704589973,-0.7193398003386511
RGI60-11.01111,2000-01-01_2020-01-01,810000.0,-0.9415,0.2058,11,False,RGI60-11.01111,0.81,2983,3350,3197,16.4,112,1396,10.738,46.7334,-0.37460659341591207,0.9271838545667874
RGI60-11.01112,2000-01-01_2020-01-01,77000.0,-0.6829,0.4388,11,False,RGI60-11.01112,0.077,2618,2827,2686,29.0,191,292,8.43276,46.7486,-0.981627183447664,-0.19080899537654472
RGI60-11.01113,2000-01-01_2020-01-01,161000.0,-0.7018,0.3637,11,False,RGI60-11.01113,0.161,2732,3059,2847,34.6,72,470,8.77948,46.7469,0.30901699437494745,0.9510565162951535
RGI60-11.01114,2000-01-01_2020-01-01,86000.0,-0.7467,0.4766,11,False,RGI60-11.01114,0.086,2558,2868,2711,32.9,282,522,8.76467,46.7485,0.20791169081775943,-0.9781476007338056
RGI60-11.01115,2000-01-01_2020-01-01,51000.0,-0.7605,0.5479,11,False,RGI60-11.01115,0.051,2467,2644,2511,24.0,129,305,8.44871,46.7452,-0.6293203910498373,0.777145961456971
RGI60-11.01116,2000-01-01_2020-01-01,386000.0,-0.6688,0.2131,11,False,RGI60-11.01116,0.386,2798,3174,2991,19.1,355,1228,10.9778,46.7259,0.9961946980917455,-0.08715574274765832
RGI60-11.01117,2000-01-01_2020-01-01,253000.0,-0.6354,0.2609,11,False,RGI60-11.01117,0.253,2850,3317,3126,25.9,309,927,10.7275,46.7307,0.6293203910498375,-0.7771459614569708
RGI60-11.01118,2000-01-01_2020-01-01,47000.0,-0.8529,0.5808,11,False,RGI60-11.01118,0.047,2537,2688,2613,22.1,114,407,8.44339,46.744,-0.40673664307580026,0.9135454576426009
RGI60-11.01119,2000-01-01_2020-01-01,100000.0,-0.8115,0.3708,11,False,RGI60-11.01119,0.1,2936,3128,2984,24.3,52,475,10.9893,46.7265,0.6156614753256583,0.788010753606722
RGI60-11.01120,2000-01-01_2020-01-01,2420000.0,-1.0034,0.2023,11,False,RGI60-11.01120,2.42,2556,3268,2739,15.1,68,3055,8.7876,46.7377,0.37460659341591196,0.9271838545667874
RGI60-11.01121,2000-01-01_2020-01-01,12000.0,-0.5963718926974675,0.4007490312965724,11,True,RGI60-11.01121,0.012,2586,2629,2608,22.7,342,79,10.2694,46.738,0.9510565162951535,-0.3090169943749477
RGI60-11.01122,2000-01-01_2020-01-01,36000.0,-0.9535,0.6869,11,False,RGI60-11.01122,0.036,2964,3103,3013,36.7,238,190,8.76564,46.7432,-0.529919264233205,-0.848048096156426
RGI60-11.01123,2000-01-01_2020-01-01,11000.0,-0.5963718926974675,0.4007490312965724,11,True,RGI60-11.01123,0.011,2931,2973,2941,21.4,34,103,10.9926,46.7261,0.8290375725550417,0.5591929034707469
RGI60-11.01124,2000-01-01_2020-01-01,13000.0,-0.5963718926974675,0.4007490312965724,11,True,RGI60-11.01124,0.013,2483,2598,2549,41.1,28,125,8.68287,46.7428,0.882947592858927,0.4694715627858908
RGI60-11.01125,2000-01-01_2020-01-01,48000.0,-0.5922,0.4392,11,False,RGI60-11.01125,0.048,2542,2612,2569,12.4,67,360,8.81657,46.7418,0.3907311284892737,0.9205048534524404
RGI60-11.01126,2000-01-01_2020-01-01,184000.0,-0.9526,0.3604,11,False,RGI60-11.01126,0.184,3052,3270,3192,16.7,298,838,10.7238,46.7273,0.4694715627858904,-0.8829475928589271
RGI60-11.01127,2000-01-01_2020-01-01,32000.0,-1.4309,0.9698,11,False,RGI60-11.01127,0.032,2783,2913,2854,29.5,43,250,10.2673,46.7347,0.7313537016191705,0.6819983600624985
RGI60-11.01128,2000-01-01_2020-01-01,86000.0,-0.5678,0.3214,11,False,RGI60-11.01128,0.086,3001,3169,3088,20.2,352,510,10.9701,46.7237,0.9902680687415703,-0.13917310096006588
RGI60-11.01129,2000-01-01_2020-01-01,38000.0,-1.4366,0.9807,11,False,RGI60-11.01129,0.038,2624,2721,2692,22.6,165,261,8.75801,46.7406,-0.9659258262890682,0.258819045102521
RGI60-11.01130,2000-01-01_2020-01-01,42000.0,-0.3077,0.396,11,False,RGI60-11.01130,0.042,2976,3136,3051,25.0,204,251,8.77248,46.7385,-0.9135454576426009,-0.4067366430758002
RGI60-11.01131,2000-01-01_2020-01-01,23000.0,-0.5268,0.6798,11,False,RGI60-11.01131,0.023,2625,2790,2711,44.4,335,182,8.74792,46.7387,0.90630778703665,-0.4226182617406992
RGI60-11.01132,2000-01-01_2020-01-01,53000.0,-1.0403,0.5655,11,False,RGI60-11.01132,0.053,2910,3063,2975,27.1,181,285,8.76882,46.7381,-0.9998476951563913,-0.017452406437283637
RGI60-11.01133,2000-01-01_2020-01-01,29000.0,-0.868,0.8808,11,False,RGI60-11.01133,0.029,2627,2718,2670,28.4,107,195,8.68565,46.7369,-0.29237170472273666,0.9563047559630355
RGI60-11.01134,2000-01-01_2020-01-01,15000.0,-0.405,0.5718,11,False,RGI60-11.01134,0.015,2662,2800,2730,36.4,167,206,8.81275,46.7353,-0.9743700647852351,0.2249510543438652
RGI60-11.01135,2000-01-01_2020-01-01,59000.0,-0.1459,0.5069,11,False,RGI60-11.01135,0.059,2403,2624,2481,32.3,67,351,8.68923,46.7345,0.3907311284892737,0.9205048534524404
RGI60-11.01136,2000-01-01_2020-01-01,23000.0,-0.2879,0.6095,11,False,RGI60-11.01136,0.023,2695,2843,2777,42.0,81,215,8.68534,46.7324,0.15643446504023092,0.9876883405951378
RGI60-11.01137,2000-01-01_2020-01-01,73000.0,-0.7152,0.5479,11,False,RGI60-11.01137,0.073,2460,2696,2574,36.8,17,251,8.4763,46.7299,0.9563047559630354,0.29237170472273677
RGI60-11.01138,2000-01-01_2020-01-01,57000.0,-1.1938,0.7319,11,False,RGI60-11.01138,0.057,2688,2823,2741,19.7,347,379,9.9608,46.7256,0.9743700647852351,-0.22495105434386534
RGI60-11.01139,2000-01-01_2020-01-01,20000.0,-0.2888,0.3239,11,False,RGI60-11.01139,0.02,2986,3021,3001,14.4,340,202,10.9761,46.7132,0.9396926207859084,-0.3420201433256686
RGI60-11.01140,2000-01-01_2020-01-01,113000.0,-0.4391,0.3315,11,False,RGI60-11.01140,0.113,2706,2866,2770,19.5,3,375,9.95449,46.7247,0.9986295347545738,0.052335956242943835
RGI60-11.01141,2000-01-01_2020-01-01,201000.0,-0.6334,0.3532,11,False,RGI60-11.01141,0.201,2430,2806,2614,32.4,40,632,8.48224,46.7266,0.766044443118978,0.6427876096865393
RGI60-11.01142,2000-01-01_2020-01-01,197000.0,-0.2927,0.3008,11,False,RGI60-11.01142,0.197,2540,3102,2887,31.8,47,894,8.49244,46.7218,0.6819983600624985,0.7313537016191705
RGI60-11.01143,2000-01-01_2020-01-01,465000.0,-0.9434,0.2319,11,False,RGI60-11.01143,0.465,2733,3073,2926,16.6,352,1234,10.4103,46.7106,0.9902680687415703,-0.13917310096006588
RGI60-11.01144,2000-01-01_2020-01-01,8048000.0,-0.8687,0.1662,11,False,RGI60-11.01144,8.048,1945,3435,2876,21.1,354,5146,8.42657,46.6989,0.9945218953682733,-0.10452846326765342
RGI60-11.01145,2000-01-01_2020-01-01,522000.0,-0.7773,0.2396,11,False,RGI60-11.01145,0.522,2612,3049,2808,22.3,304,835,8.47769,46.7182,0.559192903470747,-0.8290375725550416
RGI60-11.01146,2000-01-01_2020-01-01,1770000.0,-0.9574,0.2132,11,False,RGI60-11.01146,1.77,2357,3225,2786,25.0,54,2146,8.50077,46.7161,0.5877852522924731,0.8090169943749475
RGI60-11.01147,2000-01-01_2020-01-01,18000.0,-0.437,0.5107,11,False,RGI60-11.01147,0.018,2717,2767,2738,17.7,105,141,8.78204,46.7219,-0.25881904510252085,0.9659258262890683
RGI60-11.01148,2000-01-01_2020-01-01,310000.0,-0.6582,0.2933,11,False,RGI60-11.01148,0.31,2300,2786,2538,27.1,44,1091,8.45362,46.7167,0.7193398003386512,0.6946583704589973
RGI60-11.01149,2000-01-01_2020-01-01,14000.0,-0.5963718926974675,0.4007490312965724,11,True,RGI60-11.01149,0.014,3069,3154,3117,26.1,273,150,8.48582,46.7194,0.052335956242943946,-0.9986295347545738
RGI60-11.01150,2000-01-01_2020-01-01,180000.0,-0.7162,0.3356,11,False,RGI60-11.01150,0.18,2421,2765,2633,26.5,19,758,8.37931,46.7139,0.9455185755993168,0.3255681544571567
RGI60-11.01151,2000-01-01_2020-01-01,225000.0,-0.6509,0.2527,11,False,RGI60-11.01151,0.225,2742,3021,2897,23.5,196,767,8.48216,46.7131,-0.9612616959383189,-0.275637355816999
RGI60-11.01152,2000-01-01_2020-01-01,295000.0,-0.7561,0.293,11,False,RGI60-11.01152,0.295,2498,2819,2691,24.7,36,742,8.38929,46.7124,0.8090169943749475,0.5877852522924731
RGI60-11.01153,2000-01-01_2020-01-01,14000.0,-0.4266,0.5087,11,False,RGI60-11.01153,0.014,2863,2901,2879,21.3,55,112,11.0011,46.698,0.573576436351046,0.8191520442889918
RGI60-11.01154,2000-01-01_2020-01-01,13000.0,-0.5963718926974675,0.4007490312965724,11,True,RGI60-11.01154,0.013,2642,2684,2662,21.8,321,125,8.36888,46.7139,0.7771459614569706,-0.6293203910498378
RGI60-11.01155,2000-01-01_2020-01-01,38000.0,-0.2002,0.2814,11,False,RGI60-11.01155,0.038,2746,2791,2758,13.0,299,182,10.216,46.7076,0.4848096202463373,-0.8746197071393956
RGI60-11.01156,2000-01-01_2020-01-01,1528000.0,-1.0896,0.2518,11,False,RGI60-11.01156,1.528,2270,3184,2629,24.2,96,2185,8.46549,46.7052,-0.10452846326765355,0.9945218953682733
RGI60-11.01157,2000-01-01_2020-01-01,15000.0,-0.029,0.4086,11,False,RGI60-11.01157,0.015,2439,2493,2460,18.0,72,190,8.69078,46.7121,0.30901699437494745,0.9510565162951535
RGI60-11.01158,2000-01-01_2020-01-01,33000.0,-0.4615,0.4433,11,False,RGI60-11.01158,0.033,2630,2714,2650,15.4,116,280,8.38011,46.7095,-0.4383711467890775,0.8987940462991669
RGI60-11.01159,2000-01-01_2020-01-01,113000.0,-0.7423,0.3427,11,False,RGI60-11.01159,0.113,2732,2860,2804,15.8,109,426,8.38912,46.7084,-0.32556815445715664,0.9455185755993168
RGI60-11.01160,2000-01-01_2020-01-01,14000.0,-0.5963718926974675,0.4007490312965724,11,True,RGI60-11.01160,0.014,2716,2770,2751,23.9,87,127,8.37747,46.7088,0.052335956242943966,0.9986295347545738
RGI60-11.01161,2000-01-01_2020-01-01,1356000.0,-0.5349,0.2247,11,False,RGI60-11.01161,1.356,2360,3122,2753,28.5,43,1515,8.50724,46.7016,0.7313537016191705,0.6819983600624985
RGI60-11.01162,2000-01-01_2020-01-01,14000.0,-0.5963718926974675,0.4007490312965724,11,True,RGI60-11.01162,0.014,2958,3031,2995,35.4,211,127,8.48974,46.7087,-0.8571673007021123,-0.5150380749100542
RGI60-11.01163,2000-01-01_2020-01-01,13000.0,-0.5963718926974675,0.4007490312965724,11,True,RGI60-11.01163,0.013,3212,3232,3227,12.0,293,103,10.7231,46.6962,0.3907311284892735,-0.9205048534524405
RGI60-11.01164,2000-01-01_2020-01-01,14000.0,-0.9403,1.1544,11,False,RGI60-11.01164,0.014,2636,2728,2667,37.0,11,160,8.69165,46.7078,0.981627183447664,0.1908089953765448
RGI60-11.01165,2000-01-01_2020-01-01,984000.0,-0.9075,0.1812,11,False,RGI60-11.01165,0.984,2743,3122,2878,13.5,41,1796,10.0041,46.6977,0.754709580222772,0.6560590289905073
RGI60-11.01166,2000-01-01_2020-01-01,988000.0,-0.8014,0.1792,11,False,RGI60-11.01166,0.988,2643,3040,2827,16.5,329,1533,9.98909,46.6972,0.8571673007021121,-0.5150380749100545
RGI60-11.01167,2000-01-01_2020-01-01,68000.0,-0.7799,0.548,11,False,RGI60-11.01167,0.068,2707,2977,2824,31.2,55,446,8.69635,46.7051,0.573576436351046,0.8191520442889918
RGI60-11.01168,2000-01-01_2020-01-01,90000.0,-0.6531,0.4322,11,False,RGI60-11.01168,0.09,2493,2635,2529,23.0,351,339,8.71235,46.7036,0.9876883405951377,-0.1564344650402311
RGI60-11.01169,2000-01-01_2020-01-01,14000.0,-0.5963718926974675,0.4007490312965724,11,True,RGI60-11.01169,0.014,2749,2795,2774,23.8,37,103,9.9593,46.7009,0.7986355100472928,0.6018150231520483
RGI60-11.01170,2000-01-01_2020-01-01,16000.0,-0.5963718926974675,0.4007490312965724,11,True,RGI60-11.01170,0.016,2474,2551,2504,22.4,282,236,8.38476,46.7023,0.20791169081775943,-0.9781476007338056
RGI60-11.01171,2000-01-01_2020-01-01,222000.0,-0.6245,0.3645,11,False,RGI60-11.01171,0.222,2597,2998,2819,31.3,346,711,9.9495,46.6955,0.9702957262759965,-0.24192189559966787
RGI60-11.01172,2000-01-01_2020-01-01,13000.0,-0.5963718926974675,0.4007490312965724,11,True,RGI60-11.01172,0.013,2477,2528,2496,28.1,308,90,8.38331,46.7006,0.6156614753256585,-0.7880107536067218
RGI60-11.01173,2000-01-01_2020-01-01,1251000.0,-0.8458,0.2201,11,False,RGI60-11.01173,1.251,2647,3088,2825,18.4,15,1659,9.96858,46.6938,0.9659258262890683,0.25881904510252074
RGI60-11.01174,2000-01-01_2020-01-01,71000.0,-0.2562,0.3578,11,False,RGI60-11.01174,0.071,2860,3066,2975,27.8,316,302,9.95507,46.696,0.7193398003386509,-0.6946583704589976
RGI60-11.01175,2000-01-01_2020-01-01,28000.0,-0.4352,0.4919,11,False,RGI60-11.01175,0.028,2878,2984,2928,34.9,126,182,8.69325,46.6998,-0.587785252292473,0.8090169943749475
RGI60-11.01176,2000-01-01_2020-01-01,631000.0,-0.7827,0.2578,11,False,RGI60-11.01176,0.631,2265,2947,2686,24.8,235,1808,8.38929,46.694,-0.5735764363510464,-0.8191520442889916
RGI60-11.01177,2000-01-01_2020-01-01,332000.0,-0.6642,0.2688,11,False,RGI60-11.01177,0.332,2574,3218,2814,31.1,92,1042,8.46422,46.697,-0.034899496702500955,0.9993908270190958
RGI60-11.01178,2000-01-01_2020-01-01,67000.0,-0.5008,0.5562,11,False,RGI60-11.01178,0.067,2266,2530,2369,40.6,71,325,8.31626,46.6962,0.32556815445715676,0.9455185755993167
RGI60-11.01179,2000-01-01_2020-01-01,21000.0,-0.3931,0.4621,11,False,RGI60-11.01179,0.021,2978,3017,2990,13.1,78,177,8.39991,46.6977,0.20791169081775945,0.9781476007338056
RGI60-11.01180,2000-01-01_2020-01-01,121000.0,-0.7716,0.4538,11,False,RGI60-11.01180,0.121,2700,2908,2808,21.9,9,431,10.0154,46.6926,0.9876883405951378,0.15643446504023087
RGI60-11.01181,2000-01-01_2020-01-01,406000.0,-0.676,0.2488,11,False,RGI60-11.01181,0.406,2803,3038,2911,15.4,183,815,9.94955,46.6909,-0.9986295347545738,-0.052335956242943564
RGI60-11.01182,2000-01-01_2020-01-01,287000.0,-0.5719,0.2424,11,False,RGI60-11.01182,0.287,2756,2987,2873,17.7,285,626,9.93655,46.6916,0.2588190451025203,-0.9659258262890684
RGI60-11.01183,2000-01-01_2020-01-01,101000.0,-0.8582,0.3654,11,False,RGI60-11.01183,0.101,2875,3045,2983,22.3,83,499,10.0085,46.6925,0.12186934340514749,0.992546151641322
RGI60-11.01184,2000-01-01_2020-01-01,12000.0,-0.5963718926974675,0.4007490312965724,11,True,RGI60-11.01184,0.012,2731,2808,2759,24.7,117,160,8.69523,46.6971,-0.45399049973954675,0.8910065241883679
RGI60-11.01185,2000-01-01_2020-01-01,23000.0,-0.1862,0.7169,11,False,RGI60-11.01185,0.023,2474,2614,2524,35.0,350,158,8.30708,46.6947,0.984807753012208,-0.1736481776669304
RGI60-11.01186,2000-01-01_2020-01-01,23000.0,-0.0857,0.7488,11,False,RGI60-11.01186,0.023,2124,2230,2163,36.0,36,125,8.32446,46.6949,0.8090169943749475,0.5877852522924731
RGI60-11.01187,2000-01-01_2020-01-01,2816000.0,-0.6618,0.1743,11,False,RGI60-11.01187,2.816,2419,3329,2830,26.4,76,1829,8.46657,46.6849,0.24192189559966767,0.9702957262759965
RGI60-11.01188,2000-01-01_2020-01-01,12000.0,-0.5963718926974675,0.4007490312965724,11,True,RGI60-11.01188,0.012,3028,3096,3061,29.5,284,127,9.9935,46.6922,0.24192189559966742,-0.9702957262759966
RGI60-11.01189,2000-01-01_2020-01-01,61000.0,-0.1902,0.3296,11,False,RGI60-11.01189,0.061,2844,2999,2948,23.6,90,304,8.68869,46.6942,6.123233995736766e-17,1.0
RGI60-11.01190,2000-01-01_2020-01-01,11000.0,-0.8682,1.165,11,False,RGI60-11.01190,0.011,2646,2716,2686,29.7,91,135,8.71311,46.6947,-0.017452406437283477,0.9998476951563913
RGI60-11.01191,2000-01-01_2020-01-01,30000.0,-0.532,0.8552,11,False,RGI60-11.01191,0.03,2120,2313,2187,42.2,50,152,8.33184,46.6923,0.6427876096865394,0.766044443118978
RGI60-11.01192,2000-01-01_2020-01-01,18000.0,0.2829,0.6746,11,False,RGI60-11.01192,0.018,3140,3268,3211,46.0,340,135,8.41257,46.6925,0.9396926207859084,-0.3420201433256686
RGI60-11.01193,2000-01-01_2020-01-01,2030000.0,-0.9937,0.2173,11,False,RGI60-11.01193,2.03,2163,3275,2790,23.1,112,3431,8.41048,46.6802,-0.37460659341591207,0.9271838545667874
RGI60-11.01194,2000-01-01_2020-01-01,170000.0,-0.4863,0.2674,11,False,RGI60-11.01194,0.17,2775,2969,2863,18.3,26,627,9.90603,46.6882,0.898794046299167,0.4383711467890774
RGI60-11.01195,2000-01-01_2020-01-01,46000.0,-0.8395,0.574,11,False,RGI60-11.01195,0.046,2882,3041,2948,30.2,163,280,9.97658,46.6888,-0.9563047559630355,0.2923717047227366
RGI60-11.01196,2000-01-01_2020-01-01,68000.0,-0.8687,0.5542,11,False,RGI60-11.01196,0.068,2681,2849,2776,19.5,96,521,8.31701,46.6906,-0.10452846326765355,0.9945218953682733
RGI60-11.01197,2000-01-01_2020-01-01,160000.0,-0.7716,0.3702,11,False,RGI60-11.01197,0.16,2878,3144,3026,28.0,96,484,8.52606,46.6903,-0.10452846326765355,0.9945218953682733
RGI60-11.01198,2000-01-01_2020-01-01,14816000.0,-0.8217,0.1414,11,False,RGI60-11.01198,14.816,1673,3376,2919,18.7,359,6808,8.37258,46.6588,0.9998476951563913,-0.01745240643728356
RGI60-11.01199,2000-01-01_2020-01-01,272000.0,-0.353,0.2398,11,False,RGI60-11.01199,0.272,2887,3377,3229,23.1,155,819,8.42038,46.6878,-0.9063077870366499,0.4226182617406995
RGI60-11.01200,2000-01-01_2020-01-01,118000.0,-0.4789,0.2887,11,False,RGI60-11.01200,0.118,2933,3152,3078,24.0,114,491,9.96625,46.6867,-0.40673664307580026,0.9135454576426009
RGI60-11.01201,2000-01-01_2020-01-01,13000.0,-0.354,0.7299,11,False,RGI60-11.01201,0.013,2967,3097,3036,41.6,313,141,8.39392,46.6892,0.6819983600624986,-0.7313537016191703
RGI60-11.01202,2000-01-01_2020-01-01,336000.0,-0.5675,0.2679,11,False,RGI60-11.01202,0.336,2406,3226,2820,33.3,288,1334,8.38907,46.6867,0.30901699437494723,-0.9510565162951536
RGI60-11.01203,2000-01-01_2020-01-01,838000.0,-0.7632,0.204,11,False,RGI60-11.01203,0.838,2671,3234,2978,22.4,197,1324,8.44883,46.683,-0.9563047559630354,-0.29237170472273677
RGI60-11.01204,2000-01-01_2020-01-01,56000.0,-0.6628,0.5227,11,False,RGI60-11.01204,0.056,2884,3107,3007,33.8,157,375,8.432,46.6853,-0.9205048534524404,0.39073112848927377
RGI60-11.01205,2000-01-01_2020-01-01,19000.0,-1.0211,1.0199,11,False,RGI60-11.01205,0.019,2425,2556,2492,36.0,318,160,8.37902,46.6855,0.7431448254773942,-0.6691306063588581
RGI60-11.01206,2000-01-01_2020-01-01,68000.0,-1.0199,0.5366,11,False,RGI60-11.01206,0.068,2846,3098,2945,30.7,156,395,8.43769,46.6842,-0.9135454576426008,0.40673664307580043
RGI60-11.01207,2000-01-01_2020-01-01,14000.0,-0.5963718926974675,0.4007490312965724,11,True,RGI60-11.01207,0.014,2886,2976,2925,35.7,81,103,8.5275,46.6857,0.15643446504023092,0.9876883405951378
RGI60-11.01208,2000-01-01_2020-01-01,1005000.0,-0.7149,0.1935,11,False,RGI60-11.01208,1.005,2564,3324,2941,26.1,244,1666,8.38992,46.6774,-0.43837114678907774,-0.8987940462991668
RGI60-11.01209,2000-01-01_2020-01-01,78000.0,-0.7607,0.426,11,False,RGI60-11.01209,0.078,2718,2996,2870,28.8,245,510,8.38384,46.6818,-0.42261826174069916,-0.9063077870366502
RGI60-11.01210,2000-01-01_2020-01-01,23000.0,-0.9603,0.7758,11,False,RGI60-11.01210,0.023,2808,2889,2859,21.9,98,190,8.52867,46.6829,-0.13917310096006535,0.9902680687415704
RGI60-11.01211,2000-01-01_2020-01-01,207000.0,-0.6678,0.2571,11,False,RGI60-11.01211,0.207,2701,2923,2828,22.3,344,576,9.83086,46.6784,0.9612616959383189,-0.27563735581699894
RGI60-11.01212,2000-01-01_2020-01-01,303000.0,-0.8616,0.2993,11,False,RGI60-11.01212,0.303,2823,3147,3026,23.4,203,697,8.45924,46.6788,-0.9205048534524404,-0.39073112848927355
RGI60-11.01213,2000-01-01_2020-01-01,14000.0,-0.3772,0.8966,11,False,RGI60-11.01213,0.014,2611,2685,2649,29.8,45,125,8.64197,46.6808,0.7071067811865476,0.7071067811865476
RGI60-11.01214,2000-01-01_2020-01-01,13000.0,-0.5963718926974675,0.4007490312965724,11,True,RGI60-11.01214,0.013,2633,2712,2669,29.6,42,190,8.33754,46.6747,0.7431448254773942,0.6691306063588582
RGI60-11.01215,2000-01-01_2020-01-01,969000.0,-0.4714,0.1835,11,False,RGI60-11.01215,0.969,2343,3242,2845,27.6,72,1761,8.41241,46.6711,0.30901699437494745,0.9510565162951535
RGI60-11.01216,2000-01-01_2020-01-01,22000.0,-0.4293,0.5202,11,False,RGI60-11.01216,0.022,2761,2838,2782,19.2,310,206,9.95888,46.6716,0.6427876096865393,-0.7660444431189781
RGI60-11.01217,2000-01-01_2020-01-01,23000.0,0.0111,0.3896,11,False,RGI60-11.01217,0.023,2939,3040,3016,19.8,13,160,8.33165,46.6723,0.9743700647852352,0.224951054343865
RGI60-11.01218,2000-01-01_2020-01-01,215000.0,-0.721,0.3466,11,False,RGI60-11.01218,0.215,2724,3107,2912,27.9,52,661,8.47695,46.6718,0.6156614753256583,0.788010753606722
RGI60-11.01219,2000-01-01_2020-01-01,13000.0,-0.5963718926974675,0.4007490312965724,11,True,RGI60-11.01219,0.013,2965,3061,3014,38.2,297,158,8.39203,46.6719,0.45399049973954664,-0.891006524188368
RGI60-11.01220,2000-01-01_2020-01-01,17000.0,-0.3644,0.5228,11,False,RGI60-11.01220,0.017,2437,2502,2467,24.6,254,160,8.32339,46.6688,-0.2756373558169989,-0.961261695938319
RGI60-11.01221,2000-01-01_2020-01-01,16000.0,-0.5963718926974675,0.4007490312965724,11,True,RGI60-11.01221,0.016,2787,2897,2843,35.6,139,158,8.47799,46.6675,-0.754709580222772,0.6560590289905073
RGI60-11.01222,2000-01-01_2020-01-01,5835000.0,-0.548,0.1322,11,False,RGI60-11.01222,5.835,1972,3627,2999,20.0,26,4770,8.14901,46.6436,0.898794046299167,0.4383711467890774
RGI60-11.01223,2000-01-01_2020-01-01,11000.0,-0.5963718926974675,0.4007490312965724,11,True,RGI60-11.01223,0.011,2163,2336,2230,51.5,98,127,8.18235,46.6647,-0.13917310096006535,0.9902680687415704
RGI60-11.01224,2000-01-01_2020-01-01,1012000.0,-0.6782,0.2418,11,False,RGI60-11.01224,1.012,2108,3213,2740,30.8,71,1803,8.41984,46.6612,0.32556815445715676,0.9455185755993167
RGI60-11.01225,2000-01-01_2020-01-01,15000.0,-0.7499,0.8741,11,False,RGI60-11.01225,0.015,2468,2545,2511,35.9,227,135,8.3345,46.6599,-0.6819983600624986,-0.7313537016191705
RGI60-11.01226,2000-01-01_2020-01-01,58000.0,-0.7964,0.5996,11,False,RGI60-11.01226,0.058,1647,1787,1716,23.6,341,372,8.1172,46.6565,0.9455185755993168,-0.3255681544571567
RGI60-11.01227,2000-01-01_2020-01-01,14000.0,-0.5963718926974675,0.4007490312965724,11,True,RGI60-11.01227,0.014,2649,2803,2725,47.0,267,127,8.3388,46.6592,-0.052335956242944306,-0.9986295347545738
RGI60-11.01228,2000-01-01_2020-01-01,24000.0,-0.3132,0.4622,11,False,RGI60-11.01228,0.024,2429,2524,2476,22.9,281,226,8.33433,46.6584,0.1908089953765451,-0.9816271834476639
RGI60-11.01229,2000-01-01_2020-01-01,237000.0,-0.7578,0.2898,11,False,RGI60-11.01229,0.237,2751,3069,2952,22.5,183,841,8.34293,46.6549,-0.9986295347545738,-0.052335956242943564
RGI60-11.01230,2000-01-01_2020-01-01,50000.0,-0.9795,0.7742,11,False,RGI60-11.01230,0.05,2089,2211,2146,25.9,325,270,8.12877,46.6549,0.8191520442889916,-0.5735764363510465
RGI60-11.01231,2000-01-01_2020-01-01,213000.0,-0.9496,0.3865,11,False,RGI60-11.01231,0.213,2644,3197,2859,33.9,46,774,8.42673,46.6557,0.6946583704589973,0.7193398003386512
RGI60-11.01232,2000-01-01_2020-01-01,58000.0,-0.6073,0.715,11,False,RGI60-11.01232,0.058,3169,3396,3332,41.1,323,190,8.40213,46.6541,0.7986355100472928,-0.6018150231520483
RGI60-11.01233,2000-01-01_2020-01-01,127000.0,-0.3844,0.3007,11,False,RGI60-11.01233,0.127,3246,3481,3405,24.4,316,445,8.40735,46.655,0.7193398003386509,-0.6946583704589976
RGI60-11.01234,2000-01-01_2020-01-01,897000.0,-0.5957,0.2007,11,False,RGI60-11.01234,0.897,2428,3233,2847,29.0,63,1205,8.43189,46.651,0.4539904997395468,0.8910065241883678
RGI60-11.01235,2000-01-01_2020-01-01,36000.0,1.655,1.1531,11,False,RGI60-11.01235,0.036,3153,3362,3273,50.2,27,214,8.41376,46.6548,0.8910065241883679,0.45399049973954675
RGI60-11.01236,2000-01-01_2020-01-01,113000.0,-0.6146,0.4745,11,False,RGI60-11.01236,0.113,2626,3009,2789,32.3,64,340,8.16683,46.6509,0.43837114678907746,0.898794046299167
RGI60-11.01237,2000-01-01_2020-01-01,1814000.0,-0.5075,0.1613,11,False,RGI60-11.01237,1.814,2627,3622,2959,25.7,10,2433,8.12654,46.6402,0.984807753012208,0.17364817766693033
RGI60-11.01238,2000-01-01_2020-01-01,15837000.0,-1.1026,0.154,11,False,RGI60-11.01238,15.837,2225,3573,2962,14.1,205,9908,8.3965,46.6236,-0.90630778703665,-0.4226182617406993
RGI60-11.01239,2000-01-01_2020-01-01,22000.0,-0.5963718926974675,0.4007490312965724,11,True,RGI60-11.01239,0.022,2777,2872,2816,30.5,216,158,8.34702,46.6518,-0.8090169943749475,-0.587785252292473
RGI60-11.01240,2000-01-01_2020-01-01,50000.0,-0.3499,0.4536,11,False,RGI60-11.01240,0.05,2875,3087,2993,39.4,225,293,8.35442,46.6503,-0.7071067811865477,-0.7071067811865475
RGI60-11.01241,2000-01-01_2020-01-01,40000.0,-1.1309,0.8004,11,False,RGI60-11.01241,0.04,2759,2934,2848,30.3,77,285,8.16696,46.649,0.22495105434386492,0.9743700647852352
RGI60-11.01242,2000-01-01_2020-01-01,18000.0,-0.0872,0.3234,11,False,RGI60-11.01242,0.018,2699,2774,2727,23.9,98,158,8.3364,46.649,-0.13917310096006535,0.9902680687415704
RGI60-11.01243,2000-01-01_2020-01-01,26000.0,-0.5963718926974675,0.4007490312965724,11,True,RGI60-11.01243,0.026,2897,2971,2933,36.3,246,112,8.35479,46.6478,-0.4067366430758001,-0.913545457642601
RGI60-11.01244,2000-01-01_2020-01-01,51000.0,-0.5761,0.734,11,False,RGI60-11.01244,0.051,3069,3267,3215,25.2,287,135,8.39013,46.6439,0.2923717047227367,-0.9563047559630354
RGI60-11.01245,2000-01-01_2020-01-01,27000.0,-0.0839,0.3008,11,False,RGI60-11.01245,0.027,2706,2812,2752,19.9,172,280,8.33267,46.6464,-0.9902680687415704,0.13917310096006533
RGI60-11.01246,2000-01-01_2020-01-01,4705000.0,-0.7848,0.1628,11,False,RGI60-11.01246,4.705,2075,3444,2859,25.2,80,3291,8.43645,46.634,0.17364817766693041,0.984807753012208
RGI60-11.01247,2000-01-01_2020-01-01,14000.0,-0.519,0.7186,11,False,RGI60-11.01247,0.014,3098,3286,3202,51.2,44,146,8.11337,46.6452,0.7193398003386512,0.6946583704589973
RGI60-11.01248,2000-01-01_2020-01-01,318000.0,-0.4007,0.222,11,False,RGI60-11.01248,0.318,2608,3064,2840,26.8,82,832,8.16432,46.6425,0.13917310096006547,0.9902680687415704
RGI60-11.01249,2000-01-01_2020-01-01,22000.0,0.5483,0.8333,11,False,RGI60-11.01249,0.022,2897,3215,3039,42.7,359,230,8.12855,46.6433,0.9998476951563913,-0.01745240643728356
RGI60-11.01250,2000-01-01_2020-01-01,84000.0,-0.6636,0.4237,11,False,RGI60-11.01250,0.084,2932,3153,3029,34.2,272,304,8.35767,46.6442,0.03489949670250128,-0.9993908270190958
RGI60-11.01251,2000-01-01_2020-01-01,146000.0,0.1132,0.3045,11,False,RGI60-11.01251,0.146,2997,3538,3354,39.8,22,565,8.12004,46.641,0.9271838545667874,0.374606593415912
RGI60-11.01252,2000-01-01_2020-01-01,217000.0,-0.3582,0.2369,11,False,RGI60-11.01252,0.217,2910,3314,3066,37.7,287,440,8.1073,46.6401,0.2923717047227367,-0.9563047559630354
RGI60-11.01253,2000-01-01_2020-01-01,22000.0,-0.516,0.8088,11,False,RGI60-11.01253,0.022,3226,3479,3340,44.0,91,276,8.4243,46.644,-0.017452406437283477,0.9998476951563913
RGI60-11.01254,2000-01-01_2020-01-01,35000.0,-1.425,0.9146,11,False,RGI60-11.01254,0.035,2461,2556,2503,21.0,86,226,8.17243,46.6419,0.06975647374412523,0.9975640502598242
RGI60-11.01255,2000-01-01_2020-01-01,339000.0,-0.3581,0.2009,11,False,RGI60-11.01255,0.339,2822,3226,3033,27.2,249,892,8.35869,46.6399,-0.3583679495453007,-0.9335804264972016
RGI60-11.01256,2000-01-01_2020-01-01,12000.0,-0.5963718926974675,0.4007490312965724,11,True,RGI60-11.01256,0.012,2486,2550,2508,21.6,52,146,8.17325,46.6399,0.6156614753256583,0.788010753606722
RGI60-11.01257,2000-01-01_2020-01-01,161000.0,-0.3557,0.2751,11,False,RGI60-11.01257,0.161,2753,3217,3045,23.0,39,977,8.16307,46.6378,0.7771459614569709,0.6293203910498374
RGI60-11.01258,2000-01-01_2020-01-01,514000.0,-0.719,0.2551,11,False,RGI60-11.01258,0.514,2134,2779,2401,23.0,46,1906,8.18261,46.6371,0.6946583704589973,0.7193398003386512
RGI60-11.01259,2000-01-01_2020-01-01,15000.0,-0.5963718926974675,0.4007490312965724,11,True,RGI60-11.01259,0.015,2571,2645,2608,23.8,64,160,8.17167,46.6379,0.43837114678907746,0.898794046299167
RGI60-11.01260,2000-01-01_2020-01-01,210000.0,-0.6154,0.2563,11,False,RGI60-11.01260,0.21,2812,3005,2914,16.5,317,655,9.89218,46.633,0.7313537016191707,-0.6819983600624983
RGI60-11.01261,2000-01-01_2020-01-01,999000.0,-0.5823,0.185,11,False,RGI60-11.01261,0.999,2735,3337,3127,24.2,225,1544,8.36463,46.6315,-0.7071067811865477,-0.7071067811865475
RGI60-11.01262,2000-01-01_2020-01-01,290000.0,-0.9788,0.3235,11,False,RGI60-11.01262,0.29,2722,3082,2869,30.0,211,468,8.10846,46.6332,-0.8571673007021123,-0.5150380749100542
RGI60-11.01263,2000-01-01_2020-01-01,361000.0,-0.8836,0.3027,11,False,RGI60-11.01263,0.361,2445,3056,2734,34.0,17,972,8.97384,46.635,0.9563047559630354,0.29237170472273677
RGI60-11.01264,2000-01-01_2020-01-01,11000.0,-0.1719,0.6331,11,False,RGI60-11.01264,0.011,2397,2460,2442,26.5,3,-9,8.97671,46.639,0.9986295347545738,0.052335956242943835
RGI60-11.01265,2000-01-01_2020-01-01,12000.0,-0.5963718926974675,0.4007490312965724,11,True,RGI60-11.01265,0.012,2398,2481,2440,36.2,116,112,8.27419,46.6366,-0.4383711467890775,0.8987940462991669
RGI60-11.01266,2000-01-01_2020-01-01,453000.0,-0.8306,0.28,11,False,RGI60-11.01266,0.453,2536,3032,2713,26.8,352,1056,8.96044,46.6351,0.9902680687415703,-0.13917310096006588
RGI60-11.01267,2000-01-01_2020-01-01,1610000.0,-0.7857,0.1978,11,False,RGI60-11.01267,1.61,2644,3284,2870,15.4,4,2134,9.88,46.6278,0.9975640502598242,0.0697564737441253
RGI60-11.01268,2000-01-01_2020-01-01,14000.0,-0.5963718926974675,0.4007490312965724,11,True,RGI60-11.01268,0.014,2274,2319,2291,18.1,31,202,8.93032,46.6369,0.8571673007021123,0.5150380749100542
RGI60-11.01269,2000-01-01_2020-01-01,434000.0,-0.7584,0.3131,11,False,RGI60-11.01269,0.434,2266,2884,2457,26.7,100,1187,8.26945,46.6305,-0.1736481776669303,0.984807753012208
RGI60-11.01270,2000-01-01_2020-01-01,9023000.0,-0.5943,0.1321,11,False,RGI60-11.01270,9.023,1361,3682,3026,24.1,281,6412,8.11933,46.6143,0.1908089953765451,-0.9816271834476639
RGI60-11.01271,2000-01-01_2020-01-01,312000.0,-0.889,0.3176,11,False,RGI60-11.01271,0.312,2935,3225,3061,22.0,151,674,8.16923,46.6311,-0.8746197071393957,0.48480962024633717
RGI60-11.01272,2000-01-01_2020-01-01,30000.0,0.7723,0.8242,11,False,RGI60-11.01272,0.03,2485,2684,2580,36.7,32,302,8.19094,46.6332,0.848048096156426,0.5299192642332049
RGI60-11.01273,2000-01-01_2020-01-01,13000.0,-0.1658,0.7047,11,False,RGI60-11.01273,0.013,2682,2813,2734,48.9,101,112,8.26477,46.633,-0.1908089953765448,0.981627183447664
RGI60-11.01274,2000-01-01_2020-01-01,57000.0,-0.5773,0.4334,11,False,RGI60-11.01274,0.057,2828,2964,2891,22.7,50,292,9.89878,46.6315,0.6427876096865394,0.766044443118978
RGI60-11.01275,2000-01-01_2020-01-01,12688000.0,-1.0247,0.1458,11,False,RGI60-11.01275,12.688,2147,3549,2914,20.2,76,6240,8.15811,46.6173,0.24192189559966767,0.9702957262759965
RGI60-11.01276,2000-01-01_2020-01-01,45000.0,-0.7494,0.6372,11,False,RGI60-11.01276,0.045,2667,2839,2740,27.4,294,329,8.35432,46.6319,0.40673664307579976,-0.9135454576426011
RGI60-11.01277,2000-01-01_2020-01-01,18000.0,-0.5963718926974675,0.4007490312965724,11,True,RGI60-11.01277,0.018,2452,2574,2507,44.3,10,160,8.49697,46.6327,0.984807753012208,0.17364817766693033
RGI60-11.01278,2000-01-01_2020-01-01,87000.0,-0.4587,0.4244,11,False,RGI60-11.01278,0.087,2821,3000,2949,32.9,43,325,8.91979,46.6303,0.7313537016191705,0.6819983600624985
RGI60-11.01279,2000-01-01_2020-01-01,287000.0,-0.9959,0.3126,11,False,RGI60-11.01279,0.287,2769,3170,2959,26.9,84,854,8.19063,46.6285,0.10452846326765346,0.9945218953682733
RGI60-11.01280,2000-01-01_2020-01-01,1345000.0,-0.7584,0.1938,11,False,RGI60-11.01280,1.345,2600,3130,2945,15.7,318,1829,8.91279,46.6265,0.7431448254773942,-0.6691306063588581
RGI60-11.01281,2000-01-01_2020-01-01,292000.0,-1.0008,0.2952,11,False,RGI60-11.01281,0.292,2810,3062,2934,19.8,91,658,8.97898,46.63,-0.017452406437283477,0.9998476951563913
RGI60-11.01282,2000-01-01_2020-01-01,54000.0,-0.4441,0.3717,11,False,RGI60-11.01282,0.054,2805,2892,2838,22.1,170,236,8.17716,46.6276,-0.984807753012208,0.17364817766693028
RGI60-11.01283,2000-01-01_2020-01-01,386000.0,-1.1514,0.3407,11,False,RGI60-11.01283,0.386,2367,2693,2514,18.6,21,1232,8.93454,46.6267,0.9335804264972017,0.35836794954530027
RGI60-11.01284,2000-01-01_2020-01-01,100000.0,-1.076,0.4618,11,False,RGI60-11.01284,0.1,2794,2954,2894,19.5,189,456,8.9628,46.6299,-0.9876883405951378,-0.15643446504023073
RGI60-11.01285,2000-01-01_2020-01-01,132000.0,-0.9039,0.39,11,False,RGI60-11.01285,0.132,2767,2926,2846,20.1,1,407,9.91087,46.6258,0.9998476951563913,0.01745240643728351
RGI60-11.01286,2000-01-01_2020-01-01,51000.0,0.0483,0.2506,11,False,RGI60-11.01286,0.051,2913,2970,2943,17.4,190,236,8.95338,46.6295,-0.984807753012208,-0.17364817766693047
RGI60-11.01287,2000-01-01_2020-01-01,71000.0,-0.4686,0.5248,11,False,RGI60-11.01287,0.071,2693,2852,2757,24.6,296,347,8.49428,46.6268,0.4383711467890774,-0.898794046299167
RGI60-11.01288,2000-01-01_2020-01-01,564000.0,-0.8244,0.268,11,False,RGI60-11.01288,0.564,2541,3054,2786,27.0,97,989,8.25738,46.6203,-0.12186934340514737,0.9925461516413221
RGI60-11.01289,2000-01-01_2020-01-01,33000.0,-0.6497,0.545,11,False,RGI60-11.01289,0.033,2826,2974,2873,27.4,154,250,8.18312,46.625,-0.898794046299167,0.4383711467890773
RGI60-11.01290,2000-01-01_2020-01-01,396000.0,-0.3065,0.2278,11,False,RGI60-11.01290,0.396,2608,3059,2914,22.5,76,897,8.92409,46.625,0.24192189559966767,0.9702957262759965
RGI60-11.01291,2000-01-01_2020-01-01,14000.0,-0.5963718926974675,0.4007490312965724,11,True,RGI60-11.01291,0.014,2814,2887,2848,31.7,4,112,8.50315,46.6273,0.9975640502598242,0.0697564737441253
RGI60-11.01292,2000-01-01_2020-01-01,26000.0,-1.0217,0.8667,11,False,RGI60-11.01292,0.026,2865,2935,2912,18.0,308,177,8.49968,46.6265,0.6156614753256585,-0.7880107536067218
RGI60-11.01293,2000-01-01_2020-01-01,1901000.0,-1.1045,0.2119,11,False,RGI60-11.01293,1.901,2540,3125,2873,16.0,354,2429,8.89978,46.6177,0.9945218953682733,-0.10452846326765342
RGI60-11.01294,2000-01-01_2020-01-01,78000.0,-0.2302,0.3348,11,False,RGI60-11.01294,0.078,2890,3026,2978,23.0,64,313,8.47133,46.625,0.43837114678907746,0.898794046299167
RGI60-11.01295,2000-01-01_2020-01-01,14000.0,-0.5963718926974675,0.4007490312965724,11,True,RGI60-11.01295,0.014,2501,2543,2518,19.0,289,135,8.78538,46.6265,0.3255681544571563,-0.945518575599317
RGI60-11.01296,2000-01-01_2020-01-01,2331000.0,-1.1641,0.2342,11,False,RGI60-11.01296,2.331,2513,3410,3012,22.1,110,3289,8.43043,46.6132,-0.3420201433256687,0.9396926207859084
RGI60-11.01297,2000-01-01_2020-01-01,59000.0,-0.3998,0.3951,11,False,RGI60-11.01297,0.059,2632,2740,2696,24.8,349,175,8.79104,46.625,0.981627183447664,-0.19080899537654467
RGI60-11.01298,2000-01-01_2020-01-01,42000.0,0.4873,0.5203,11,False,RGI60-11.01298,0.042,3317,3445,3377,34.8,287,135,8.13966,46.6203,0.2923717047227367,-0.9563047559630354
RGI60-11.01299,2000-01-01_2020-01-01,14000.0,-0.1464,0.5473,11,False,RGI60-11.01299,0.014,3171,3276,3234,38.5,244,135,8.41763,46.6239,-0.43837114678907774,-0.8987940462991668
RGI60-11.01300,2000-01-01_2020-01-01,11000.0,-0.5963718926974675,0.4007490312965724,11,True,RGI60-11.01300,0.011,2550,2618,2591,26.1,337,141,8.78611,46.6246,0.9205048534524403,-0.3907311284892739
RGI60-11.01301,2000-01-01_2020-01-01,32000.0,-0.8246,0.7988,11,False,RGI60-11.01301,0.032,2631,2829,2746,42.9,175,215,8.50052,46.6227,-0.9961946980917455,0.0871557427476582
RGI60-11.01302,2000-01-01_2020-01-01,1269000.0,-0.7128,0.1878,11,False,RGI60-11.01302,1.269,2611,3086,2889,15.3,343,1810,8.8867,46.6167,0.9563047559630353,-0.29237170472273716
RGI60-11.01303,2000-01-01_2020-01-01,14000.0,-0.1075,0.3068,11,False,RGI60-11.01303,0.014,2627,2666,2639,13.9,278,146,8.94346,46.6228,0.13917310096006547,-0.9902680687415704
RGI60-11.01304,2000-01-01_2020-01-01,94000.0,-0.7195,0.422,11,False,RGI60-11.01304,0.094,2693,2908,2828,23.9,73,487,8.78963,46.6198,0.29237170472273677,0.9563047559630354
RGI60-11.01305,2000-01-01_2020-01-01,17000.0,-0.3349,0.6252,11,False,RGI60-11.01305,0.017,2209,2349,2280,33.8,27,195,8.07946,46.6169,0.8910065241883679,0.45399049973954675
RGI60-11.01306,2000-01-01_2020-01-01,32000.0,-0.0819,0.5617,11,False,RGI60-11.01306,0.032,2753,2872,2817,36.6,323,195,8.24994,46.6178,0.7986355100472928,-0.6018150231520483
RGI60-11.01307,2000-01-01_2020-01-01,14000.0,-0.5963718926974675,0.4007490312965724,11,True,RGI60-11.01307,0.014,2894,2999,2936,42.5,158,127,8.44202,46.6189,-0.9271838545667873,0.37460659341591224
RGI60-11.01308,2000-01-01_2020-01-01,278000.0,-0.6546,0.2574,11,False,RGI60-11.01308,0.278,2573,2876,2760,20.8,322,704,8.78232,46.6165,0.788010753606722,-0.6156614753256582
RGI60-11.01309,2000-01-01_2020-01-01,12000.0,-0.5963718926974675,0.4007490312965724,11,True,RGI60-11.01309,0.012,3072,3167,3120,40.0,207,135,8.43676,46.6188,-0.8910065241883679,-0.45399049973954664
RGI60-11.01310,2000-01-01_2020-01-01,21000.0,-0.4953,0.7133,11,False,RGI60-11.01310,0.021,2836,2982,2912,49.0,209,177,8.45121,46.6187,-0.8746197071393959,-0.48480962024633695
RGI60-11.01311,2000-01-01_2020-01-01,85000.0,-0.4381,0.4691,11,False,RGI60-11.01311,0.085,2640,2966,2768,31.7,97,557,8.26019,46.6156,-0.12186934340514737,0.9925461516413221
RGI60-11.01312,2000-01-01_2020-01-01,61000.0,-0.2652,0.3667,11,False,RGI60-11.01312,0.061,2970,3099,3037,25.9,130,237,8.9154,46.6184,-0.6427876096865394,0.766044443118978
RGI60-11.01313,2000-01-01_2020-01-01,268000.0,-0.4224,0.2398,11,False,RGI60-11.01313,0.268,2695,2978,2856,25.7,285,530,8.36605,46.6119,0.2588190451025203,-0.9659258262890684
RGI60-11.01314,2000-01-01_2020-01-01,11000.0,-0.5963718926974675,0.4007490312965724,11,True,RGI60-11.01314,0.011,2697,2784,2740,30.8,83,160,8.79253,46.6187,0.12186934340514749,0.992546151641322
RGI60-11.01315,2000-01-01_2020-01-01,20000.0,-0.3019,0.4447,11,False,RGI60-11.01315,0.02,2764,2841,2799,25.7,337,135,8.87879,46.6184,0.9205048534524403,-0.3907311284892739
RGI60-11.01316,2000-01-01_2020-01-01,295000.0,-0.9636,0.2788,11,False,RGI60-11.01316,0.295,2748,3033,2885,24.6,139,635,8.25267,46.6134,-0.754709580222772,0.6560590289905073
RGI60-11.01317,2000-01-01_2020-01-01,14000.0,-0.0012,0.4168,11,False,RGI60-11.01317,0.014,2946,3008,2981,30.5,289,103,8.24763,46.6145,0.3255681544571563,-0.945518575599317
RGI60-11.01318,2000-01-01_2020-01-01,539000.0,-0.602,0.2334,11,False,RGI60-11.01318,0.539,2349,3097,2734,35.1,5,1146,8.08655,46.609,0.9961946980917455,0.08715574274765817
RGI60-11.01319,2000-01-01_2020-01-01,23000.0,-0.6788,0.6015,11,False,RGI60-11.01319,0.023,2830,2889,2880,16.2,111,236,8.78896,46.6167,-0.35836794954530027,0.9335804264972017
RGI60-11.01320,2000-01-01_2020-01-01,15000.0,-0.5963718926974675,0.4007490312965724,11,True,RGI60-11.01320,0.015,2626,2669,2642,15.2,135,146,8.44759,46.6153,-0.7071067811865475,0.7071067811865476
RGI60-11.01321,2000-01-01_2020-01-01,156000.0,-1.037,0.3837,11,False,RGI60-11.01321,0.156,2669,2906,2783,23.7,329,575,8.87574,46.6146,0.8571673007021121,-0.5150380749100545
RGI60-11.01322,2000-01-01_2020-01-01,12000.0,-0.5963718926974675,0.4007490312965724,11,True,RGI60-11.01322,0.012,2708,2777,2737,16.7,313,215,8.77929,46.6157,0.6819983600624986,-0.7313537016191703
RGI60-11.01323,2000-01-01_2020-01-01,141000.0,-1.2061,0.4167,11,False,RGI60-11.01323,0.141,2987,3124,3083,18.9,140,358,8.90824,46.6137,-0.7660444431189779,0.6427876096865395
RGI60-11.01324,2000-01-01_2020-01-01,36000.0,-0.7795,0.8801,11,False,RGI60-11.01324,0.036,3182,3415,3279,47.1,306,195,8.41429,46.6134,0.5877852522924729,-0.8090169943749476
RGI60-11.01325,2000-01-01_2020-01-01,51000.0,-1.1799,0.6867,11,False,RGI60-11.01325,0.051,2827,2900,2873,22.1,108,168,8.37097,46.6118,-0.30901699437494734,0.9510565162951536
RGI60-11.01326,2000-01-01_2020-01-01,37000.0,-0.2919,0.5392,11,False,RGI60-11.01326,0.037,3340,3507,3470,29.2,308,301,8.41609,46.6118,0.6156614753256585,-0.7880107536067218
RGI60-11.01327,2000-01-01_2020-01-01,17000.0,0.2011,0.4978,11,False,RGI60-11.01327,0.017,2902,2992,2952,27.3,357,158,8.07749,46.6098,0.9986295347545738,-0.05233595624294437
RGI60-11.01328,2000-01-01_2020-01-01,23825000.0,-1.5895,0.2009,11,False,RGI60-11.01328,23.825,1944,3929,2653,16.7,84,12635,8.2193,46.5642,0.10452846326765346,0.9945218953682733
RGI60-11.01329,2000-01-01_2020-01-01,16000.0,-0.5963718926974675,0.4007490312965724,11,True,RGI60-11.01329,0.016,2943,2981,2971,17.3,189,127,8.24668,46.6109,-0.9876883405951378,-0.15643446504023073
RGI60-11.01330,2000-01-01_2020-01-01,32000.0,0.1581,0.644,11,False,RGI60-11.01330,0.032,2594,2804,2644,38.5,44,266,9.70523,46.611,0.7193398003386512,0.6946583704589973
RGI60-11.01331,2000-01-01_2020-01-01,28000.0,-0.7618,0.5345,11,False,RGI60-11.01331,0.028,2864,2936,2905,21.5,296,214,8.24258,46.6097,0.4383711467890774,-0.898794046299167
RGI60-11.01332,2000-01-01_2020-01-01,17000.0,0.0346,0.3694,11,False,RGI60-11.01332,0.017,2564,2632,2594,22.3,315,202,8.77184,46.6107,0.7071067811865474,-0.7071067811865477
RGI60-11.01333,2000-01-01_2020-01-01,51000.0,-0.6436,0.4258,11,False,RGI60-11.01333,0.051,2857,2968,2929,21.0,247,364,8.87798,46.61,-0.3907311284892738,-0.9205048534524403
RGI60-11.01334,2000-01-01_2020-01-01,29000.0,-0.3122,0.5201,11,False,RGI60-11.01334,0.029,2872,3082,2983,41.6,339,255,8.09297,46.6061,0.9335804264972015,-0.35836794954530077
RGI60-11.01335,2000-01-01_2020-01-01,1949000.0,-1.2547,0.2329,11,False,RGI60-11.01335,1.949,2335,3007,2546,22.4,47,2321,8.2518,46.5998,0.6819983600624985,0.7313537016191705
RGI60-11.01336,2000-01-01_2020-01-01,664000.0,-0.557,0.2144,11,False,RGI60-11.01336,0.664,2776,3113,2952,25.5,93,668,8.36579,46.5992,-0.05233595624294384,0.9986295347545738
RGI60-11.01337,2000-01-01_2020-01-01,44000.0,-0.1098,0.3822,11,False,RGI60-11.01337,0.044,3230,3392,3327,29.2,223,313,8.41415,46.6073,-0.7313537016191706,-0.6819983600624984
RGI60-11.01338,2000-01-01_2020-01-01,1006000.0,-1.0492,0.2667,11,False,RGI60-11.01338,1.006,2658,3270,2895,23.8,154,1652,8.42188,46.601,-0.898794046299167,0.4383711467890773
RGI60-11.01339,2000-01-01_2020-01-01,130000.0,-0.6469,0.3226,11,False,RGI60-11.01339,0.13,3015,3259,3131,28.2,234,457,8.40896,46.6069,-0.5877852522924732,-0.8090169943749473
RGI60-11.01340,2000-01-01_2020-01-01,131000.0,-0.7503,0.4004,11,False,RGI60-11.01340,0.131,2571,2811,2682,32.8,307,383,8.35922,46.6057,0.6018150231520479,-0.798635510047293
RGI60-11.01341,2000-01-01_2020-01-01,206000.0,-0.5817,0.2477,11,False,RGI60-11.01341,0.206,2894,3307,3064,31.0,185,576,8.15127,46.6025,-0.9961946980917455,-0.08715574274765794
RGI60-11.01342,2000-01-01_2020-01-01,32000.0,-0.535,0.7593,11,False,RGI60-11.01342,0.032,2990,3212,3113,44.1,49,215,9.70768,46.6044,0.6560590289905073,0.754709580222772
RGI60-11.01343,2000-01-01_2020-01-01,85000.0,-0.8432,0.6043,11,False,RGI60-11.01343,0.085,2621,2816,2708,38.5,343,261,8.2302,46.6038,0.9563047559630353,-0.29237170472273716
RGI60-11.01344,2000-01-01_2020-01-01,92000.0,-0.0901,0.3308,11,False,RGI60-11.01344,0.092,2654,2909,2803,26.5,343,475,8.61212,46.6049,0.9563047559630353,-0.29237170472273716
RGI60-11.01345,2000-01-01_2020-01-01,23000.0,-0.5963718926974675,0.4007490312965724,11,True,RGI60-11.01345,0.023,2602,2648,2618,14.3,33,237,8.44021,46.6054,0.838670567945424,0.5446390350150271
RGI60-11.01346,2000-01-01_2020-01-01,18842000.0,-0.9949,0.1496,11,False,RGI60-11.01346,18.842,1269,4057,2812,24.5,19,9285,8.06736,46.5676,0.9455185755993168,0.3255681544571567
RGI60-11.01347,2000-01-01_2020-01-01,11000.0,-0.5963718926974675,0.4007490312965724,11,True,RGI60-11.01347,0.011,2702,2774,2739,23.7,124,158,8.43565,46.6052,-0.5591929034707467,0.8290375725550417
RGI60-11.01348,2000-01-01_2020-01-01,77000.0,-1.1109,0.5861,11,False,RGI60-11.01348,0.077,2781,2918,2851,16.6,258,551,8.40189,46.6036,-0.2079116908177598,-0.9781476007338056
RGI60-11.01349,2000-01-01_2020-01-01,32000.0,-0.602,0.5194,11,False,RGI60-11.01349,0.032,2775,2915,2868,28.0,99,226,8.77219,46.6054,-0.1564344650402308,0.9876883405951378
RGI60-11.01350,2000-01-01_2020-01-01,48000.0,0.0585,0.3277,11,False,RGI60-11.01350,0.048,2581,2711,2638,21.8,13,316,9.84184,46.6016,0.9743700647852352,0.224951054343865
RGI60-11.01351,2000-01-01_2020-01-01,11000.0,-0.5963718926974675,0.4007490312965724,11,True,RGI60-11.01351,0.011,3015,3137,3080,39.9,17,261,8.11415,46.602,0.9563047559630354,0.29237170472273677
RGI60-11.01352,2000-01-01_2020-01-01,28000.0,-0.4038,0.446,11,False,RGI60-11.01352,0.028,2675,2778,2727,38.1,178,146,8.08845,46.6011,-0.9993908270190958,0.03489949670250114
RGI60-11.01353,2000-01-01_2020-01-01,72000.0,-0.5977,0.3542,11,False,RGI60-11.01353,0.072,2922,3174,3041,32.7,199,401,8.15885,46.6004,-0.9455185755993167,-0.32556815445715676
RGI60-11.01354,2000-01-01_2020-01-01,95000.0,-0.8466,0.4502,11,False,RGI60-11.01354,0.095,2729,2966,2812,30.6,33,386,9.71438,46.6011,0.838670567945424,0.5446390350150271
RGI60-11.01355,2000-01-01_2020-01-01,121000.0,-0.6264,0.3661,11,False,RGI60-11.01355,0.121,2619,2994,2814,32.8,238,568,8.09636,46.5979,-0.529919264233205,-0.848048096156426
RGI60-11.01356,2000-01-01_2020-01-01,16000.0,-0.5963718926974675,0.4007490312965724,11,True,RGI60-11.01356,0.016,3136,3395,3251,40.5,11,355,8.11042,46.6003,0.981627183447664,0.1908089953765448
RGI60-11.01357,2000-01-01_2020-01-01,257000.0,-0.2796,0.209,11,False,RGI60-11.01357,0.257,2616,2880,2696,20.6,313,803,9.02687,46.6032,0.6819983600624986,-0.7313537016191703
RGI60-11.01358,2000-01-01_2020-01-01,1509000.0,-0.7689,0.1675,11,False,RGI60-11.01358,1.509,2462,3204,2866,22.2,359,1855,8.21162,46.5934,0.9998476951563913,-0.01745240643728356
RGI60-11.01359,2000-01-01_2020-01-01,32000.0,-0.6919,0.6633,11,False,RGI60-11.01359,0.032,2714,2850,2788,24.2,14,320,8.4393,46.6023,0.9702957262759965,0.24192189559966773
RGI60-11.01360,2000-01-01_2020-01-01,208000.0,0.0968,0.2574,11,False,RGI60-11.01360,0.208,3120,3705,3362,41.1,3,230,8.12218,46.5972,0.9986295347545738,0.052335956242943835
RGI60-11.01361,2000-01-01_2020-01-01,35000.0,0.2749,0.343,11,False,RGI60-11.01361,0.035,2609,2685,2642,16.9,332,215,9.82419,46.6007,0.882947592858927,-0.4694715627858908
RGI60-11.01362,2000-01-01_2020-01-01,1437000.0,-0.9486,0.214,11,False,RGI60-11.01362,1.437,2383,3138,2843,21.7,348,2290,8.22907,46.5914,0.9781476007338056,-0.20791169081775987
RGI60-11.01363,2000-01-01_2020-01-01,201000.0,-0.2747,0.2412,11,False,RGI60-11.01363,0.201,2756,3063,2941,27.3,266,608,8.35817,46.6003,-0.06975647374412558,-0.9975640502598242
RGI60-11.01364,2000-01-01_2020-01-01,11000.0,-0.5963718926974675,0.4007490312965724,11,True,RGI60-11.01364,0.011,2594,2634,2610,19.0,351,112,8.76455,46.6031,0.9876883405951377,-0.1564344650402311
RGI60-11.01365,2000-01-01_2020-01-01,122000.0,-0.5413,0.3265,11,False,RGI60-11.01365,0.122,2746,2872,2816,19.5,97,350,8.77131,46.6007,-0.12186934340514737,0.9925461516413221
RGI60-11.01366,2000-01-01_2020-01-01,317000.0,-0.5782,0.2449,11,False,RGI60-11.01366,0.317,2850,3432,3169,36.9,249,733,8.10345,46.5937,-0.3583679495453007,-0.9335804264972016
RGI60-11.01367,2000-01-01_2020-01-01,211000.0,-0.8493,0.3249,11,False,RGI60-11.01367,0.211,2590,2856,2709,18.2,5,751,8.60104,46.5988,0.9961946980917455,0.08715574274765817
RGI60-11.01368,2000-01-01_2020-01-01,21000.0,-0.5963718926974675,0.4007490312965724,11,True,RGI60-11.01368,0.021,3015,3103,3063,26.2,303,177,8.40488,46.6,0.5446390350150266,-0.8386705679454243
RGI60-11.01369,2000-01-01_2020-01-01,23000.0,-0.3505,0.4438,11,False,RGI60-11.01369,0.023,2872,3012,2944,33.3,208,226,8.1612,46.5976,-0.8829475928589269,-0.46947156278589086
RGI60-11.01370,2000-01-01_2020-01-01,17000.0,-0.5963718926974675,0.4007490312965724,11,True,RGI60-11.01370,0.017,3232,3282,3262,23.6,41,146,8.16965,46.5977,0.754709580222772,0.6560590289905073
RGI60-11.01371,2000-01-01_2020-01-01,58000.0,-0.3092,0.5482,11,False,RGI60-11.01371,0.058,2459,2689,2581,45.1,31,246,8.26988,46.5978,0.8571673007021123,0.5150380749100542
RGI60-11.01372,2000-01-01_2020-01-01,54000.0,-1.2253,0.6542,11,False,RGI60-11.01372,0.054,3003,3118,3079,24.4,192,261,8.40583,46.5984,-0.9781476007338056,-0.2079116908177595
RGI60-11.01373,2000-01-01_2020-01-01,14000.0,-0.5963718926974675,0.4007490312965724,11,True,RGI60-11.01373,0.014,3149,3216,3186,28.9,110,103,8.17153,46.5963,-0.3420201433256687,0.9396926207859084
RGI60-11.01374,2000-01-01_2020-01-01,71000.0,-0.637,0.4032,11,False,RGI60-11.01374,0.071,2875,3094,2956,29.8,251,329,8.35986,46.5961,-0.32556815445715664,-0.9455185755993168
RGI60-11.01375,2000-01-01_2020-01-01,37000.0,-0.4138,0.4451,11,False,RGI60-11.01375,0.037,2911,3137,3027,34.4,179,329,8.1685,46.5938,-0.9998476951563913,0.01745240643728344
RGI60-11.01376,2000-01-01_2020-01-01,56000.0,-0.3759,0.3272,11,False,RGI60-11.01376,0.056,2695,2820,2761,19.3,65,383,8.61109,46.5967,0.42261826174069944,0.9063077870366499
RGI60-11.01377,2000-01-01_2020-01-01,187000.0,-0.2214,0.276,11,False,RGI60-11.01377,0.187,2851,3381,3143,34.4,228,808,8.10591,46.5895,-0.6691306063588581,-0.7431448254773944
RGI60-11.01378,2000-01-01_2020-01-01,1432000.0,-1.0284,0.2217,11,False,RGI60-11.01378,1.432,2358,3143,2772,21.8,63,2297,8.25277,46.5881,0.4539904997395468,0.8910065241883678
RGI60-11.01379,2000-01-01_2020-01-01,966000.0,-0.5203,0.166,11,False,RGI60-11.01379,0.966,2547,3185,2804,22.8,73,1352,8.03406,46.5843,0.29237170472273677,0.9563047559630354
RGI60-11.01380,2000-01-01_2020-01-01,108000.0,-0.089,0.2821,11,False,RGI60-11.01380,0.108,3207,3567,3370,40.6,250,496,8.11055,46.5894,-0.34202014332566855,-0.9396926207859084
RGI60-11.01381,2000-01-01_2020-01-01,27000.0,-0.5963718926974675,0.4007490312965724,11,True,RGI60-11.01381,0.027,3049,3326,3161,51.6,21,224,8.13336,46.5912,0.9335804264972017,0.35836794954530027
RGI60-11.01382,2000-01-01_2020-01-01,13000.0,-0.5963718926974675,0.4007490312965724,11,True,RGI60-11.01382,0.013,2584,2680,2619,30.9,142,160,8.41558,46.5931,-0.7880107536067219,0.6156614753256584
RGI60-11.01383,2000-01-01_2020-01-01,491000.0,-0.8216,0.238,11,False,RGI60-11.01383,0.491,2530,2898,2723,16.7,324,1361,8.69868,46.5881,0.8090169943749473,-0.5877852522924734
RGI60-11.01384,2000-01-01_2020-01-01,29000.0,1.0113,0.906,11,False,RGI60-11.01384,0.029,3649,3852,3752,45.1,42,230,8.12349,46.59,0.7431448254773942,0.6691306063588582
RGI60-11.01385,2000-01-01_2020-01-01,11000.0,-0.5963718926974675,0.4007490312965724,11,True,RGI60-11.01385,0.011,3122,3286,3215,37.6,33,329,8.13776,46.59,0.838670567945424,0.5446390350150271
RGI60-11.01386,2000-01-01_2020-01-01,19000.0,-0.3716,0.7148,11,False,RGI60-11.01386,0.019,2693,2869,2810,38.0,94,246,8.41127,46.5903,-0.06975647374412533,0.9975640502598242
RGI60-11.01387,2000-01-01_2020-01-01,838000.0,-0.2628,0.1736,11,False,RGI60-11.01387,0.838,2600,3580,3191,31.7,255,1506,8.11432,46.5816,-0.25881904510252063,-0.9659258262890683
RGI60-11.01388,2000-01-01_2020-01-01,30000.0,-1.4747,0.919,11,False,RGI60-11.01388,0.03,3092,3160,3139,22.8,162,182,8.20224,46.5861,-0.9510565162951535,0.3090169943749475
RGI60-11.01389,2000-01-01_2020-01-01,87000.0,-1.0314,0.4493,11,False,RGI60-11.01389,0.087,2967,3152,3047,27.6,157,364,8.19508,46.585,-0.9205048534524404,0.39073112848927377
RGI60-11.01390,2000-01-01_2020-01-01,21000.0,-0.7248,1.1021,11,False,RGI60-11.01390,0.021,2889,3184,3052,39.8,22,562,8.14299,46.5845,0.9271838545667874,0.374606593415912
RGI60-11.01391,2000-01-01_2020-01-01,19000.0,-0.1206,0.4586,11,False,RGI60-11.01391,0.019,2688,2775,2737,25.5,106,214,8.41192,46.587,-0.27563735581699905,0.9612616959383189
RGI60-11.01392,2000-01-01_2020-01-01,151000.0,-0.7285,0.3939,11,False,RGI60-11.01392,0.151,2887,3161,3049,26.6,171,630,8.20962,46.5842,-0.9876883405951377,0.15643446504023098
RGI60-11.01393,2000-01-01_2020-01-01,123000.0,-0.999,0.5483,11,False,RGI60-11.01393,0.123,2972,3242,3116,28.7,130,285,8.21956,46.5847,-0.6427876096865394,0.766044443118978
RGI60-11.01394,2000-01-01_2020-01-01,304000.0,-0.489,0.2409,11,False,RGI60-11.01394,0.304,2563,2862,2730,17.6,22,950,8.61855,46.5826,0.9271838545667874,0.374606593415912
RGI60-11.01395,2000-01-01_2020-01-01,15000.0,-0.5963718926974675,0.4007490312965724,11,True,RGI60-11.01395,0.015,2760,2829,2797,20.8,63,127,8.73208,46.5874,0.4539904997395468,0.8910065241883678
RGI60-11.01396,2000-01-01_2020-01-01,11000.0,0.0953,0.3653,11,False,RGI60-11.01396,0.011,2939,3021,2977,22.2,201,190,8.23146,46.5844,-0.9335804264972017,-0.35836794954530043
RGI60-11.01397,2000-01-01_2020-01-01,15000.0,-0.436,0.6682,11,False,RGI60-11.01397,0.015,2884,2952,2921,24.7,171,79,8.23447,46.5842,-0.9876883405951377,0.15643446504023098
RGI60-11.01398,2000-01-01_2020-01-01,285000.0,-0.6622,0.2283,11,False,RGI60-11.01398,0.285,2592,2799,2705,17.6,328,719,8.69281,46.5835,0.8480480961564258,-0.529919264233205
RGI60-11.01399,2000-01-01_2020-01-01,31000.0,-0.6329,0.5057,11,False,RGI60-11.01399,0.031,2896,2999,2940,21.6,168,214,8.18839,46.583,-0.9781476007338057,0.20791169081775931
RGI60-11.01400,2000-01-01_2020-01-01,40000.0,-0.5758,0.4725,11,False,RGI60-11.01400,0.04,2754,2918,2825,28.6,150,302,8.22685,46.583,-0.8660254037844387,0.49999999999999994
RGI60-11.01401,2000-01-01_2020-01-01,14000.0,-0.5963718926974675,0.4007490312965724,11,True,RGI60-11.01401,0.014,2706,2806,2769,32.4,9,146,8.83488,46.5862,0.9876883405951378,0.15643446504023087
RGI60-11.01402,2000-01-01_2020-01-01,37000.0,-0.5963718926974675,0.4007490312965724,11,True,RGI60-11.01402,0.037,3312,3640,3524,51.3,3,251,8.00965,46.5813,0.9986295347545738,0.052335956242943835
RGI60-11.01403,2000-01-01_2020-01-01,50000.0,-0.1411,0.2652,11,False,RGI60-11.01403,0.05,2837,3031,2902,22.2,162,482,8.2018,46.5822,-0.9510565162951535,0.3090169943749475
RGI60-11.01404,2000-01-01_2020-01-01,11000.0,-0.5963718926974675,0.4007490312965724,11,True,RGI60-11.01404,0.011,2982,3075,3025,41.0,228,106,8.21385,46.5836,-0.6691306063588581,-0.7431448254773944
RGI60-11.01405,2000-01-01_2020-01-01,14000.0,-0.5963718926974675,0.4007490312965724,11,True,RGI60-11.01405,0.014,2847,2896,2866,18.6,184,135,8.23545,46.583,-0.9975640502598242,-0.06975647374412527
RGI60-11.01406,2000-01-01_2020-01-01,11000.0,-0.5963718926974675,0.4007490312965724,11,True,RGI60-11.01406,0.011,3001,3069,3037,35.2,207,127,8.24088,46.5831,-0.8910065241883679,-0.45399049973954664
RGI60-11.01407,2000-01-01_2020-01-01,51000.0,-0.9574,0.528,11,False,RGI60-11.01407,0.051,2460,2568,2498,19.5,219,305,8.10068,46.5809,-0.7771459614569708,-0.6293203910498376
RGI60-11.01408,2000-01-01_2020-01-01,27000.0,-0.8705,0.8655,11,False,RGI60-11.01408,0.027,2962,3068,3003,31.5,103,135,8.21876,46.581,-0.22495105434386503,0.9743700647852352
RGI60-11.01409,2000-01-01_2020-01-01,148000.0,-0.7351,0.4081,11,False,RGI60-11.01409,0.148,2660,2995,2775,28.5,51,401,8.26506,46.5803,0.6293203910498375,0.7771459614569709
RGI60-11.01410,2000-01-01_2020-01-01,14000.0,-0.5963718926974675,0.4007490312965724,11,True,RGI60-11.01410,0.014,3739,3898,3861,51.2,336,75,8.00657,46.5791,0.913545457642601,-0.40673664307580015
RGI60-11.01411,2000-01-01_2020-01-01,12000.0,-0.5963718926974675,0.4007490312965724,11,True,RGI60-11.01411,0.012,2456,2477,2462,10.2,269,71,8.1008,46.5784,-0.017452406437283498,-0.9998476951563913
RGI60-11.01412,2000-01-01_2020-01-01,19000.0,-0.8424,0.8183,11,False,RGI60-11.01412,0.019,2648,2728,2689,22.2,26,230,8.27081,46.5792,0.898794046299167,0.4383711467890774
RGI60-11.01413,2000-01-01_2020-01-01,300000.0,-0.4815,0.2114,11,False,RGI60-11.01413,0.3,3037,3492,3291,28.4,200,862,8.13404,46.5752,-0.9396926207859084,-0.34202014332566866
RGI60-11.01414,2000-01-01_2020-01-01,23000.0,-0.2201,0.4302,11,False,RGI60-11.01414,0.023,3329,3498,3402,39.3,200,182,8.1303,46.5777,-0.9396926207859084,-0.34202014332566866
RGI60-11.01415,2000-01-01_2020-01-01,32000.0,0.0908,0.6164,11,False,RGI60-11.01415,0.032,2583,2729,2646,30.7,24,236,8.27462,46.5786,0.9135454576426009,0.4067366430758002
RGI60-11.01416,2000-01-01_2020-01-01,23000.0,-0.5963718926974675,0.4007490312965724,11,True,RGI60-11.01416,0.023,2790,2883,2851,24.3,117,200,8.69968,46.5805,-0.45399049973954675,0.8910065241883679
RGI60-11.01417,2000-01-01_2020-01-01,145000.0,-0.4267,0.2569,11,False,RGI60-11.01417,0.145,2924,3330,3183,29.7,257,735,8.11386,46.5756,-0.22495105434386525,-0.9743700647852351
RGI60-11.01418,2000-01-01_2020-01-01,84000.0,-0.092,0.3338,11,False,RGI60-11.01418,0.084,2588,2867,2708,32.6,276,343,7.987,46.5749,0.10452846326765299,-0.9945218953682734
RGI60-11.01419,2000-01-01_2020-01-01,482000.0,-0.6427,0.2581,11,False,RGI60-11.01419,0.482,2492,3160,2720,34.3,322,968,8.07632,46.571,0.788010753606722,-0.6156614753256582
RGI60-11.01420,2000-01-01_2020-01-01,16000.0,-0.5963718926974675,0.4007490312965724,11,True,RGI60-11.01420,0.016,2662,2776,2703,36.0,244,190,8.10585,46.5761,-0.43837114678907774,-0.8987940462991668
RGI60-11.01421,2000-01-01_2020-01-01,133000.0,-0.2967,0.3045,11,False,RGI60-11.01421,0.133,3202,3663,3324,34.6,283,608,7.99731,46.5738,0.22495105434386492,-0.9743700647852352
RGI60-11.01422,2000-01-01_2020-01-01,12000.0,-0.1005,0.5112,11,False,RGI60-11.01422,0.012,3620,3709,3665,41.0,126,112,8.00613,46.5745,-0.587785252292473,0.8090169943749475
RGI60-11.01423,2000-01-01_2020-01-01,43000.0,-0.5947,0.5186,11,False,RGI60-11.01423,0.043,2696,2857,2804,24.8,325,347,8.72467,46.5773,0.8191520442889916,-0.5735764363510465
RGI60-11.01424,2000-01-01_2020-01-01,33000.0,-0.3038,0.4613,11,False,RGI60-11.01424,0.033,3576,3736,3680,36.4,195,247,8.00344,46.5741,-0.9659258262890683,-0.2588190451025208
RGI60-11.01425,2000-01-01_2020-01-01,73000.0,-0.7984,0.4753,11,False,RGI60-11.01425,0.073,2767,2950,2850,33.5,63,285,8.83506,46.5778,0.4539904997395468,0.8910065241883678
RGI60-11.01426,2000-01-01_2020-01-01,97000.0,-0.4067,0.3697,11,False,RGI60-11.01426,0.097,2618,2996,2779,36.1,62,510,8.08424,46.5728,0.46947156278589086,0.8829475928589269
RGI60-11.01427,2000-01-01_2020-01-01,311000.0,-0.3509,0.2241,11,False,RGI60-11.01427,0.311,2830,3380,3088,28.4,238,1192,8.1126,46.5665,-0.529919264233205,-0.848048096156426
RGI60-11.01428,2000-01-01_2020-01-01,242000.0,-0.9954,0.2913,11,False,RGI60-11.01428,0.242,2568,2770,2645,19.6,11,653,8.86716,46.5761,0.981627183447664,0.1908089953765448
RGI60-11.01429,2000-01-01_2020-01-01,10000.0,-0.5963718926974675,0.4007490312965724,11,True,RGI60-11.01429,0.01,3047,3118,3080,29.6,19,-9,8.15435,46.5745,0.9455185755993168,0.3255681544571567
RGI60-11.01430,2000-01-01_2020-01-01,15000.0,-0.5275,0.738,11,False,RGI60-11.01430,0.015,2631,2744,2673,29.9,36,202,8.62902,46.5766,0.8090169943749475,0.5877852522924731
RGI60-11.01431,2000-01-01_2020-01-01,1946000.0,-0.5185,0.1703,11,False,RGI60-11.01431,1.946,2278,3770,3136,33.1,296,2499,7.99013,46.5669,0.4383711467890774,-0.898794046299167
RGI60-11.01432,2000-01-01_2020-01-01,14000.0,-0.5963718926974675,0.4007490312965724,11,True,RGI60-11.01432,0.014,2713,2759,2739,21.6,331,106,8.60846,46.5765,0.8746197071393959,-0.4848096202463369
RGI60-11.01433,2000-01-01_2020-01-01,130000.0,-0.7189,0.3389,11,False,RGI60-11.01433,0.13,3013,3342,3185,32.0,193,443,8.13912,46.572,-0.9743700647852352,-0.22495105434386498
RGI60-11.01434,2000-01-01_2020-01-01,23000.0,-0.2257,0.396,11,False,RGI60-11.01434,0.023,2568,2612,2588,18.0,82,127,8.75901,46.5765,0.13917310096006547,0.9902680687415704
RGI60-11.01435,2000-01-01_2020-01-01,692000.0,-0.5018,0.1874,11,False,RGI60-11.01435,0.692,2637,3230,2944,31.5,54,959,8.16056,46.57,0.5877852522924731,0.8090169943749475
RGI60-11.01436,2000-01-01_2020-01-01,22000.0,-0.5339,0.564,11,False,RGI60-11.01436,0.022,2544,2625,2581,22.7,0,177,8.87524,46.5758,1.0,0.0
RGI60-11.01437,2000-01-01_2020-01-01,212000.0,-1.0154,0.3729,11,False,RGI60-11.01437,0.212,3036,3500,3260,29.7,182,912,8.1483,46.5682,-0.9993908270190958,-0.0348994967025009
RGI60-11.01438,2000-01-01_2020-01-01,206000.0,-0.7153,0.2689,11,False,RGI60-11.01438,0.206,2956,3249,3084,20.3,278,882,10.642,46.5613,0.13917310096006547,-0.9902680687415704
RGI60-11.01439,2000-01-01_2020-01-01,43000.0,-0.29,0.3893,11,False,RGI60-11.01439,0.043,2570,2707,2647,26.4,334,285,8.85775,46.5729,0.8987940462991668,-0.4383711467890778
RGI60-11.01440,2000-01-01_2020-01-01,24000.0,-0.5963718926974675,0.4007490312965724,11,True,RGI60-11.01440,0.024,2577,2625,2599,17.1,139,127,8.62238,46.572,-0.754709580222772,0.6560590289905073
RGI60-11.01441,2000-01-01_2020-01-01,38000.0,0.26,0.3386,11,False,RGI60-11.01441,0.038,3180,3313,3241,34.9,247,180,8.11943,46.5668,-0.3907311284892738,-0.9205048534524403
RGI60-11.01442,2000-01-01_2020-01-01,95000.0,-0.5592,0.3699,11,False,RGI60-11.01442,0.095,2725,3170,2984,41.5,282,506,8.0738,46.5657,0.20791169081775943,-0.9781476007338056
RGI60-11.01443,2000-01-01_2020-01-01,173000.0,-0.3867,0.3496,11,False,RGI60-11.01443,0.173,3395,4034,3714,49.4,325,345,7.99833,46.5622,0.8191520442889916,-0.5735764363510465
RGI60-11.01444,2000-01-01_2020-01-01,277000.0,-0.7913,0.2744,11,False,RGI60-11.01444,0.277,2730,3007,2845,18.8,63,846,8.83559,46.5674,0.4539904997395468,0.8910065241883678
RGI60-11.01445,2000-01-01_2020-01-01,1947000.0,-0.5864,0.1728,11,False,RGI60-11.01445,1.947,2290,3509,2814,28.9,337,1841,7.97127,46.5543,0.9205048534524403,-0.3907311284892739
RGI60-11.01446,2000-01-01_2020-01-01,38000.0,-0.1709,0.626,11,False,RGI60-11.01446,0.038,3306,3499,3420,51.4,4,125,8.02464,46.5639,0.9975640502598242,0.0697564737441253
RGI60-11.01447,2000-01-01_2020-01-01,187000.0,-0.7937,0.3493,11,False,RGI60-11.01447,0.187,2974,3294,3085,30.6,115,527,8.16023,46.5639,-0.42261826174069933,0.90630778703665
RGI60-11.01448,2000-01-01_2020-01-01,13000.0,-0.2508,0.4692,11,False,RGI60-11.01448,0.013,2674,2737,2709,19.8,3,152,9.76572,46.5645,0.9986295347545738,0.052335956242943835
RGI60-11.01449,2000-01-01_2020-01-01,182000.0,-0.3966,0.2166,11,False,RGI60-11.01449,0.182,2837,3148,3020,22.6,337,652,10.8583,46.5491,0.9205048534524403,-0.3907311284892739
RGI60-11.01450,2000-01-01_2020-01-01,82206000.0,-1.2107,0.1315,11,False,RGI60-11.01450,82.206,1607,4077,3162,14.7,149,23746,8.01919,46.5028,-0.8571673007021122,0.5150380749100544
RGI60-11.01451,2000-01-01_2020-01-01,23000.0,-0.5963718926974675,0.4007490312965724,11,True,RGI60-11.01451,0.023,3483,3574,3537,31.7,346,90,8.02978,46.5626,0.9702957262759965,-0.24192189559966787
RGI60-11.01452,2000-01-01_2020-01-01,305000.0,-0.5831,0.2217,11,False,RGI60-11.01452,0.305,2828,3331,3148,28.1,43,1053,10.6532,46.5494,0.7313537016191705,0.6819983600624985
RGI60-11.01453,2000-01-01_2020-01-01,342000.0,-1.0361,0.3043,11,False,RGI60-11.01453,0.342,2875,3439,3050,23.9,316,1232,10.643,46.5497,0.7193398003386509,-0.6946583704589976
RGI60-11.01454,2000-01-01_2020-01-01,21000.0,-0.5809,0.5576,11,False,RGI60-11.01454,0.021,2895,3036,2965,41.3,233,160,7.97952,46.5599,-0.6018150231520483,-0.7986355100472928
RGI60-11.01455,2000-01-01_2020-01-01,12000.0,-0.2365,0.3653,11,False,RGI60-11.01455,0.012,2805,2850,2822,22.9,216,125,8.14602,46.5615,-0.8090169943749475,-0.587785252292473
RGI60-11.01456,2000-01-01_2020-01-01,75000.0,-0.4494,0.4711,11,False,RGI60-11.01456,0.075,3264,3820,3536,42.6,292,448,7.98822,46.5578,0.37460659341591196,-0.9271838545667874
RGI60-11.01457,2000-01-01_2020-01-01,12000.0,-0.5963718926974675,0.4007490312965724,11,True,RGI60-11.01457,0.012,2658,2706,2681,21.5,31,125,9.76012,46.5614,0.8571673007021123,0.5150380749100542
RGI60-11.01458,2000-01-01_2020-01-01,149000.0,-0.1796,0.3733,11,False,RGI60-11.01458,0.149,3183,3756,3499,50.5,358,325,8.04992,46.5577,0.9993908270190958,-0.034899496702500823
RGI60-11.01459,2000-01-01_2020-01-01,198000.0,-0.5187,0.4321,11,False,RGI60-11.01459,0.198,3316,3865,3634,55.8,347,391,8.0706,46.5545,0.9743700647852351,-0.22495105434386534
RGI60-11.01460,2000-01-01_2020-01-01,48000.0,-0.5963718926974675,0.4007490312965724,11,True,RGI60-11.01460,0.048,2874,3485,3129,56.2,16,375,8.06244,46.5578,0.9612616959383189,0.27563735581699916
RGI60-11.01461,2000-01-01_2020-01-01,45000.0,-0.3864,0.4719,11,False,RGI60-11.01461,0.045,3816,4057,3959,33.7,278,230,7.99452,46.5578,0.13917310096006547,-0.9902680687415704
RGI60-11.01462,2000-01-01_2020-01-01,30000.0,0.0501,0.4081,11,False,RGI60-11.01462,0.03,2086,2220,2163,34.5,323,190,7.94238,46.5574,0.7986355100472928,-0.6018150231520483
RGI60-11.01463,2000-01-01_2020-01-01,18000.0,-0.5963718926974675,0.4007490312965724,11,True,RGI60-11.01463,0.018,2907,3274,3103,55.3,323,257,8.07168,46.5594,0.7986355100472928,-0.6018150231520483
RGI60-11.01464,2000-01-01_2020-01-01,11000.0,-0.5963718926974675,0.4007490312965724,11,True,RGI60-11.01464,0.011,2701,2723,2713,18.4,331,71,9.02153,46.5628,0.8746197071393959,-0.4848096202463369
RGI60-11.01465,2000-01-01_2020-01-01,28000.0,-0.4467,0.5188,11,False,RGI60-11.01465,0.028,2961,3049,2994,30.9,134,125,8.15885,46.5591,-0.6946583704589974,0.7193398003386511
RGI60-11.01466,2000-01-01_2020-01-01,122000.0,-0.7067,0.3064,11,False,RGI60-11.01466,0.122,2991,3221,3110,24.7,41,501,10.8615,46.5458,0.754709580222772,0.6560590289905073
RGI60-11.01467,2000-01-01_2020-01-01,12000.0,-0.5963718926974675,0.4007490312965724,11,True,RGI60-11.01467,0.012,3516,3748,3678,55.2,353,146,8.05192,46.557,0.9925461516413221,-0.12186934340514723
RGI60-11.01468,2000-01-01_2020-01-01,2048000.0,-0.2612,0.1817,11,False,RGI60-11.01468,2.048,2257,3884,3308,33.6,339,2027,7.95496,46.5469,0.9335804264972015,-0.35836794954530077
RGI60-11.01469,2000-01-01_2020-01-01,11000.0,-0.5963718926974675,0.4007490312965724,11,True,RGI60-11.01469,0.011,3100,3314,3187,57.1,345,112,8.0702,46.5572,0.9659258262890683,-0.2588190451025207
RGI60-11.01470,2000-01-01_2020-01-01,21000.0,-0.3361,0.8135,11,False,RGI60-11.01470,0.021,3540,3703,3609,59.9,322,103,8.0744,46.5561,0.788010753606722,-0.6156614753256582
RGI60-11.01471,2000-01-01_2020-01-01,68000.0,-0.2228,0.6314,11,False,RGI60-11.01471,0.068,3200,3555,3352,58.4,346,202,8.07036,46.5563,0.9702957262759965,-0.24192189559966787
RGI60-11.01472,2000-01-01_2020-01-01,11000.0,-0.2503,0.4056,11,False,RGI60-11.01472,0.011,2859,2884,2869,12.8,347,-9,9.75137,46.558,0.9743700647852351,-0.22495105434386534
RGI60-11.01473,2000-01-01_2020-01-01,4364000.0,-0.9331,0.1709,11,False,RGI60-11.01473,4.364,2592,3391,3157,15.0,26,3408,10.6618,46.537,0.898794046299167,0.4383711467890774
RGI60-11.01474,2000-01-01_2020-01-01,196000.0,-0.2163,0.2883,11,False,RGI60-11.01474,0.196,3368,3975,3727,45.9,7,510,8.0602,46.5544,0.992546151641322,0.12186934340514748
RGI60-11.01475,2000-01-01_2020-01-01,31000.0,-0.7083,0.515,11,False,RGI60-11.01475,0.031,2698,2773,2738,22.0,22,226,10.3167,46.5513,0.9271838545667874,0.374606593415912
RGI60-11.01476,2000-01-01_2020-01-01,24000.0,-0.5963718926974675,0.4007490312965724,11,True,RGI60-11.01476,0.024,3057,3122,3084,20.2,101,215,10.7029,46.5462,-0.1908089953765448,0.981627183447664
RGI60-11.01477,2000-01-01_2020-01-01,23000.0,-0.2996,0.4184,11,False,RGI60-11.01477,0.023,2422,2495,2456,19.8,63,212,8.20872,46.5558,0.4539904997395468,0.8910065241883678
RGI60-11.01478,2000-01-01_2020-01-01,31334000.0,-1.0729,0.1403,11,False,RGI60-11.01478,31.334,1713,4072,3156,17.9,138,15373,8.12141,46.5169,-0.7431448254773941,0.6691306063588583
RGI60-11.01479,2000-01-01_2020-01-01,197000.0,-0.8429,0.3623,11,False,RGI60-11.01479,0.197,2886,3421,3034,31.1,340,847,10.6363,46.5436,0.9396926207859084,-0.3420201433256686
RGI60-11.01480,2000-01-01_2020-01-01,136000.0,-0.1002,0.2231,11,False,RGI60-11.01480,0.136,3765,3972,3879,22.5,28,396,8.06551,46.5526,0.882947592858927,0.4694715627858908
RGI60-11.01481,2000-01-01_2020-01-01,23000.0,-0.6708,0.7475,11,False,RGI60-11.01481,0.023,2455,2582,2510,23.0,46,326,8.20764,46.5544,0.6946583704589973,0.7193398003386512
RGI60-11.01482,2000-01-01_2020-01-01,127000.0,-0.4039,0.2275,11,False,RGI60-11.01482,0.127,3174,3384,3303,20.7,84,574,10.6536,46.5437,0.10452846326765346,0.9945218953682733
RGI60-11.01483,2000-01-01_2020-01-01,26000.0,-0.1486,0.591,11,False,RGI60-11.01483,0.026,3028,3217,3109,47.6,50,160,8.13773,46.5528,0.6427876096865394,0.766044443118978
RGI60-11.01484,2000-01-01_2020-01-01,26000.0,-0.1787,0.5507,11,False,RGI60-11.01484,0.026,3384,3543,3484,35.9,273,224,7.98854,46.5514,0.052335956242943946,-0.9986295347545738
RGI60-11.01485,2000-01-01_2020-01-01,323000.0,-0.4789,0.2367,11,False,RGI60-11.01485,0.323,2656,3011,2839,28.0,4,469,8.22126,46.5513,0.9975640502598242,0.0697564737441253
RGI60-11.01486,2000-01-01_2020-01-01,173000.0,-0.427,0.2869,11,False,RGI60-11.01486,0.173,3122,3496,3422,31.7,327,436,7.98468,46.5495,0.838670567945424,-0.544639035015027
RGI60-11.01487,2000-01-01_2020-01-01,14000.0,-0.5963718926974675,0.4007490312965724,11,True,RGI60-11.01487,0.014,2727,2760,2737,12.4,360,168,10.3408,46.5478,1.0,-2.4492935982947064e-16
RGI60-11.01488,2000-01-01_2020-01-01,511000.0,-0.6873,0.2386,11,False,RGI60-11.01488,0.511,2638,3211,2894,33.8,330,811,8.18576,46.5492,0.8660254037844384,-0.5000000000000004
RGI60-11.01489,2000-01-01_2020-01-01,731000.0,-0.7007,0.2078,11,False,RGI60-11.01489,0.731,2649,3259,2918,28.9,35,1041,8.20217,46.5492,0.8191520442889918,0.573576436351046
RGI60-11.01490,2000-01-01_2020-01-01,29000.0,-0.0532,0.3445,11,False,RGI60-11.01490,0.029,2974,3029,2997,16.8,78,215,9.7277,46.5527,0.20791169081775945,0.9781476007338056
RGI60-11.01491,2000-01-01_2020-01-01,89000.0,-0.295,0.3614,11,False,RGI60-11.01491,0.089,2727,2936,2833,29.0,22,372,8.23139,46.5518,0.9271838545667874,0.374606593415912
RGI60-11.01492,2000-01-01_2020-01-01,449000.0,-0.7459,0.2319,11,False,RGI60-11.01492,0.449,2632,2934,2768,18.7,336,1002,8.41907,46.5502,0.913545457642601,-0.40673664307580015
RGI60-11.01493,2000-01-01_2020-01-01,17000.0,-0.1384,0.3981,11,False,RGI60-11.01493,0.017,2792,2859,2836,24.3,67,146,8.42577,46.5521,0.3907311284892737,0.9205048534524404
RGI60-11.01494,2000-01-01_2020-01-01,50000.0,-0.3194,0.3582,11,False,RGI60-11.01494,0.05,2933,3004,2980,17.4,51,168,9.73136,46.5502,0.6293203910498375,0.7771459614569709
RGI60-11.01495,2000-01-01_2020-01-01,113000.0,-0.3201,0.3382,11,False,RGI60-11.01495,0.113,2928,3364,3182,35.2,330,535,8.19158,46.5479,0.8660254037844384,-0.5000000000000004
RGI60-11.01496,2000-01-01_2020-01-01,71000.0,-0.4568,0.4213,11,False,RGI60-11.01496,0.071,2653,2884,2741,29.6,63,397,8.42994,46.5498,0.4539904997395468,0.8910065241883678
RGI60-11.01497,2000-01-01_2020-01-01,102000.0,-0.0628,0.2289,11,False,RGI60-11.01497,0.102,2980,3242,3160,23.0,2,524,9.68884,46.5479,0.9993908270190958,0.03489949670250097
RGI60-11.01498,2000-01-01_2020-01-01,230000.0,-0.0589,0.2354,11,False,RGI60-11.01498,0.23,3024,3618,3435,36.2,323,826,7.94404,46.5432,0.7986355100472928,-0.6018150231520483
RGI60-11.01499,2000-01-01_2020-01-01,85000.0,-0.5426,0.4306,11,False,RGI60-11.01499,0.085,3006,3361,3201,35.2,328,482,8.1806,46.5442,0.8480480961564258,-0.529919264233205
RGI60-11.01500,2000-01-01_2020-01-01,542000.0,-0.7923,0.2014,11,False,RGI60-11.01500,0.542,2896,3397,3173,25.1,115,1057,8.19716,46.5431,-0.42261826174069933,0.90630778703665
RGI60-11.01501,2000-01-01_2020-01-01,175000.0,-0.8959,0.4172,11,False,RGI60-11.01501,0.175,2749,3384,2988,37.9,322,797,8.17615,46.5435,0.788010753606722,-0.6156614753256582
RGI60-11.01502,2000-01-01_2020-01-01,113000.0,-0.5546,0.3823,11,False,RGI60-11.01502,0.113,2574,2948,2771,27.4,72,793,8.43337,46.5456,0.30901699437494745,0.9510565162951535
RGI60-11.01503,2000-01-01_2020-01-01,204000.0,-0.4075,0.2274,11,False,RGI60-11.01503,0.204,3023,3259,3196,20.2,53,573,9.69658,46.545,0.6018150231520484,0.7986355100472928
RGI60-11.01504,2000-01-01_2020-01-01,16000.0,-0.0974,0.6421,11,False,RGI60-11.01504,0.016,2869,2983,2937,30.6,30,202,9.70402,46.5459,0.8660254037844387,0.49999999999999994
RGI60-11.01505,2000-01-01_2020-01-01,842000.0,-0.9931,0.2358,11,False,RGI60-11.01505,0.842,2452,2897,2696,17.7,344,1988,8.45169,46.5398,0.9612616959383189,-0.27563735581699894
RGI60-11.01506,2000-01-01_2020-01-01,91000.0,-0.4595,0.361,11,False,RGI60-11.01506,0.091,2868,3010,2928,19.5,88,411,9.72274,46.5437,0.03489949670250108,0.9993908270190958
RGI60-11.01507,2000-01-01_2020-01-01,16000.0,-0.5963718926974675,0.4007490312965724,11,True,RGI60-11.01507,0.016,2792,2901,2841,35.2,25,160,9.81645,46.5445,0.9063077870366499,0.42261826174069944
RGI60-11.01508,2000-01-01_2020-01-01,35000.0,-0.5419,0.4597,11,False,RGI60-11.01508,0.035,3330,3407,3373,22.6,196,214,10.6376,46.5346,-0.9612616959383189,-0.275637355816999
RGI60-11.01509,2000-01-01_2020-01-01,4812000.0,-1.5752,0.2271,11,False,RGI60-11.01509,4.812,2310,3394,2887,19.9,72,4940,8.19757,46.5318,0.30901699437494745,0.9510565162951535
RGI60-11.01510,2000-01-01_2020-01-01,86000.0,-0.5464,0.3629,11,False,RGI60-11.01510,0.086,2678,2900,2815,26.2,358,486,8.46231,46.5424,0.9993908270190958,-0.034899496702500823
RGI60-11.01511,2000-01-01_2020-01-01,13000.0,-0.5963718926974675,0.4007490312965724,11,True,RGI60-11.01511,0.013,3759,3975,3886,58.7,23,146,8.12242,46.5418,0.9205048534524404,0.39073112848927377
RGI60-11.01512,2000-01-01_2020-01-01,181000.0,-0.6092,0.3024,11,False,RGI60-11.01512,0.181,2871,3380,3107,31.5,287,815,8.17366,46.5405,0.2923717047227367,-0.9563047559630354
RGI60-11.01513,2000-01-01_2020-01-01,18000.0,-0.1367,0.4163,11,False,RGI60-11.01513,0.018,3198,3343,3262,46.9,223,146,7.94178,46.5395,-0.7313537016191706,-0.6819983600624984
RGI60-11.01514,2000-01-01_2020-01-01,83000.0,-0.8847,0.4893,11,False,RGI60-11.01514,0.083,2684,2922,2822,28.6,48,451,8.4369,46.542,0.6691306063588582,0.7431448254773942
RGI60-11.01515,2000-01-01_2020-01-01,314000.0,-0.5667,0.3421,11,False,RGI60-11.01515,0.314,3512,4044,3865,34.6,296,801,7.9576,46.5378,0.4383711467890774,-0.898794046299167
RGI60-11.01516,2000-01-01_2020-01-01,314000.0,-0.3979,0.2125,11,False,RGI60-11.01516,0.314,2927,3260,3171,18.6,93,942,9.69856,46.5392,-0.05233595624294384,0.9986295347545738
RGI60-11.01517,2000-01-01_2020-01-01,17000.0,0.0537,0.3029,11,False,RGI60-11.01517,0.017,2592,2622,2607,12.5,256,158,8.51374,46.5431,-0.24192189559966779,-0.9702957262759965
RGI60-11.01518,2000-01-01_2020-01-01,68000.0,-0.1911,0.3007,11,False,RGI60-11.01518,0.068,2708,2859,2787,18.1,42,430,8.52133,46.5419,0.7431448254773942,0.6691306063588582
RGI60-11.01519,2000-01-01_2020-01-01,16000.0,-0.5963718926974675,0.4007490312965724,11,True,RGI60-11.01519,0.016,3894,4058,3983,51.2,52,152,8.1246,46.5397,0.6156614753256583,0.788010753606722
RGI60-11.01520,2000-01-01_2020-01-01,50000.0,-0.7118,0.5621,11,False,RGI60-11.01520,0.05,2973,3306,3155,42.0,237,388,7.94569,46.5366,-0.544639035015027,-0.8386705679454242
RGI60-11.01521,2000-01-01_2020-01-01,13000.0,-0.5963718926974675,0.4007490312965724,11,True,RGI60-11.01521,0.013,2748,2859,2801,38.1,23,146,8.44197,46.5405,0.9205048534524404,0.39073112848927377
RGI60-11.01522,2000-01-01_2020-01-01,661000.0,-1.0959,0.2657,11,False,RGI60-11.01522,0.661,2551,2877,2683,15.6,26,1390,8.47606,46.5349,0.898794046299167,0.4383711467890774
RGI60-11.01523,2000-01-01_2020-01-01,283000.0,-0.5037,0.2391,11,False,RGI60-11.01523,0.283,2661,3039,2895,21.3,345,981,9.0181,46.5373,0.9659258262890683,-0.2588190451025207
RGI60-11.01524,2000-01-01_2020-01-01,613000.0,-0.7078,0.188,11,False,RGI60-11.01524,0.613,2924,3387,3207,19.6,294,1185,10.6411,46.5265,0.40673664307579976,-0.9135454576426011
RGI60-11.01525,2000-01-01_2020-01-01,110000.0,-0.5627,0.3125,11,False,RGI60-11.01525,0.11,2780,2959,2851,18.9,48,478,8.4665,46.5382,0.6691306063588582,0.7431448254773942
RGI60-11.01526,2000-01-01_2020-01-01,23000.0,0.3177,0.4767,11,False,RGI60-11.01526,0.023,2896,2966,2918,22.5,21,195,9.02448,46.5411,0.9335804264972017,0.35836794954530027
RGI60-11.01527,2000-01-01_2020-01-01,1109000.0,-0.9788,0.2288,11,False,RGI60-11.01527,1.109,2510,2970,2729,15.4,15,2455,9.13927,46.5336,0.9659258262890683,0.25881904510252074
RGI60-11.01528,2000-01-01_2020-01-01,35000.0,-1.1044,0.8435,11,False,RGI60-11.01528,0.035,2968,3238,3113,45.9,352,269,8.15484,46.5371,0.9902680687415703,-0.13917310096006588
RGI60-11.01529,2000-01-01_2020-01-01,43000.0,-0.8932,0.5414,11,False,RGI60-11.01529,0.043,2692,2762,2728,16.4,88,236,9.15867,46.5402,0.03489949670250108,0.9993908270190958
RGI60-11.01530,2000-01-01_2020-01-01,28000.0,0.1998,0.3968,11,False,RGI60-11.01530,0.028,2628,2708,2663,20.3,60,195,9.58391,46.5391,0.5000000000000001,0.8660254037844386
RGI60-11.01531,2000-01-01_2020-01-01,17000.0,-0.5963718926974675,0.4007490312965724,11,True,RGI60-11.01531,0.017,3812,3992,3863,31.1,105,270,7.96354,46.5349,-0.25881904510252085,0.9659258262890683
RGI60-11.01532,2000-01-01_2020-01-01,36000.0,-1.254,0.8583,11,False,RGI60-11.01532,0.036,2792,2921,2864,22.5,241,304,8.44018,46.5386,-0.48480962024633684,-0.8746197071393959
RGI60-11.01533,2000-01-01_2020-01-01,33000.0,-0.5963718926974675,0.4007490312965724,11,True,RGI60-11.01533,0.033,3658,3867,3746,40.8,217,230,7.95585,46.5352,-0.7986355100472928,-0.6018150231520484
RGI60-11.01534,2000-01-01_2020-01-01,12000.0,-0.5963718926974675,0.4007490312965724,11,True,RGI60-11.01534,0.012,2436,2461,2449,14.6,360,112,8.50485,46.539,1.0,-2.4492935982947064e-16
RGI60-11.01535,2000-01-01_2020-01-01,92000.0,-0.1541,0.3371,11,False,RGI60-11.01535,0.092,3381,3596,3478,26.7,65,378,8.13499,46.5357,0.42261826174069944,0.9063077870366499
RGI60-11.01536,2000-01-01_2020-01-01,15000.0,0.2398,0.6585,11,False,RGI60-11.01536,0.015,3196,3393,3338,51.0,18,127,8.13936,46.5358,0.9510565162951535,0.3090169943749474
RGI60-11.01537,2000-01-01_2020-01-01,85000.0,-0.4516,0.3252,11,False,RGI60-11.01537,0.085,2219,2397,2296,30.6,253,348,7.93194,46.5328,-0.2923717047227371,-0.9563047559630353
RGI60-11.01538,2000-01-01_2020-01-01,38000.0,-0.3755,0.3858,11,False,RGI60-11.01538,0.038,2737,2808,2762,15.9,55,237,9.15898,46.5371,0.573576436351046,0.8191520442889918
RGI60-11.01539,2000-01-01_2020-01-01,21000.0,-0.9151,0.8443,11,False,RGI60-11.01539,0.021,2758,2852,2807,27.6,57,168,8.46986,46.5365,0.5446390350150271,0.838670567945424
RGI60-11.01540,2000-01-01_2020-01-01,79000.0,0.1735,0.4714,11,False,RGI60-11.01540,0.079,3626,3875,3825,35.9,255,255,7.96473,46.5321,-0.25881904510252063,-0.9659258262890683
RGI60-11.01541,2000-01-01_2020-01-01,192000.0,-0.7295,0.3054,11,False,RGI60-11.01541,0.192,2595,2795,2661,21.8,2,413,9.47145,46.5351,0.9993908270190958,0.03489949670250097
RGI60-11.01542,2000-01-01_2020-01-01,197000.0,-0.7585,0.3055,11,False,RGI60-11.01542,0.197,2596,2877,2739,22.7,284,654,8.44039,46.5337,0.24192189559966742,-0.9702957262759966
RGI60-11.01543,2000-01-01_2020-01-01,13000.0,-0.0029,0.566,11,False,RGI60-11.01543,0.013,2786,2866,2821,27.7,357,127,9.80329,46.5337,0.9986295347545738,-0.05233595624294437
RGI60-11.01544,2000-01-01_2020-01-01,299000.0,-0.4494,0.2371,11,False,RGI60-11.01544,0.299,2377,2936,2527,24.6,41,1172,10.5503,46.5224,0.754709580222772,0.6560590289905073
RGI60-11.01545,2000-01-01_2020-01-01,1236000.0,-0.656,0.1733,11,False,RGI60-11.01545,1.236,3076,3691,3360,26.3,187,1380,8.12508,46.5269,-0.9925461516413221,-0.12186934340514731
RGI60-11.01546,2000-01-01_2020-01-01,45000.0,-0.0789,0.3036,11,False,RGI60-11.01546,0.045,3138,3231,3177,19.4,145,266,9.69911,46.5336,-0.8191520442889919,0.5735764363510459
RGI60-11.01547,2000-01-01_2020-01-01,74000.0,-0.5154,0.3899,11,False,RGI60-11.01547,0.074,2893,3049,2968,23.8,43,404,9.79727,46.5326,0.7313537016191705,0.6819983600624985
RGI60-11.01548,2000-01-01_2020-01-01,40000.0,-0.711,0.642,11,False,RGI60-11.01548,0.04,2780,2939,2894,27.4,308,269,9.15185,46.5343,0.6156614753256585,-0.7880107536067218
RGI60-11.01549,2000-01-01_2020-01-01,749000.0,-0.7747,0.2205,11,False,RGI60-11.01549,0.749,2735,3256,3080,19.3,359,1228,9.70465,46.5273,0.9998476951563913,-0.01745240643728356
RGI60-11.01550,2000-01-01_2020-01-01,4111000.0,-0.4576,0.1481,11,False,RGI60-11.01550,4.111,2147,3891,2822,27.2,316,3510,7.94604,46.5184,0.7193398003386509,-0.6946583704589976
RGI60-11.01551,2000-01-01_2020-01-01,178000.0,-0.2675,0.2647,11,False,RGI60-11.01551,0.178,3434,3791,3644,31.2,271,376,7.97,46.5223,0.01745240643728313,-0.9998476951563913
RGI60-11.01552,2000-01-01_2020-01-01,188000.0,-0.9153,0.3576,11,False,RGI60-11.01552,0.188,2756,2984,2894,26.2,347,440,8.23534,46.5292,0.9743700647852351,-0.22495105434386534
RGI60-11.01553,2000-01-01_2020-01-01,150000.0,-0.7479,0.2993,11,False,RGI60-11.01553,0.15,2706,2860,2796,15.7,238,526,8.4681,46.5304,-0.529919264233205,-0.848048096156426
RGI60-11.01554,2000-01-01_2020-01-01,50000.0,-0.9778,0.7546,11,False,RGI60-11.01554,0.05,2954,3070,3021,20.3,80,301,9.01942,46.5319,0.17364817766693041,0.984807753012208
RGI60-11.01555,2000-01-01_2020-01-01,45000.0,-0.5071,0.434,11,False,RGI60-11.01555,0.045,3167,3374,3271,29.4,212,382,8.11327,46.5275,-0.8480480961564261,-0.5299192642332048
RGI60-11.01556,2000-01-01_2020-01-01,1247000.0,-0.2247,0.1578,11,False,RGI60-11.01556,1.247,2987,3860,3540,29.2,321,1665,10.5372,46.5137,0.7771459614569706,-0.6293203910498378
RGI60-11.01557,2000-01-01_2020-01-01,1425000.0,-1.0889,0.2164,11,False,RGI60-11.01557,1.425,2663,3226,2993,16.9,22,2357,9.06276,46.5229,0.9271838545667874,0.374606593415912
RGI60-11.01558,2000-01-01_2020-01-01,14000.0,-0.5963718926974675,0.4007490312965724,11,True,RGI60-11.01558,0.014,3070,3176,3118,41.0,220,125,8.03039,46.5271,-0.766044443118978,-0.6427876096865393
RGI60-11.01559,2000-01-01_2020-01-01,12000.0,-0.5963718926974675,0.4007490312965724,11,True,RGI60-11.01559,0.012,2835,2880,2848,36.8,129,90,8.44265,46.5297,-0.6293203910498373,0.777145961456971
RGI60-11.01560,2000-01-01_2020-01-01,20000.0,-0.5963718926974675,0.4007490312965724,11,True,RGI60-11.01560,0.02,2769,2849,2797,30.3,5,90,8.22013,46.5278,0.9961946980917455,0.08715574274765817
RGI60-11.01561,2000-01-01_2020-01-01,20000.0,-0.5963718926974675,0.4007490312965724,11,True,RGI60-11.01561,0.02,2075,2269,2187,38.5,52,257,7.82781,46.5238,0.6156614753256583,0.788010753606722
RGI60-11.01562,2000-01-01_2020-01-01,18000.0,-0.5963718926974675,0.4007490312965724,11,True,RGI60-11.01562,0.018,2561,2592,2576,14.9,7,90,9.49405,46.5289,0.992546151641322,0.12186934340514748
RGI60-11.01563,2000-01-01_2020-01-01,12000.0,-0.5963718926974675,0.4007490312965724,11,True,RGI60-11.01563,0.012,2433,2516,2494,32.6,295,135,7.80939,46.5233,0.4226182617406996,-0.9063077870366498
RGI60-11.01564,2000-01-01_2020-01-01,601000.0,-0.8068,0.2319,11,False,RGI60-11.01564,0.601,2840,3167,3016,20.0,359,855,10.46,46.515,0.9998476951563913,-0.01745240643728356
RGI60-11.01565,2000-01-01_2020-01-01,3798000.0,-0.8733,0.1557,11,False,RGI60-11.01565,3.798,2484,3376,3138,18.1,4,3058,10.4774,46.5066,0.9975640502598242,0.0697564737441253
RGI60-11.01566,2000-01-01_2020-01-01,107000.0,-0.5963718926974675,0.4007490312965724,11,True,RGI60-11.01566,0.107,2904,3071,2986,27.3,311,269,7.81743,46.5208,0.656059028990507,-0.7547095802227722
RGI60-11.01567,2000-01-01_2020-01-01,755000.0,-0.7082,0.2268,11,False,RGI60-11.01567,0.755,2435,2990,2767,20.4,291,1895,8.46645,46.5246,0.3583679495453004,-0.9335804264972017
RGI60-11.01568,2000-01-01_2020-01-01,110000.0,-0.6539,0.301,11,False,RGI60-11.01568,0.11,3002,3132,3067,19.9,300,375,10.637,46.5156,0.5000000000000001,-0.8660254037844386
RGI60-11.01569,2000-01-01_2020-01-01,32000.0,-0.759,0.726,11,False,RGI60-11.01569,0.032,2884,2983,2962,19.7,334,190,9.12603,46.5273,0.8987940462991668,-0.4383711467890778
RGI60-11.01570,2000-01-01_2020-01-01,3220000.0,-0.7255,0.16,11,False,RGI60-11.01570,3.22,2300,3656,3064,28.2,342,2972,10.5238,46.5034,0.9510565162951535,-0.3090169943749477
RGI60-11.01571,2000-01-01_2020-01-01,23000.0,-0.5963718926974675,0.4007490312965724,11,True,RGI60-11.01571,0.023,1722,1852,1781,38.0,23,160,7.83715,46.5214,0.9205048534524404,0.39073112848927377
RGI60-11.01572,2000-01-01_2020-01-01,18000.0,-0.5963718926974675,0.4007490312965724,11,True,RGI60-11.01572,0.018,2762,2898,2819,39.1,129,177,8.43452,46.5253,-0.6293203910498373,0.777145961456971
RGI60-11.01573,2000-01-01_2020-01-01,45000.0,0.1843,0.6641,11,False,RGI60-11.01573,0.045,2832,3182,3008,42.4,22,409,10.5497,46.5157,0.9271838545667874,0.374606593415912
RGI60-11.01574,2000-01-01_2020-01-01,90000.0,0.074,0.3979,11,False,RGI60-11.01574,0.09,3027,3848,3553,45.4,30,468,10.5449,46.5126,0.8660254037844387,0.49999999999999994
RGI60-11.01575,2000-01-01_2020-01-01,491000.0,-0.793,0.2589,11,False,RGI60-11.01575,0.491,2771,3342,2974,24.9,13,1225,10.7856,46.5079,0.9743700647852352,0.224951054343865
RGI60-11.01576,2000-01-01_2020-01-01,2367000.0,-1.28,0.2254,11,False,RGI60-11.01576,2.367,2570,3375,2970,17.2,74,3074,8.20236,46.5151,0.27563735581699916,0.9612616959383189
RGI60-11.01577,2000-01-01_2020-01-01,84000.0,-0.0338,0.512,11,False,RGI60-11.01577,0.084,2629,3001,2846,39.5,36,340,7.82354,46.518,0.8090169943749475,0.5877852522924731
RGI60-11.01578,2000-01-01_2020-01-01,307000.0,-0.8183,0.2653,11,False,RGI60-11.01578,0.307,2557,2956,2636,22.7,67,908,10.5608,46.5127,0.3907311284892737,0.9205048534524404
RGI60-11.01579,2000-01-01_2020-01-01,22000.0,-1.0563,0.861,11,False,RGI60-11.01579,0.022,2947,3014,2985,23.0,180,152,8.47508,46.5232,-1.0,1.2246467991473532e-16
RGI60-11.01580,2000-01-01_2020-01-01,19000.0,-0.2735,0.4639,11,False,RGI60-11.01580,0.019,2990,3127,3061,33.1,1,202,10.4686,46.5145,0.9998476951563913,0.01745240643728351
RGI60-11.01581,2000-01-01_2020-01-01,16000.0,-0.5963718926974675,0.4007490312965724,11,True,RGI60-11.01581,0.016,3249,3354,3303,38.6,275,135,10.5279,46.514,0.08715574274765789,-0.9961946980917455
RGI60-11.01582,2000-01-01_2020-01-01,1077000.0,-1.3537,0.251,11,False,RGI60-11.01582,1.077,1962,2508,2191,19.2,11,1765,7.79473,46.5101,0.981627183447664,0.1908089953765448
RGI60-11.01583,2000-01-01_2020-01-01,18000.0,-0.2117,0.6775,11,False,RGI60-11.01583,0.018,3450,3606,3540,48.4,286,135,7.96841,46.5182,0.2756373558169994,-0.9612616959383188
RGI60-11.01584,2000-01-01_2020-01-01,14000.0,-0.5963718926974675,0.4007490312965724,11,True,RGI60-11.01584,0.014,3462,3555,3521,31.0,226,127,8.07976,46.5187,-0.6946583704589973,-0.7193398003386512
RGI60-11.01585,2000-01-01_2020-01-01,23000.0,-1.148,0.9731,11,False,RGI60-11.01585,0.023,2906,2984,2950,27.3,60,177,9.02351,46.5219,0.5000000000000001,0.8660254037844386
RGI60-11.01586,2000-01-01_2020-01-01,23000.0,-0.5963718926974675,0.4007490312965724,11,True,RGI60-11.01586,0.023,2770,2998,2890,49.2,25,214,7.82864,46.5154,0.9063077870366499,0.42261826174069944
RGI60-11.01587,2000-01-01_2020-01-01,1072000.0,-0.7322,0.1986,11,False,RGI60-11.01587,1.072,2448,3365,2979,27.2,7,1870,10.5018,46.5025,0.992546151641322,0.12186934340514748
RGI60-11.01588,2000-01-01_2020-01-01,404000.0,-0.6784,0.2567,11,False,RGI60-11.01588,0.404,2709,3059,2920,35.2,349,554,7.85026,46.5141,0.981627183447664,-0.19080899537654467
RGI60-11.01589,2000-01-01_2020-01-01,32000.0,-0.9295,0.6524,11,False,RGI60-11.01589,0.032,3061,3129,3101,24.7,257,202,8.141,46.5174,-0.22495105434386525,-0.9743700647852351
RGI60-11.01590,2000-01-01_2020-01-01,235000.0,-0.83,0.3941,11,False,RGI60-11.01590,0.235,3256,3845,3617,48.9,331,462,7.96437,46.5146,0.8746197071393959,-0.4848096202463369
RGI60-11.01591,2000-01-01_2020-01-01,48000.0,-0.9374,0.6244,11,False,RGI60-11.01591,0.048,3105,3266,3185,29.7,136,309,8.15323,46.5178,-0.7193398003386513,0.6946583704589971
RGI60-11.01592,2000-01-01_2020-01-01,41000.0,-0.3995,0.4138,11,False,RGI60-11.01592,0.041,2713,2818,2755,25.7,131,236,8.47535,46.5194,-0.6560590289905072,0.7547095802227721
RGI60-11.01593,2000-01-01_2020-01-01,23000.0,0.6268,0.735,11,False,RGI60-11.01593,0.023,3595,3771,3696,45.1,65,195,10.5464,46.5097,0.42261826174069944,0.9063077870366499
RGI60-11.01594,2000-01-01_2020-01-01,213000.0,-0.2921,0.2308,11,False,RGI60-11.01594,0.213,2802,3279,3116,29.6,341,725,10.6289,46.5056,0.9455185755993168,-0.3255681544571567
RGI60-11.01595,2000-01-01_2020-01-01,13000.0,-0.5963718926974675,0.4007490312965724,11,True,RGI60-11.01595,0.013,2568,2613,2588,20.4,250,125,7.81484,46.5144,-0.34202014332566855,-0.9396926207859084
RGI60-11.01596,2000-01-01_2020-01-01,108000.0,0.3926,0.5687,11,False,RGI60-11.01596,0.108,2877,3182,3079,32.4,359,442,7.83498,46.5124,0.9998476951563913,-0.01745240643728356
RGI60-11.01597,2000-01-01_2020-01-01,14000.0,0.6688,0.7776,11,False,RGI60-11.01597,0.014,2930,2992,2962,23.4,56,127,9.75861,46.5169,0.5591929034707468,0.8290375725550417
RGI60-11.01598,2000-01-01_2020-01-01,30000.0,-0.2563,0.4381,11,False,RGI60-11.01598,0.03,3097,3194,3132,30.3,351,177,10.4909,46.5094,0.9876883405951377,-0.1564344650402311
RGI60-11.01599,2000-01-01_2020-01-01,158000.0,-0.7259,0.2863,11,False,RGI60-11.01599,0.158,2541,2847,2641,27.8,262,535,7.81749,46.5115,-0.13917310096006583,-0.9902680687415703
RGI60-11.01600,2000-01-01_2020-01-01,11000.0,-0.5963718926974675,0.4007490312965724,11,True,RGI60-11.01600,0.011,3122,3223,3186,34.1,19,125,10.7808,46.5055,0.9455185755993168,0.3255681544571567
RGI60-11.01601,2000-01-01_2020-01-01,72000.0,-0.832,0.3769,11,False,RGI60-11.01601,0.072,2940,3058,2999,19.2,287,325,10.775,46.5044,0.2923717047227367,-0.9563047559630354
RGI60-11.01602,2000-01-01_2020-01-01,95000.0,-0.8153,0.4861,11,False,RGI60-11.01602,0.095,3087,3364,3169,33.7,150,438,8.06172,46.513,-0.8660254037844387,0.49999999999999994
RGI60-11.01603,2000-01-01_2020-01-01,311000.0,-1.2218,0.341,11,False,RGI60-11.01603,0.311,2782,3033,2900,17.0,26,1012,9.70981,46.5137,0.898794046299167,0.4383711467890774
RGI60-11.01604,2000-01-01_2020-01-01,4057000.0,-0.7943,0.1689,11,False,RGI60-11.01604,4.057,2276,3680,2795,22.8,79,4395,10.5695,46.4932,0.19080899537654492,0.981627183447664
RGI60-11.01605,2000-01-01_2020-01-01,368000.0,-0.419,0.2283,11,False,RGI60-11.01605,0.368,2568,3395,3001,37.5,304,1070,7.93172,46.5097,0.559192903470747,-0.8290375725550416
RGI60-11.01606,2000-01-01_2020-01-01,46000.0,-0.4547,0.5663,11,False,RGI60-11.01606,0.046,3035,3272,3152,37.9,97,301,8.19465,46.5147,-0.12186934340514737,0.9925461516413221
RGI60-11.01607,2000-01-01_2020-01-01,13000.0,-0.5963718926974675,0.4007490312965724,11,True,RGI60-11.01607,0.013,2924,2990,2969,25.2,307,125,9.72331,46.5155,0.6018150231520479,-0.798635510047293
RGI60-11.01608,2000-01-01_2020-01-01,239000.0,-0.7613,0.2619,11,False,RGI60-11.01608,0.239,2968,3135,3047,17.6,19,571,9.72431,46.5126,0.9455185755993168,0.3255681544571567
RGI60-11.01609,2000-01-01_2020-01-01,97000.0,-0.3559,0.2563,11,False,RGI60-11.01609,0.097,3371,3595,3465,27.4,94,266,10.5543,46.5066,-0.06975647374412533,0.9975640502598242
RGI60-11.01610,2000-01-01_2020-01-01,155000.0,-0.9397,0.3734,11,False,RGI60-11.01610,0.155,2575,2762,2663,20.2,329,680,9.35883,46.5155,0.8571673007021121,-0.5150380749100545
RGI60-11.01611,2000-01-01_2020-01-01,12000.0,-0.5963718926974675,0.4007490312965724,11,True,RGI60-11.01611,0.012,2398,2440,2414,24.5,16,112,9.36991,46.5169,0.9612616959383189,0.27563735581699916
RGI60-11.01612,2000-01-01_2020-01-01,11000.0,-0.4712,0.7653,11,False,RGI60-11.01612,0.011,2803,2910,2865,42.5,19,135,7.77938,46.5105,0.9455185755993168,0.3255681544571567
RGI60-11.01613,2000-01-01_2020-01-01,11000.0,-0.0488,0.5005,11,False,RGI60-11.01613,0.011,3053,3178,3123,49.5,58,-9,10.4942,46.5074,0.5299192642332049,0.8480480961564261
RGI60-11.01614,2000-01-01_2020-01-01,31000.0,-0.2185,0.4019,11,False,RGI60-11.01614,0.031,2783,2897,2831,34.7,356,135,7.77466,46.5102,0.9975640502598242,-0.06975647374412564
RGI60-11.01615,2000-01-01_2020-01-01,207000.0,-1.0134,0.3964,11,False,RGI60-11.01615,0.207,2667,2830,2741,13.7,2,533,8.45685,46.512,0.9993908270190958,0.03489949670250097
RGI60-11.01616,2000-01-01_2020-01-01,57000.0,-0.5683,0.3565,11,False,RGI60-11.01616,0.057,2730,2894,2825,24.0,337,372,9.39111,46.5146,0.9205048534524403,-0.3907311284892739
RGI60-11.01617,2000-01-01_2020-01-01,132000.0,-0.3958,0.2379,11,False,RGI60-11.01617,0.132,2886,3065,2969,24.6,354,364,7.7788,46.5085,0.9945218953682733,-0.10452846326765342
RGI60-11.01618,2000-01-01_2020-01-01,84000.0,-0.8141,0.4339,11,False,RGI60-11.01618,0.084,3094,3295,3205,28.3,308,320,10.7775,46.5014,0.6156614753256585,-0.7880107536067218
RGI60-11.01619,2000-01-01_2020-01-01,402000.0,-0.8299,0.2399,11,False,RGI60-11.01619,0.402,2944,3353,3098,20.4,135,1112,8.00935,46.5086,-0.7071067811865475,0.7071067811865476
RGI60-11.01620,2000-01-01_2020-01-01,173000.0,-0.7949,0.4539,11,False,RGI60-11.01620,0.173,2819,3279,3051,30.5,64,736,9.06702,46.5145,0.43837114678907746,0.898794046299167
RGI60-11.01621,2000-01-01_2020-01-01,2721000.0,-0.6232,0.1721,11,False,RGI60-11.01621,2.721,2234,3603,2969,26.0,320,2869,7.76925,46.4997,0.7660444431189778,-0.6427876096865396
RGI60-11.01622,2000-01-01_2020-01-01,5755000.0,-1.3875,0.1968,11,False,RGI60-11.01622,5.755,2257,3406,2686,17.6,33,4120,7.83604,46.4939,0.838670567945424,0.5446390350150271
RGI60-11.01623,2000-01-01_2020-01-01,1040000.0,-1.2812,0.3098,11,False,RGI60-11.01623,1.04,2633,3415,3089,25.1,130,2027,8.19263,46.5062,-0.6427876096865394,0.766044443118978
RGI60-11.01624,2000-01-01_2020-01-01,12000.0,-0.5963718926974675,0.4007490312965724,11,True,RGI60-11.01624,0.012,2491,2574,2531,27.1,358,152,9.37293,46.5144,0.9993908270190958,-0.034899496702500823
RGI60-11.01625,2000-01-01_2020-01-01,11000.0,-0.5963718926974675,0.4007490312965724,11,True,RGI60-11.01625,0.011,2731,2801,2765,25.2,60,141,9.07375,46.515,0.5000000000000001,0.8660254037844386
RGI60-11.01626,2000-01-01_2020-01-01,118000.0,-0.4181,0.3136,11,False,RGI60-11.01626,0.118,3031,3279,3185,25.4,288,510,9.05957,46.5138,0.30901699437494723,-0.9510565162951536
RGI60-11.01627,2000-01-01_2020-01-01,265000.0,-0.8997,0.3592,11,False,RGI60-11.01627,0.265,2642,3191,2884,28.0,33,1062,9.0271,46.5107,0.838670567945424,0.5446390350150271
RGI60-11.01628,2000-01-01_2020-01-01,195000.0,-0.4874,0.2469,11,False,RGI60-11.01628,0.195,2580,2917,2756,26.4,37,638,9.36675,46.5122,0.7986355100472928,0.6018150231520483
RGI60-11.01629,2000-01-01_2020-01-01,533000.0,-0.2621,0.2385,11,False,RGI60-11.01629,0.533,2444,3576,2910,36.7,316,1331,7.92523,46.5055,0.7193398003386509,-0.6946583704589976
RGI60-11.01630,2000-01-01_2020-01-01,116000.0,-0.3812,0.3198,11,False,RGI60-11.01630,0.116,2645,2800,2732,24.4,19,360,9.07972,46.5121,0.9455185755993168,0.3255681544571567
RGI60-11.01631,2000-01-01_2020-01-01,1671000.0,-0.7315,0.1723,11,False,RGI60-11.01631,1.671,2626,3429,3156,20.0,292,2594,10.4606,46.5001,0.37460659341591196,-0.9271838545667874
RGI60-11.01632,2000-01-01_2020-01-01,35000.0,-0.6244,0.491,11,False,RGI60-11.01632,0.035,2565,2732,2614,32.2,166,261,7.84803,46.5074,-0.9702957262759965,0.24192189559966773
RGI60-11.01633,2000-01-01_2020-01-01,201000.0,-0.7801,0.353,11,False,RGI60-11.01633,0.201,2583,2891,2722,21.2,78,1078,9.10978,46.511,0.20791169081775945,0.9781476007338056
RGI60-11.01634,2000-01-01_2020-01-01,23000.0,-0.5171,0.9507,11,False,RGI60-11.01634,0.023,3059,3188,3139,37.2,266,190,7.82238,46.5074,-0.06975647374412558,-0.9975640502598242
RGI60-11.01635,2000-01-01_2020-01-01,846000.0,-0.8324,0.2536,11,False,RGI60-11.01635,0.846,2424,3307,2908,25.3,2,2164,9.03752,46.5045,0.9993908270190958,0.03489949670250097
RGI60-11.01636,2000-01-01_2020-01-01,13000.0,-0.5963718926974675,0.4007490312965724,11,True,RGI60-11.01636,0.013,2605,2664,2636,21.5,356,160,9.0858,46.5134,0.9975640502598242,-0.06975647374412564
RGI60-11.01637,2000-01-01_2020-01-01,32000.0,-0.681,0.5095,11,False,RGI60-11.01637,0.032,2749,2885,2842,29.3,329,224,9.38741,46.5124,0.8571673007021121,-0.5150380749100545
RGI60-11.01638,2000-01-01_2020-01-01,50000.0,-0.4623,0.4094,11,False,RGI60-11.01638,0.05,2674,2797,2734,32.3,177,224,7.84142,46.5071,-0.9986295347545738,0.05233595624294381
RGI60-11.01639,2000-01-01_2020-01-01,64000.0,-0.9352,0.5408,11,False,RGI60-11.01639,0.064,2767,2891,2797,16.9,310,397,9.05049,46.5129,0.6427876096865393,-0.7660444431189781
RGI60-11.01640,2000-01-01_2020-01-01,140000.0,-0.1068,0.2871,11,False,RGI60-11.01640,0.14,3407,3697,3519,30.1,303,285,8.08664,46.5062,0.5446390350150266,-0.8386705679454243
RGI60-11.01641,2000-01-01_2020-01-01,165000.0,-0.5637,0.266,11,False,RGI60-11.01641,0.165,2623,2825,2715,18.1,14,687,9.09548,46.5108,0.9702957262759965,0.24192189559966773
RGI60-11.01642,2000-01-01_2020-01-01,412000.0,-1.0049,0.3011,11,False,RGI60-11.01642,0.412,2587,2935,2750,21.7,40,1011,9.36907,46.5078,0.766044443118978,0.6427876096865393
RGI60-11.01643,2000-01-01_2020-01-01,15000.0,-0.5633,0.7702,11,False,RGI60-11.01643,0.015,2743,2814,2775,11.8,41,301,8.45928,46.5099,0.754709580222772,0.6560590289905073
RGI60-11.01644,2000-01-01_2020-01-01,28000.0,0.2665,0.6555,11,False,RGI60-11.01644,0.028,3475,3670,3604,52.5,319,206,7.93762,46.5063,0.7547095802227719,-0.6560590289905074
RGI60-11.01645,2000-01-01_2020-01-01,40000.0,-0.678,0.4643,11,False,RGI60-11.01645,0.04,2777,2893,2825,19.2,337,382,9.38074,46.5099,0.9205048534524403,-0.3907311284892739
RGI60-11.01646,2000-01-01_2020-01-01,19000.0,-0.6984,0.8325,11,False,RGI60-11.01646,0.019,3121,3233,3168,40.9,149,152,7.99989,46.5072,-0.8571673007021122,0.5150380749100544
RGI60-11.01647,2000-01-01_2020-01-01,158000.0,-0.5479,0.2895,11,False,RGI60-11.01647,0.158,2742,2915,2830,21.3,348,386,9.74566,46.5077,0.9781476007338056,-0.20791169081775987
RGI60-11.01648,2000-01-01_2020-01-01,528000.0,-0.2857,0.232,11,False,RGI60-11.01648,0.528,2418,3528,2944,33.6,312,1551,7.9187,46.5019,0.6691306063588578,-0.7431448254773946
RGI60-11.01649,2000-01-01_2020-01-01,38000.0,-0.101,0.2477,11,False,RGI60-11.01649,0.038,3039,3103,3083,12.9,221,261,10.6247,46.4992,-0.7547095802227721,-0.656059028990507
RGI60-11.01650,2000-01-01_2020-01-01,292000.0,-0.7332,0.2586,11,False,RGI60-11.01650,0.292,2300,2817,2588,32.0,352,1041,7.81141,46.5018,0.9902680687415703,-0.13917310096006588
RGI60-11.01651,2000-01-01_2020-01-01,26000.0,-0.5963718926974675,0.4007490312965724,11,True,RGI60-11.01651,0.026,2836,2989,2910,37.8,288,177,7.81901,46.5044,0.30901699437494723,-0.9510565162951536
RGI60-11.01652,2000-01-01_2020-01-01,27000.0,-0.9848,0.8896,11,False,RGI60-11.01652,0.027,3000,3125,3038,21.6,297,305,10.7745,46.4963,0.45399049973954664,-0.891006524188368
RGI60-11.01653,2000-01-01_2020-01-01,23000.0,-0.5963718926974675,0.4007490312965724,11,True,RGI60-11.01653,0.023,3085,3188,3130,34.9,186,190,9.06351,46.5101,-0.9945218953682733,-0.1045284632676535
RGI60-11.01654,2000-01-01_2020-01-01,37000.0,-0.0176,0.303,11,False,RGI60-11.01654,0.037,3031,3183,3106,25.2,141,305,7.99801,46.5051,-0.7771459614569709,0.6293203910498374
RGI60-11.01655,2000-01-01_2020-01-01,20000.0,-0.2654,0.6385,11,False,RGI60-11.01655,0.02,2567,2695,2619,38.9,5,158,7.78707,46.5035,0.9961946980917455,0.08715574274765817
RGI60-11.01656,2000-01-01_2020-01-01,562000.0,-0.3248,0.1868,11,False,RGI60-11.01656,0.562,2729,3608,3228,35.4,351,1276,7.78521,46.4976,0.9876883405951377,-0.1564344650402311
RGI60-11.01657,2000-01-01_2020-01-01,12000.0,-0.172,0.5726,11,False,RGI60-11.01657,0.012,2603,2758,2682,43.3,24,168,7.78562,46.5031,0.9135454576426009,0.4067366430758002
RGI60-11.01658,2000-01-01_2020-01-01,37000.0,-0.333,0.4835,11,False,RGI60-11.01658,0.037,3425,3683,3604,51.7,315,230,7.93461,46.5046,0.7071067811865474,-0.7071067811865477
RGI60-11.01659,2000-01-01_2020-01-01,23000.0,0.0219,0.4428,11,False,RGI60-11.01659,0.023,2842,2937,2882,22.8,25,236,9.73934,46.507,0.9063077870366499,0.42261826174069944
RGI60-11.01660,2000-01-01_2020-01-01,25000.0,-0.2322,0.3637,11,False,RGI60-11.01660,0.025,2842,2935,2878,22.0,131,285,9.07064,46.5088,-0.6560590289905072,0.7547095802227721
RGI60-11.01661,2000-01-01_2020-01-01,98000.0,0.0264,0.4734,11,False,RGI60-11.01661,0.098,3209,3580,3424,51.3,356,226,8.07865,46.5038,0.9975640502598242,-0.06975647374412564
RGI60-11.01662,2000-01-01_2020-01-01,168000.0,-0.9831,0.3395,11,False,RGI60-11.01662,0.168,2710,2936,2782,21.7,212,510,9.36354,46.5056,-0.8480480961564261,-0.5299192642332048
RGI60-11.01663,2000-01-01_2020-01-01,1118000.0,-0.6337,0.1795,11,False,RGI60-11.01663,1.118,2887,3674,3262,21.8,222,2387,10.5374,46.493,-0.7431448254773942,-0.6691306063588582
RGI60-11.01664,2000-01-01_2020-01-01,15000.0,-0.5963718926974675,0.4007490312965724,11,True,RGI60-11.01664,0.015,2858,2933,2894,21.2,136,195,8.00332,46.5036,-0.7193398003386513,0.6946583704589971
RGI60-11.01665,2000-01-01_2020-01-01,15000.0,-0.5963718926974675,0.4007490312965724,11,True,RGI60-11.01665,0.015,2332,2360,2341,8.5,356,79,9.29785,46.5073,0.9975640502598242,-0.06975647374412564
RGI60-11.01666,2000-01-01_2020-01-01,1166000.0,-0.4348,0.2057,11,False,RGI60-11.01666,1.166,2090,3711,2727,31.7,308,2513,7.90282,46.4956,0.6156614753256585,-0.7880107536067218
RGI60-11.01667,2000-01-01_2020-01-01,70000.0,-1.4365,0.6673,11,False,RGI60-11.01667,0.07,3097,3322,3189,36.7,194,301,8.18217,46.5036,-0.9702957262759965,-0.2419218955996675
RGI60-11.01668,2000-01-01_2020-01-01,119000.0,-0.3916,0.243,11,False,RGI60-11.01668,0.119,3302,3437,3404,23.5,86,257,10.4778,46.4965,0.06975647374412523,0.9975640502598242
RGI60-11.01669,2000-01-01_2020-01-01,689000.0,-1.1883,0.2687,11,False,RGI60-11.01669,0.689,2919,3426,3227,20.0,118,1724,10.4947,46.4941,-0.4694715627858909,0.8829475928589269
RGI60-11.01670,2000-01-01_2020-01-01,136000.0,-0.6333,0.3808,11,False,RGI60-11.01670,0.136,2384,2574,2464,24.8,31,400,9.29025,46.5044,0.8571673007021123,0.5150380749100542
RGI60-11.01671,2000-01-01_2020-01-01,212000.0,-0.6792,0.2741,11,False,RGI60-11.01671,0.212,2838,3231,3016,25.4,349,877,10.7613,46.49,0.981627183447664,-0.19080899537654467
RGI60-11.01672,2000-01-01_2020-01-01,110000.0,-0.7085,0.3317,11,False,RGI60-11.01672,0.11,2933,3056,2996,19.8,280,405,10.6256,46.4933,0.17364817766692997,-0.9848077530122081
RGI60-11.01673,2000-01-01_2020-01-01,28000.0,-0.1957,0.5107,11,False,RGI60-11.01673,0.028,3544,3752,3650,48.9,312,177,7.93185,46.5003,0.6691306063588578,-0.7431448254773946
RGI60-11.01674,2000-01-01_2020-01-01,13000.0,-0.2744,0.626,11,False,RGI60-11.01674,0.013,3218,3393,3310,44.6,66,-9,10.5512,46.4958,0.4067366430758002,0.9135454576426009
RGI60-11.01675,2000-01-01_2020-01-01,209000.0,-1.0354,0.3827,11,False,RGI60-11.01675,0.209,2784,3014,2946,19.3,11,625,10.4278,46.4943,0.981627183447664,0.1908089953765448
RGI60-11.01676,2000-01-01_2020-01-01,264000.0,-0.7021,0.2476,11,False,RGI60-11.01676,0.264,2666,2756,2702,8.3,306,594,8.44729,46.5016,0.5877852522924729,-0.8090169943749476
RGI60-11.01677,2000-01-01_2020-01-01,273000.0,-0.9265,0.3172,11,False,RGI60-11.01677,0.273,2750,3014,2894,23.5,352,551,10.4188,46.4944,0.9902680687415703,-0.13917310096006588
RGI60-11.01678,2000-01-01_2020-01-01,3121000.0,-1.0154,0.1938,11,False,RGI60-11.01678,3.121,2137,3355,2673,22.8,26,3717,7.86595,46.4878,0.898794046299167,0.4383711467890774
RGI60-11.01679,2000-01-01_2020-01-01,51000.0,-1.3801,0.7301,11,False,RGI60-11.01679,0.051,2945,3106,3024,33.4,149,276,8.17442,46.5011,-0.8571673007021122,0.5150380749100544
RGI60-11.01680,2000-01-01_2020-01-01,97000.0,-0.7952,0.42,11,False,RGI60-11.01680,0.097,2599,2795,2704,20.7,33,535,8.38307,46.5022,0.838670567945424,0.5446390350150271
RGI60-11.01681,2000-01-01_2020-01-01,21000.0,-0.265,0.3155,11,False,RGI60-11.01681,0.021,2862,2909,2884,17.2,343,182,10.4338,46.4957,0.9563047559630353,-0.29237170472273716
RGI60-11.01682,2000-01-01_2020-01-01,233000.0,-0.5602,0.2372,11,False,RGI60-11.01682,0.233,2843,3210,3117,23.0,338,744,10.755,46.4886,0.9271838545667873,-0.37460659341591235
RGI60-11.01683,2000-01-01_2020-01-01,34000.0,-0.2922,0.3379,11,False,RGI60-11.01683,0.034,3109,3220,3178,22.7,340,255,10.7673,46.4903,0.9396926207859084,-0.3420201433256686
RGI60-11.01684,2000-01-01_2020-01-01,34000.0,0.1637,0.4298,11,False,RGI60-11.01684,0.034,3592,3735,3682,31.5,236,246,8.07718,46.5003,-0.5591929034707466,-0.8290375725550418
RGI60-11.01685,2000-01-01_2020-01-01,39000.0,-0.9574,0.6802,11,False,RGI60-11.01685,0.039,2642,2748,2694,14.1,53,330,8.451,46.503,0.6018150231520484,0.7986355100472928
RGI60-11.01686,2000-01-01_2020-01-01,20000.0,-0.4458,0.411,11,False,RGI60-11.01686,0.02,2670,2704,2681,14.2,351,125,10.4038,46.4961,0.9876883405951377,-0.1564344650402311
RGI60-11.01687,2000-01-01_2020-01-01,110000.0,-0.3526,0.308,11,False,RGI60-11.01687,0.11,3222,3569,3438,40.0,355,475,7.793,46.4972,0.9961946980917455,-0.08715574274765832
RGI60-11.01688,2000-01-01_2020-01-01,880000.0,-0.8605,0.2309,11,False,RGI60-11.01688,0.88,2132,3127,2431,27.2,338,1713,7.88926,46.4925,0.9271838545667873,-0.37460659341591235
RGI60-11.01689,2000-01-01_2020-01-01,18000.0,-0.3886,0.5023,11,False,RGI60-11.01689,0.018,2911,2991,2959,25.9,287,168,9.02259,46.5045,0.2923717047227367,-0.9563047559630354
RGI60-11.01690,2000-01-01_2020-01-01,550000.0,-0.7589,0.2059,11,False,RGI60-11.01690,0.55,3068,3645,3348,27.6,188,1221,8.08142,46.4956,-0.9902680687415703,-0.13917310096006552
RGI60-11.01691,2000-01-01_2020-01-01,21000.0,-0.1783,0.6176,11,False,RGI60-11.01691,0.021,3015,3163,3113,31.1,73,182,9.02999,46.5039,0.29237170472273677,0.9563047559630354
RGI60-11.01692,2000-01-01_2020-01-01,193000.0,-0.8652,0.2937,11,False,RGI60-11.01692,0.193,2937,3251,3066,29.9,208,576,10.5079,46.4926,-0.8829475928589269,-0.46947156278589086
RGI60-11.01693,2000-01-01_2020-01-01,33000.0,-0.9823,0.7531,11,False,RGI60-11.01693,0.033,3070,3180,3138,26.7,67,226,10.7701,46.49,0.3907311284892737,0.9205048534524404
RGI60-11.01694,2000-01-01_2020-01-01,19000.0,-0.5963718926974675,0.4007490312965724,11,True,RGI60-11.01694,0.019,2248,2407,2277,30.0,35,177,7.86083,46.4978,0.8191520442889918,0.573576436351046
RGI60-11.01695,2000-01-01_2020-01-01,37000.0,-0.4595,0.3976,11,False,RGI60-11.01695,0.037,2872,2972,2915,23.4,175,237,8.18056,46.4998,-0.9961946980917455,0.0871557427476582
RGI60-11.01696,2000-01-01_2020-01-01,195000.0,-0.8546,0.3479,11,False,RGI60-11.01696,0.195,2564,2886,2702,28.5,24,605,8.38848,46.4998,0.9135454576426009,0.4067366430758002
RGI60-11.01697,2000-01-01_2020-01-01,18000.0,-0.5963718926974675,0.4007490312965724,11,True,RGI60-11.01697,0.018,3681,3777,3738,50.6,334,71,7.92824,46.498,0.8987940462991668,-0.4383711467890778
RGI60-11.01698,2000-01-01_2020-01-01,9403000.0,-1.0077,0.1575,11,False,RGI60-11.01698,9.403,2079,3839,2987,20.3,196,6727,7.93185,46.4729,-0.9612616959383189,-0.275637355816999
RGI60-11.01699,2000-01-01_2020-01-01,204000.0,-0.7572,0.3274,11,False,RGI60-11.01699,0.204,2948,3309,3080,28.2,77,860,9.04359,46.4995,0.22495105434386492,0.9743700647852352
RGI60-11.01700,2000-01-01_2020-01-01,148000.0,-0.3533,0.2598,11,False,RGI60-11.01700,0.148,2953,3218,3108,24.5,354,546,10.7477,46.4877,0.9945218953682733,-0.10452846326765342
RGI60-11.01701,2000-01-01_2020-01-01,602000.0,-0.4116,0.2048,11,False,RGI60-11.01701,0.602,2814,3342,3110,26.0,266,978,9.0331,46.4972,-0.06975647374412558,-0.9975640502598242
RGI60-11.01702,2000-01-01_2020-01-01,13174000.0,-1.1459,0.146,11,False,RGI60-11.01702,13.174,2262,3198,2789,14.0,280,6471,7.8027,46.4754,0.17364817766692997,-0.9848077530122081
RGI60-11.01703,2000-01-01_2020-01-01,13000.0,-0.5963718926974675,0.4007490312965724,11,True,RGI60-11.01703,0.013,2604,2666,2632,23.3,21,135,8.4405,46.5006,0.9335804264972017,0.35836794954530027
RGI60-11.01704,2000-01-01_2020-01-01,564000.0,-0.9367,0.2389,11,False,RGI60-11.01704,0.564,2929,3319,3181,21.8,71,841,10.771,46.4838,0.32556815445715676,0.9455185755993167
RGI60-11.01705,2000-01-01_2020-01-01,25000.0,-0.5963718926974675,0.4007490312965724,11,True,RGI60-11.01705,0.025,2986,3203,3083,48.7,118,246,8.17065,46.4983,-0.4694715627858909,0.8829475928589269
RGI60-11.01706,2000-01-01_2020-01-01,19000.0,-0.5963718926974675,0.4007490312965724,11,True,RGI60-11.01706,0.019,3588,3740,3688,45.4,302,175,7.92372,46.4961,0.5299192642332047,-0.8480480961564261
RGI60-11.01707,2000-01-01_2020-01-01,29000.0,-1.3241,0.9127,11,False,RGI60-11.01707,0.029,2971,3056,3015,22.8,2,206,9.94206,46.4969,0.9993908270190958,0.03489949670250097
RGI60-11.01708,2000-01-01_2020-01-01,112000.0,-0.6069,0.3348,11,False,RGI60-11.01708,0.112,2959,3161,3064,28.9,312,358,10.6226,46.4889,0.6691306063588578,-0.7431448254773946
RGI60-11.01709,2000-01-01_2020-01-01,12000.0,-0.5963718926974675,0.4007490312965724,11,True,RGI60-11.01709,0.012,3547,3623,3586,30.5,121,125,10.5545,46.4904,-0.5150380749100543,0.8571673007021123
RGI60-11.01710,2000-01-01_2020-01-01,690000.0,-0.7537,0.2218,11,False,RGI60-11.01710,0.69,3015,3613,3293,29.7,230,1160,8.08916,46.4907,-0.6427876096865395,-0.7660444431189779
RGI60-11.01711,2000-01-01_2020-01-01,21000.0,-1.0587,0.9751,11,False,RGI60-11.01711,0.021,2563,2725,2636,46.2,340,160,8.43319,46.4989,0.9396926207859084,-0.3420201433256686
RGI60-11.01712,2000-01-01_2020-01-01,215000.0,-0.9229,0.3933,11,False,RGI60-11.01712,0.215,3049,3438,3189,30.1,110,531,8.12573,46.4944,-0.3420201433256687,0.9396926207859084
RGI60-11.01713,2000-01-01_2020-01-01,37000.0,-0.7248,0.5227,11,False,RGI60-11.01713,0.037,2809,2875,2843,24.3,42,180,8.43726,46.4975,0.7431448254773942,0.6691306063588582
RGI60-11.01714,2000-01-01_2020-01-01,211000.0,-0.9292,0.2928,11,False,RGI60-11.01714,0.211,2935,3129,3034,17.0,310,646,10.7391,46.4849,0.6427876096865393,-0.7660444431189781
RGI60-11.01715,2000-01-01_2020-01-01,1030000.0,-0.7876,0.189,11,False,RGI60-11.01715,1.03,2858,3347,3119,18.2,273,1794,10.5466,46.484,0.052335956242943946,-0.9986295347545738
RGI60-11.01716,2000-01-01_2020-01-01,507000.0,-0.2419,0.1859,11,False,RGI60-11.01716,0.507,2589,3426,3066,32.1,282,1372,7.76216,46.4883,0.20791169081775943,-0.9781476007338056
RGI60-11.01717,2000-01-01_2020-01-01,28000.0,-0.7833,0.6096,11,False,RGI60-11.01717,0.028,2592,2649,2621,18.0,27,190,8.41145,46.4965,0.8910065241883679,0.45399049973954675
RGI60-11.01718,2000-01-01_2020-01-01,20000.0,-0.075,0.6162,11,False,RGI60-11.01718,0.02,2780,2852,2813,20.0,97,177,9.76495,46.4954,-0.12186934340514737,0.9925461516413221
RGI60-11.01719,2000-01-01_2020-01-01,2180000.0,-0.663,0.164,11,False,RGI60-11.01719,2.18,2659,3871,3297,25.0,119,2851,8.11417,46.4866,-0.484809620246337,0.8746197071393959
RGI60-11.01720,2000-01-01_2020-01-01,32000.0,-0.8843,0.717,11,False,RGI60-11.01720,0.032,2535,2610,2567,18.9,329,177,8.4223,46.4959,0.8571673007021121,-0.5150380749100545
RGI60-11.01721,2000-01-01_2020-01-01,11000.0,-0.5963718926974675,0.4007490312965724,11,True,RGI60-11.01721,0.011,2818,2840,2828,12.3,59,90,9.95204,46.4938,0.5150380749100542,0.8571673007021123
RGI60-11.01722,2000-01-01_2020-01-01,11000.0,-0.5963718926974675,0.4007490312965724,11,True,RGI60-11.01722,0.011,3058,3122,3098,25.4,165,127,8.07308,46.4933,-0.9659258262890682,0.258819045102521
RGI60-11.01723,2000-01-01_2020-01-01,23000.0,-0.5801,0.5934,11,False,RGI60-11.01723,0.023,2794,2909,2837,30.6,335,152,10.6074,46.4858,0.90630778703665,-0.4226182617406992
RGI60-11.01724,2000-01-01_2020-01-01,153000.0,-0.4913,0.2897,11,False,RGI60-11.01724,0.153,2752,3190,3060,40.3,156,564,7.78941,46.4888,-0.9135454576426008,0.40673664307580043
RGI60-11.01725,2000-01-01_2020-01-01,28000.0,-0.4827,0.4437,11,False,RGI60-11.01725,0.028,2829,2924,2877,24.6,151,230,8.38624,46.4949,-0.8746197071393957,0.48480962024633717
RGI60-11.01726,2000-01-01_2020-01-01,65000.0,-0.9791,0.5336,11,False,RGI60-11.01726,0.065,3080,3233,3140,25.7,84,336,10.6258,46.484,0.10452846326765346,0.9945218953682733
RGI60-11.01727,2000-01-01_2020-01-01,23000.0,-0.5963718926974675,0.4007490312965724,11,True,RGI60-11.01727,0.023,2244,2307,2273,26.1,357,135,8.56435,46.4952,0.9986295347545738,-0.05233595624294437
RGI60-11.01728,2000-01-01_2020-01-01,33000.0,-1.2981,0.9696,11,False,RGI60-11.01728,0.033,3500,3585,3550,30.3,194,125,7.9196,46.4912,-0.9702957262759965,-0.2419218955996675
RGI60-11.01729,2000-01-01_2020-01-01,90000.0,-0.3506,0.536,11,False,RGI60-11.01729,0.09,3109,3627,3460,43.4,348,501,7.91042,46.489,0.9781476007338056,-0.20791169081775987
RGI60-11.01730,2000-01-01_2020-01-01,35000.0,-1.1028,0.9379,11,False,RGI60-11.01730,0.035,3004,3173,3081,40.0,91,250,9.04407,46.4953,-0.017452406437283477,0.9998476951563913
RGI60-11.01731,2000-01-01_2020-01-01,36000.0,-0.9218,0.6711,11,False,RGI60-11.01731,0.036,2893,3005,2946,36.6,269,146,9.27837,46.4948,-0.017452406437283498,-0.9998476951563913
RGI60-11.01732,2000-01-01_2020-01-01,92000.0,-0.0241,0.3602,11,False,RGI60-11.01732,0.092,2881,3177,3050,34.0,53,432,9.76309,46.4928,0.6018150231520484,0.7986355100472928
RGI60-11.01733,2000-01-01_2020-01-01,77000.0,-1.5401,0.6982,11,False,RGI60-11.01733,0.077,2990,3184,3087,25.1,102,472,8.16888,46.4919,-0.20791169081775934,0.9781476007338057
RGI60-11.01734,2000-01-01_2020-01-01,15000.0,-0.4692,0.5908,11,False,RGI60-11.01734,0.015,3558,3629,3609,25.4,227,100,7.93636,46.4902,-0.6819983600624986,-0.7313537016191705
RGI60-11.01735,2000-01-01_2020-01-01,18000.0,-0.5963718926974675,0.4007490312965724,11,True,RGI60-11.01735,0.018,2751,2822,2785,26.2,28,160,9.52485,46.494,0.882947592858927,0.4694715627858908
RGI60-11.01736,2000-01-01_2020-01-01,22000.0,-0.5963718926974675,0.4007490312965724,11,True,RGI60-11.01736,0.022,3200,3379,3286,42.1,123,195,8.1216,46.4912,-0.5446390350150271,0.838670567945424
RGI60-11.01737,2000-01-01_2020-01-01,619000.0,-0.7528,0.2439,11,False,RGI60-11.01737,0.619,2659,3239,2944,28.1,16,1292,10.5849,46.4775,0.9612616959383189,0.27563735581699916
RGI60-11.01738,2000-01-01_2020-01-01,1048000.0,-0.7727,0.1976,11,False,RGI60-11.01738,1.048,2634,3336,2986,25.0,2,1776,10.5973,46.4754,0.9993908270190958,0.03489949670250097
RGI60-11.01739,2000-01-01_2020-01-01,13000.0,-0.0899,0.3686,11,False,RGI60-11.01739,0.013,3154,3227,3201,28.1,241,125,10.7666,46.4804,-0.48480962024633684,-0.8746197071393959
RGI60-11.01740,2000-01-01_2020-01-01,33000.0,-0.0267,0.4729,11,False,RGI60-11.01740,0.033,3062,3176,3134,37.1,329,168,7.84979,46.4874,0.8571673007021121,-0.5150380749100545
RGI60-11.01741,2000-01-01_2020-01-01,20000.0,-0.5311,0.4911,11,False,RGI60-11.01741,0.02,2687,2741,2705,15.3,164,152,8.40542,46.4916,-0.9612616959383189,0.2756373558169992
RGI60-11.01742,2000-01-01_2020-01-01,347000.0,-0.4423,0.2562,11,False,RGI60-11.01742,0.347,2888,3169,3019,33.6,141,384,7.77396,46.4828,-0.7771459614569709,0.6293203910498374
RGI60-11.01743,2000-01-01_2020-01-01,582000.0,-0.9578,0.2297,11,False,RGI60-11.01743,0.582,2970,3557,3257,25.1,224,1405,8.09392,46.4839,-0.7193398003386511,-0.6946583704589973
RGI60-11.01744,2000-01-01_2020-01-01,16000.0,-0.873,0.9425,11,False,RGI60-11.01744,0.016,3101,3171,3133,34.7,114,103,8.12321,46.4889,-0.40673664307580026,0.9135454576426009
RGI60-11.01745,2000-01-01_2020-01-01,385000.0,-0.3285,0.2195,11,False,RGI60-11.01745,0.385,2490,3122,2782,32.2,318,1201,7.75685,46.4823,0.7431448254773942,-0.6691306063588581
RGI60-11.01746,2000-01-01_2020-01-01,957000.0,-0.5205,0.193,11,False,RGI60-11.01746,0.957,2591,3119,2843,20.6,1,1500,9.0687,46.4855,0.9998476951563913,0.01745240643728351
RGI60-11.01747,2000-01-01_2020-01-01,23000.0,-0.1414,0.296,11,False,RGI60-11.01747,0.023,2836,2903,2862,19.9,296,180,10.7311,46.4784,0.4383711467890774,-0.898794046299167
RGI60-11.01748,2000-01-01_2020-01-01,386000.0,-0.2468,0.2202,11,False,RGI60-11.01748,0.386,2843,3410,3158,42.2,347,669,7.88328,46.4832,0.9743700647852351,-0.22495105434386534
RGI60-11.01749,2000-01-01_2020-01-01,164000.0,-0.5108,0.3017,11,False,RGI60-11.01749,0.164,2901,3336,3204,34.1,328,563,7.89535,46.4842,0.8480480961564258,-0.529919264233205
RGI60-11.01750,2000-01-01_2020-01-01,1625000.0,-0.734,0.1897,11,False,RGI60-11.01750,1.625,2594,3612,3067,29.4,216,1735,7.90589,46.478,-0.8090169943749475,-0.587785252292473
RGI60-11.01751,2000-01-01_2020-01-01,28000.0,-0.4539,0.4758,11,False,RGI60-11.01751,0.028,3074,3165,3114,30.8,81,146,10.7747,46.4772,0.15643446504023092,0.9876883405951378
RGI60-11.01752,2000-01-01_2020-01-01,123000.0,-0.3846,0.2926,11,False,RGI60-11.01752,0.123,2939,3143,3045,23.8,101,462,9.04463,46.4899,-0.1908089953765448,0.981627183447664
RGI60-11.01753,2000-01-01_2020-01-01,1063000.0,-1.3551,0.2501,11,False,RGI60-11.01753,1.063,2705,3085,2888,12.4,357,1885,9.05441,46.4833,0.9986295347545738,-0.05233595624294437
RGI60-11.01754,2000-01-01_2020-01-01,57000.0,-0.3822,0.5231,11,False,RGI60-11.01754,0.057,3628,3769,3719,30.8,25,177,10.5676,46.4797,0.9063077870366499,0.42261826174069944
RGI60-11.01755,2000-01-01_2020-01-01,564000.0,-0.6559,0.1981,11,False,RGI60-11.01755,0.564,2962,3416,3251,23.9,207,1271,10.5576,46.4757,-0.8910065241883679,-0.45399049973954664
RGI60-11.01756,2000-01-01_2020-01-01,114000.0,-1.13,0.4247,11,False,RGI60-11.01756,0.114,2905,3129,3022,28.1,293,488,10.7647,46.476,0.3907311284892735,-0.9205048534524405
RGI60-11.01757,2000-01-01_2020-01-01,638000.0,-0.749,0.2402,11,False,RGI60-11.01757,0.638,2445,3046,2683,24.4,351,1342,7.74529,46.4781,0.9876883405951377,-0.1564344650402311
RGI60-11.01758,2000-01-01_2020-01-01,34000.0,0.0402,0.5947,11,False,RGI60-11.01758,0.034,2704,2822,2765,29.3,44,326,9.55404,46.4879,0.7193398003386512,0.6946583704589973
RGI60-11.01759,2000-01-01_2020-01-01,90000.0,-0.6986,0.3351,11,False,RGI60-11.01759,0.09,3068,3194,3149,18.3,143,424,10.6078,46.477,-0.7986355100472929,0.6018150231520482
RGI60-11.01760,2000-01-01_2020-01-01,1082000.0,-0.55,0.3809,11,False,RGI60-11.01760,1.082,2379,3522,2935,34.7,351,1628,7.73236,46.4755,0.9876883405951377,-0.1564344650402311
RGI60-11.01761,2000-01-01_2020-01-01,31000.0,-0.5839,0.4392,11,False,RGI60-11.01761,0.031,3022,3089,3068,16.3,78,236,9.98788,46.4851,0.20791169081775945,0.9781476007338056
RGI60-11.01762,2000-01-01_2020-01-01,516000.0,-0.4535,0.1897,11,False,RGI60-11.01762,0.516,2887,3665,3312,26.7,231,1261,8.09919,46.4796,-0.6293203910498378,-0.7771459614569706
RGI60-11.01763,2000-01-01_2020-01-01,117000.0,-0.3505,0.3087,11,False,RGI60-11.01763,0.117,3330,3722,3562,36.1,111,547,10.5727,46.4776,-0.35836794954530027,0.9335804264972017
RGI60-11.01764,2000-01-01_2020-01-01,14000.0,-0.5963718926974675,0.4007490312965724,11,True,RGI60-11.01764,0.014,2958,3128,3043,46.9,12,160,10.7784,46.4755,0.9781476007338057,0.20791169081775934
RGI60-11.01765,2000-01-01_2020-01-01,1269000.0,-0.9183,0.193,11,False,RGI60-11.01765,1.269,2838,3299,3099,14.7,5,1837,10.7127,46.4683,0.9961946980917455,0.08715574274765817
RGI60-11.01766,2000-01-01_2020-01-01,805000.0,-0.731,0.2145,11,False,RGI60-11.01766,0.805,2644,3088,2915,21.2,34,1310,9.08269,46.4821,0.8290375725550417,0.5591929034707469
RGI60-11.01767,2000-01-01_2020-01-01,167000.0,-0.5074,0.3676,11,False,RGI60-11.01767,0.167,2492,2894,2723,33.5,346,515,9.11947,46.485,0.9702957262759965,-0.24192189559966787
RGI60-11.01768,2000-01-01_2020-01-01,204000.0,-0.928,0.4255,11,False,RGI60-11.01768,0.204,2688,3333,2992,32.2,76,733,8.03233,46.4828,0.24192189559966767,0.9702957262759965
RGI60-11.01769,2000-01-01_2020-01-01,877000.0,-0.4195,0.2075,11,False,RGI60-11.01769,0.877,2410,2843,2598,21.9,4,1065,9.10164,46.4837,0.9975640502598242,0.0697564737441253
RGI60-11.01770,2000-01-01_2020-01-01,526000.0,-1.0097,0.2505,11,False,RGI60-11.01770,0.526,2698,3229,2912,30.8,165,947,7.8934,46.4775,-0.9659258262890682,0.258819045102521
RGI60-11.01771,2000-01-01_2020-01-01,23000.0,-0.4357,0.5123,11,False,RGI60-11.01771,0.023,2887,2966,2905,13.7,11,304,9.07692,46.4859,0.981627183447664,0.1908089953765448
RGI60-11.01772,2000-01-01_2020-01-01,102000.0,-0.3275,0.2736,11,False,RGI60-11.01772,0.102,3103,3490,3267,28.7,170,620,7.91402,46.478,-0.984807753012208,0.17364817766693028
RGI60-11.01773,2000-01-01_2020-01-01,446000.0,-0.6933,0.2222,11,False,RGI60-11.01773,0.446,2992,3402,3217,21.4,149,1286,10.5677,46.4718,-0.8571673007021122,0.5150380749100544
RGI60-11.01774,2000-01-01_2020-01-01,35000.0,-0.216,0.5613,11,False,RGI60-11.01774,0.035,3030,3267,3117,34.4,335,386,7.75435,46.4785,0.90630778703665,-0.4226182617406992
RGI60-11.01775,2000-01-01_2020-01-01,24000.0,-0.5762,0.5334,11,False,RGI60-11.01775,0.024,3473,3535,3513,19.1,215,112,7.94764,46.4808,-0.8191520442889918,-0.5735764363510462
RGI60-11.01776,2000-01-01_2020-01-01,2163000.0,-0.9758,0.1773,11,False,RGI60-11.01776,2.163,2692,3388,3139,16.3,32,2761,10.6115,46.4674,0.848048096156426,0.5299192642332049
RGI60-11.01777,2000-01-01_2020-01-01,70000.0,-0.7008,0.4113,11,False,RGI60-11.01777,0.07,3239,3423,3361,29.2,163,336,7.8846,46.4792,-0.9563047559630355,0.2923717047227366
RGI60-11.01778,2000-01-01_2020-01-01,12000.0,-0.5963718926974675,0.4007490312965724,11,True,RGI60-11.01778,0.012,2870,2924,2906,22.8,45,125,9.06145,46.4856,0.7071067811865476,0.7071067811865476
RGI60-11.01779,2000-01-01_2020-01-01,23000.0,0.226,0.5264,11,False,RGI60-11.01779,0.023,2295,2391,2335,20.8,353,280,8.52885,46.4835,0.9925461516413221,-0.12186934340514723
RGI60-11.01780,2000-01-01_2020-01-01,15000.0,-0.5963718926974675,0.4007490312965724,11,True,RGI60-11.01780,0.015,2915,2972,2936,22.2,330,125,9.9835,46.4807,0.8660254037844384,-0.5000000000000004
RGI60-11.01781,2000-01-01_2020-01-01,25000.0,-0.3546,0.7534,11,False,RGI60-11.01781,0.025,3418,3527,3507,30.7,194,103,7.8484,46.4785,-0.9702957262759965,-0.2419218955996675
RGI60-11.01782,2000-01-01_2020-01-01,187000.0,-1.4472,0.4715,11,False,RGI60-11.01782,0.187,2734,3067,2862,30.0,156,606,8.11215,46.4788,-0.9135454576426008,0.40673664307580043
RGI60-11.01783,2000-01-01_2020-01-01,198000.0,-0.1017,0.4307,11,False,RGI60-11.01783,0.198,2770,3498,3030,32.0,340,1248,7.72423,46.4738,0.9396926207859084,-0.3420201433256686
RGI60-11.01784,2000-01-01_2020-01-01,36000.0,-0.5689,0.5066,11,False,RGI60-11.01784,0.036,3240,3438,3367,40.7,121,224,8.10457,46.4802,-0.5150380749100543,0.8571673007021123
RGI60-11.01785,2000-01-01_2020-01-01,318000.0,-0.9438,0.2706,11,False,RGI60-11.01785,0.318,2982,3295,3158,18.4,168,983,10.5767,46.4704,-0.9781476007338057,0.20791169081775931
RGI60-11.01786,2000-01-01_2020-01-01,1245000.0,-0.7826,0.186,11,False,RGI60-11.01786,1.245,2757,3327,3052,23.8,175,1089,7.85954,46.4733,-0.9961946980917455,0.0871557427476582
RGI60-11.01787,2000-01-01_2020-01-01,157000.0,-0.6277,0.3423,11,False,RGI60-11.01787,0.157,2915,3108,3031,16.8,61,709,9.5642,46.4804,0.4848096202463371,0.8746197071393957
RGI60-11.01788,2000-01-01_2020-01-01,23000.0,-0.5963718926974675,0.4007490312965724,11,True,RGI60-11.01788,0.023,3631,3708,3680,29.4,193,150,7.87515,46.4778,-0.9743700647852352,-0.22495105434386498
RGI60-11.01789,2000-01-01_2020-01-01,16000.0,-0.0915,0.3082,11,False,RGI60-11.01789,0.016,3284,3328,3307,18.2,327,180,10.5899,46.472,0.838670567945424,-0.544639035015027
RGI60-11.01790,2000-01-01_2020-01-01,940000.0,-0.7705,0.177,11,False,RGI60-11.01790,0.94,2880,3281,3101,19.0,327,1293,10.7002,46.4643,0.838670567945424,-0.544639035015027
RGI60-11.01791,2000-01-01_2020-01-01,4848000.0,-0.7033,0.141,11,False,RGI60-11.01791,4.848,2676,3377,3050,17.4,149,2094,7.82572,46.4632,-0.8571673007021122,0.5150380749100544
RGI60-11.01792,2000-01-01_2020-01-01,12000.0,-0.5963718926974675,0.4007490312965724,11,True,RGI60-11.01792,0.012,3271,3399,3331,40.4,133,141,7.88159,46.4771,-0.6819983600624984,0.7313537016191706
RGI60-11.01793,2000-01-01_2020-01-01,193000.0,-0.5963718926974675,0.4007490312965724,11,True,RGI60-11.01793,0.193,2898,3132,3010,27.8,153,396,7.75833,46.4737,-0.8910065241883678,0.45399049973954686
RGI60-11.01794,2000-01-01_2020-01-01,51000.0,-0.5825,0.6162,11,False,RGI60-11.01794,0.051,2721,2915,2852,39.0,344,261,9.10876,46.4815,0.9612616959383189,-0.27563735581699894
RGI60-11.01795,2000-01-01_2020-01-01,35000.0,-0.0646,0.4309,11,False,RGI60-11.01795,0.035,2595,2752,2664,28.9,0,355,7.70965,46.4738,1.0,0.0
RGI60-11.01796,2000-01-01_2020-01-01,23000.0,-0.5963718926974675,0.4007490312965724,11,True,RGI60-11.01796,0.023,3246,3422,3299,43.7,138,180,7.8793,46.4754,-0.7431448254773941,0.6691306063588583
RGI60-11.01797,2000-01-01_2020-01-01,7428000.0,-1.0234,0.1654,11,False,RGI60-11.01797,7.428,2400,4029,3133,23.5,109,5393,8.01614,46.459,-0.32556815445715664,0.9455185755993168
RGI60-11.01798,2000-01-01_2020-01-01,32000.0,-0.7815,0.6335,11,False,RGI60-11.01798,0.032,2610,2811,2700,39.2,136,280,7.76725,46.474,-0.7193398003386513,0.6946583704589971
RGI60-11.01799,2000-01-01_2020-01-01,10000.0,-0.5963718926974675,0.4007490312965724,11,True,RGI60-11.01799,0.01,3222,3311,3260,43.4,220,90,7.95503,46.4764,-0.766044443118978,-0.6427876096865393
RGI60-11.01800,2000-01-01_2020-01-01,406000.0,-0.8456,0.2795,11,False,RGI60-11.01800,0.406,2814,3456,3138,30.4,71,1211,8.03751,46.4749,0.32556815445715676,0.9455185755993167
RGI60-11.01801,2000-01-01_2020-01-01,13000.0,-0.5963718926974675,0.4007490312965724,11,True,RGI60-11.01801,0.013,2814,2891,2862,40.1,327,75,9.10233,46.4801,0.838670567945424,-0.544639035015027
RGI60-11.01802,2000-01-01_2020-01-01,136000.0,-0.0838,0.2577,11,False,RGI60-11.01802,0.136,2788,3045,2893,24.7,126,385,9.11799,46.4791,-0.587785252292473,0.8090169943749475
RGI60-11.01803,2000-01-01_2020-01-01,426000.0,-1.048,0.3024,11,False,RGI60-11.01803,0.426,2551,3006,2718,30.3,119,707,7.88541,46.4697,-0.484809620246337,0.8746197071393959
RGI60-11.01804,2000-01-01_2020-01-01,153000.0,-1.1396,0.3905,11,False,RGI60-11.01804,0.153,2784,3093,2906,28.7,273,571,7.71745,46.471,0.052335956242943946,-0.9986295347545738
RGI60-11.01805,2000-01-01_2020-01-01,121000.0,-1.3541,0.5482,11,False,RGI60-11.01805,0.121,2862,3024,2944,25.9,186,230,9.10762,46.4786,-0.9945218953682733,-0.1045284632676535
RGI60-11.01806,2000-01-01_2020-01-01,5386000.0,-0.8652,0.1554,11,False,RGI60-11.01806,5.386,2650,3701,3125,18.2,52,3812,10.634,46.456,0.6156614753256583,0.788010753606722
RGI60-11.01807,2000-01-01_2020-01-01,17000.0,-0.5512,0.6402,11,False,RGI60-11.01807,0.017,3278,3404,3349,41.5,210,127,7.874,46.4728,-0.8660254037844386,-0.5000000000000001
RGI60-11.01808,2000-01-01_2020-01-01,128000.0,-0.5963718926974675,0.4007490312965724,11,True,RGI60-11.01808,0.128,2801,3012,2882,30.8,142,316,7.74813,46.4697,-0.7880107536067219,0.6156614753256584
RGI60-11.01809,2000-01-01_2020-01-01,154000.0,-1.4427,0.5712,11,False,RGI60-11.01809,0.154,2709,3100,2858,40.9,98,426,8.10623,46.4726,-0.13917310096006535,0.9902680687415704
RGI60-11.01810,2000-01-01_2020-01-01,19000.0,-0.4845,0.5908,11,False,RGI60-11.01810,0.019,2897,3058,2954,43.8,167,158,9.07277,46.4778,-0.9743700647852351,0.2249510543438652
RGI60-11.01811,2000-01-01_2020-01-01,14000.0,-0.5963718926974675,0.4007490312965724,11,True,RGI60-11.01811,0.014,3138,3252,3213,39.7,120,135,8.10273,46.4744,-0.4999999999999998,0.8660254037844387
RGI60-11.01812,2000-01-01_2020-01-01,23000.0,-0.133,0.3591,11,False,RGI60-11.01812,0.023,2700,2747,2722,23.2,52,125,10.2002,46.4713,0.6156614753256583,0.788010753606722
RGI60-11.01813,2000-01-01_2020-01-01,1367000.0,-0.8063,0.1721,11,False,RGI60-11.01813,1.367,2709,3283,3056,17.0,341,1763,10.6806,46.4565,0.9455185755993168,-0.3255681544571567
RGI60-11.01814,2000-01-01_2020-01-01,337000.0,-0.4157,0.1964,11,False,RGI60-11.01814,0.337,2793,3318,3116,28.0,327,994,10.6913,46.4602,0.838670567945424,-0.544639035015027
RGI60-11.01815,2000-01-01_2020-01-01,186000.0,-0.3733,0.2418,11,False,RGI60-11.01815,0.186,2928,3074,3028,13.3,251,564,9.08108,46.4757,-0.32556815445715664,-0.9455185755993168
RGI60-11.01816,2000-01-01_2020-01-01,17000.0,-0.1812,0.3185,11,False,RGI60-11.01816,0.017,2643,2691,2665,19.2,34,141,10.2043,46.4709,0.8290375725550417,0.5591929034707469
RGI60-11.01817,2000-01-01_2020-01-01,355000.0,-0.6818,0.2648,11,False,RGI60-11.01817,0.355,2804,3430,3063,29.8,69,909,8.04256,46.4705,0.3583679495453004,0.9335804264972017
RGI60-11.01818,2000-01-01_2020-01-01,200000.0,-0.9115,0.4324,11,False,RGI60-11.01818,0.2,3020,3683,3412,46.6,317,486,7.96182,46.4693,0.7313537016191707,-0.6819983600624983
RGI60-11.01819,2000-01-01_2020-01-01,16000.0,0.4039,0.5402,11,False,RGI60-11.01819,0.016,2816,2859,2841,21.3,314,150,9.41672,46.4752,0.6946583704589973,-0.7193398003386511
RGI60-11.01820,2000-01-01_2020-01-01,254000.0,-0.7375,0.2807,11,False,RGI60-11.01820,0.254,2793,3070,2928,23.0,114,752,9.09055,46.4735,-0.40673664307580026,0.9135454576426009
RGI60-11.01821,2000-01-01_2020-01-01,22000.0,0.1818,0.4753,11,False,RGI60-11.01821,0.022,2944,3008,2973,31.6,279,103,8.09546,46.4713,0.15643446504023067,-0.9876883405951378
RGI60-11.01822,2000-01-01_2020-01-01,11000.0,-0.5963718926974675,0.4007490312965724,11,True,RGI60-11.01822,0.011,3252,3283,3263,19.1,64,-9,10.7174,46.4622,0.43837114678907746,0.898794046299167
RGI60-11.01823,2000-01-01_2020-01-01,146000.0,-0.166,1.0221,11,False,RGI60-11.01823,0.146,2769,3085,2938,43.9,131,257,7.74415,46.4673,-0.6560590289905072,0.7547095802227721
RGI60-11.01824,2000-01-01_2020-01-01,384000.0,-1.2876,0.3447,11,False,RGI60-11.01824,0.384,2451,2791,2532,15.5,20,1206,8.50581,46.4703,0.9396926207859084,0.3420201433256687
RGI60-11.01825,2000-01-01_2020-01-01,86000.0,-1.2956,0.6057,11,False,RGI60-11.01825,0.086,3109,3263,3201,23.4,158,327,8.09986,46.4696,-0.9271838545667873,0.37460659341591224
RGI60-11.01826,2000-01-01_2020-01-01,151000.0,-0.502,0.3395,11,False,RGI60-11.01826,0.151,2806,3322,3096,42.0,240,482,7.72847,46.4654,-0.5000000000000004,-0.8660254037844385
RGI60-11.01827,2000-01-01_2020-01-01,19286000.0,-1.4189,0.2053,11,False,RGI60-11.01827,19.286,2181,3805,2970,21.0,131,9090,7.97735,46.4173,-0.6560590289905072,0.7547095802227721
RGI60-11.01828,2000-01-01_2020-01-01,141000.0,-0.4585,0.2722,11,False,RGI60-11.01828,0.141,3837,4082,4031,21.3,87,433,7.99507,46.4674,0.052335956242943966,0.9986295347545738
RGI60-11.01829,2000-01-01_2020-01-01,86000.0,-0.4915,0.34,11,False,RGI60-11.01829,0.086,2775,3024,2879,25.9,340,453,9.41257,46.471,0.9396926207859084,-0.3420201433256686
RGI60-11.01830,2000-01-01_2020-01-01,14000.0,-0.5191,0.6062,11,False,RGI60-11.01830,0.014,2666,2747,2701,22.6,204,180,7.86812,46.4669,-0.9135454576426009,-0.4067366430758002
RGI60-11.01831,2000-01-01_2020-01-01,22000.0,-0.294,0.4599,11,False,RGI60-11.01831,0.022,2958,3027,2990,22.8,233,152,9.08113,46.4724,-0.6018150231520483,-0.7986355100472928
RGI60-11.01832,2000-01-01_2020-01-01,48000.0,-0.6992,0.5858,11,False,RGI60-11.01832,0.048,3008,3091,3055,23.8,138,150,8.10166,46.4674,-0.7431448254773941,0.6691306063588583
RGI60-11.01833,2000-01-01_2020-01-01,348000.0,-0.809,0.2589,11,False,RGI60-11.01833,0.348,2957,3513,3221,27.9,100,1190,8.04251,46.4654,-0.1736481776669303,0.984807753012208
RGI60-11.01834,2000-01-01_2020-01-01,2836000.0,-1.1569,0.2169,11,False,RGI60-11.01834,2.836,2867,3291,3072,10.6,176,2305,10.7085,46.4512,-0.9975640502598242,0.06975647374412552
RGI60-11.01835,2000-01-01_2020-01-01,21000.0,-0.5963718926974675,0.4007490312965724,11,True,RGI60-11.01835,0.021,3036,3226,3090,59.5,311,90,7.95311,46.4643,0.656059028990507,-0.7547095802227722
RGI60-11.01836,2000-01-01_2020-01-01,75000.0,-0.9305,0.5877,11,False,RGI60-11.01836,0.075,3076,3499,3238,37.8,165,571,7.96568,46.4629,-0.9659258262890682,0.258819045102521
RGI60-11.01837,2000-01-01_2020-01-01,25000.0,-0.8872,0.6766,11,False,RGI60-11.01837,0.025,3343,3490,3410,42.3,212,177,7.9761,46.4637,-0.8480480961564261,-0.5299192642332048
RGI60-11.01838,2000-01-01_2020-01-01,21000.0,-0.286,0.5375,11,False,RGI60-11.01838,0.021,2652,2722,2675,28.0,19,127,9.1353,46.4683,0.9455185755993168,0.3255681544571567
RGI60-11.01839,2000-01-01_2020-01-01,375000.0,-0.9042,0.2722,11,False,RGI60-11.01839,0.375,2816,3179,2999,19.6,5,1137,10.5105,46.4529,0.9961946980917455,0.08715574274765817
RGI60-11.01840,2000-01-01_2020-01-01,2169000.0,-0.5178,0.1509,11,False,RGI60-11.01840,2.169,2701,3716,3281,21.0,299,2306,10.6073,46.4503,0.4848096202463373,-0.8746197071393956
RGI60-11.01841,2000-01-01_2020-01-01,32000.0,-0.3793,0.4304,11,False,RGI60-11.01841,0.032,2925,3108,3032,30.2,357,301,10.6681,46.4548,0.9986295347545738,-0.05233595624294437
RGI60-11.01842,2000-01-01_2020-01-01,30000.0,-0.1559,0.57,11,False,RGI60-11.01842,0.03,3270,3457,3381,47.3,313,168,7.95295,46.4616,0.6819983600624986,-0.7313537016191703
RGI60-11.01843,2000-01-01_2020-01-01,281000.0,-0.9533,0.2741,11,False,RGI60-11.01843,0.281,2793,3020,2907,20.6,338,630,10.5506,46.4538,0.9271838545667873,-0.37460659341591235
RGI60-11.01844,2000-01-01_2020-01-01,20000.0,-0.5963718926974675,0.4007490312965724,11,True,RGI60-11.01844,0.02,3030,3162,3076,42.6,86,160,8.04625,46.4614,0.06975647374412523,0.9975640502598242
RGI60-11.01845,2000-01-01_2020-01-01,39000.0,-0.0516,0.5583,11,False,RGI60-11.01845,0.039,3116,3431,3278,45.2,321,334,7.9482,46.4595,0.7771459614569706,-0.6293203910498378
RGI60-11.01846,2000-01-01_2020-01-01,13000.0,-0.5963718926974675,0.4007490312965724,11,True,RGI60-11.01846,0.013,2813,2846,2827,16.5,245,152,9.27168,46.4646,-0.42261826174069916,-0.9063077870366502
RGI60-11.01847,2000-01-01_2020-01-01,32000.0,-0.6076,0.6285,11,False,RGI60-11.01847,0.032,2805,2934,2887,29.1,355,261,9.85032,46.461,0.9961946980917455,-0.08715574274765832
RGI60-11.01848,2000-01-01_2020-01-01,389000.0,-0.6588,0.2069,11,False,RGI60-11.01848,0.389,2795,3161,3002,25.7,309,712,7.78301,46.4549,0.6293203910498375,-0.7771459614569708
RGI60-11.01849,2000-01-01_2020-01-01,257000.0,-1.0666,0.3649,11,False,RGI60-11.01849,0.257,2825,3081,2925,23.8,22,732,10.5354,46.4524,0.9271838545667874,0.374606593415912
RGI60-11.01850,2000-01-01_2020-01-01,59000.0,-0.5972,0.426,11,False,RGI60-11.01850,0.059,2799,2907,2849,26.1,354,266,10.5268,46.4527,0.9945218953682733,-0.10452846326765342
RGI60-11.01851,2000-01-01_2020-01-01,127000.0,-0.6657,0.3498,11,False,RGI60-11.01851,0.127,2799,3173,3056,29.3,0,635,10.5429,46.4507,1.0,0.0
RGI60-11.01852,2000-01-01_2020-01-01,23000.0,-1.4319,1.0395,11,False,RGI60-11.01852,0.023,2857,2935,2901,24.1,36,180,10.1285,46.4575,0.8090169943749475,0.5877852522924731
RGI60-11.01853,2000-01-01_2020-01-01,244000.0,-0.2935,0.2233,11,False,RGI60-11.01853,0.244,2580,2826,2689,22.3,293,482,9.26885,46.4593,0.3907311284892735,-0.9205048534524405
RGI60-11.01854,2000-01-01_2020-01-01,42000.0,-0.8751,0.6435,11,False,RGI60-11.01854,0.042,2918,3082,2997,35.0,52,261,8.04984,46.4569,0.6156614753256583,0.788010753606722
RGI60-11.01855,2000-01-01_2020-01-01,14000.0,-0.5963718926974675,0.4007490312965724,11,True,RGI60-11.01855,0.014,2645,2704,2670,23.8,123,100,8.35719,46.4595,-0.5446390350150271,0.838670567945424
RGI60-11.01856,2000-01-01_2020-01-01,35000.0,-0.5464,0.5296,11,False,RGI60-11.01856,0.035,3050,3204,3128,32.1,28,230,10.5193,46.4502,0.882947592858927,0.4694715627858908
RGI60-11.01857,2000-01-01_2020-01-01,958000.0,-0.9937,0.2205,11,False,RGI60-11.01857,0.958,2875,3190,3071,18.9,138,974,7.7883,46.448,-0.7431448254773941,0.6691306063588583
RGI60-11.01858,2000-01-01_2020-01-01,32000.0,-0.7942,0.522,11,False,RGI60-11.01858,0.032,3099,3138,3121,14.1,24,180,10.5259,46.4493,0.9135454576426009,0.4067366430758002
RGI60-11.01859,2000-01-01_2020-01-01,74000.0,-0.7043,0.3735,11,False,RGI60-11.01859,0.074,3038,3149,3089,18.9,299,325,10.4998,46.4489,0.4848096202463373,-0.8746197071393956
RGI60-11.01860,2000-01-01_2020-01-01,194000.0,-0.4206,0.2742,11,False,RGI60-11.01860,0.194,2546,2887,2696,28.2,348,633,8.39074,46.4554,0.9781476007338056,-0.20791169081775987
RGI60-11.01861,2000-01-01_2020-01-01,64000.0,-0.4755,0.4209,11,False,RGI60-11.01861,0.064,2870,3195,3019,29.0,296,533,10.5945,46.4472,0.4383711467890774,-0.898794046299167
RGI60-11.01862,2000-01-01_2020-01-01,242000.0,-0.5361,0.2406,11,False,RGI60-11.01862,0.242,2701,3101,2849,32.0,296,542,7.93488,46.4516,0.4383711467890774,-0.898794046299167
RGI60-11.01863,2000-01-01_2020-01-01,4151000.0,-0.723,0.1508,11,False,RGI60-11.01863,4.151,2663,3717,3286,19.9,86,3273,10.6286,46.4337,0.06975647374412523,0.9975640502598242
RGI60-11.01864,2000-01-01_2020-01-01,183000.0,-0.5962,0.3061,11,False,RGI60-11.01864,0.183,2625,2893,2723,19.3,27,809,8.32548,46.4536,0.8910065241883679,0.45399049973954675
RGI60-11.01865,2000-01-01_2020-01-01,15000.0,0.2837,0.4674,11,False,RGI60-11.01865,0.015,2643,2706,2669,15.5,356,224,8.33725,46.4556,0.9975640502598242,-0.06975647374412564
RGI60-11.01866,2000-01-01_2020-01-01,84000.0,-0.673,0.4342,11,False,RGI60-11.01866,0.084,2859,3082,2988,32.7,295,397,7.78046,46.4502,0.4226182617406996,-0.9063077870366498
RGI60-11.01867,2000-01-01_2020-01-01,14000.0,-0.5963718926974675,0.4007490312965724,11,True,RGI60-11.01867,0.014,3638,3661,3651,16.4,199,103,7.94717,46.4529,-0.9455185755993167,-0.32556815445715676
RGI60-11.01868,2000-01-01_2020-01-01,634000.0,-1.1907,0.3281,11,False,RGI60-11.01868,0.634,2559,2839,2730,13.3,75,959,8.47167,46.4518,0.25881904510252074,0.9659258262890683
RGI60-11.01869,2000-01-01_2020-01-01,168000.0,-0.5652,0.2802,11,False,RGI60-11.01869,0.168,3223,3515,3395,33.3,4,415,10.6036,46.4448,0.9975640502598242,0.0697564737441253
RGI60-11.01870,2000-01-01_2020-01-01,172000.0,-0.6903,0.369,11,False,RGI60-11.01870,0.172,2747,3042,2914,24.2,36,665,9.73303,46.4525,0.8090169943749475,0.5877852522924731
RGI60-11.01871,2000-01-01_2020-01-01,20000.0,-0.5441,0.6308,11,False,RGI60-11.01871,0.02,2592,2637,2614,22.4,28,125,10.1475,46.4511,0.882947592858927,0.4694715627858908
RGI60-11.01872,2000-01-01_2020-01-01,20000.0,0.1995,0.466,11,False,RGI60-11.01872,0.02,2605,2678,2647,28.0,314,112,9.26084,46.4558,0.6946583704589973,-0.7193398003386511
RGI60-11.01873,2000-01-01_2020-01-01,331000.0,-0.2601,0.2215,11,False,RGI60-11.01873,0.331,2651,3001,2892,26.8,337,459,9.26081,46.4526,0.9205048534524403,-0.3907311284892739
RGI60-11.01874,2000-01-01_2020-01-01,25000.0,-0.3106,0.3694,11,False,RGI60-11.01874,0.025,2642,2673,2652,11.6,344,103,10.1528,46.4504,0.9612616959383189,-0.27563735581699894
RGI60-11.01875,2000-01-01_2020-01-01,24000.0,-0.5963718926974675,0.4007490312965724,11,True,RGI60-11.01875,0.024,3154,3191,3170,15.9,212,182,10.5063,46.4462,-0.8480480961564261,-0.5299192642332048
RGI60-11.01876,2000-01-01_2020-01-01,5290000.0,-1.2491,0.1964,11,False,RGI60-11.01876,5.29,2417,3301,2934,11.8,41,5652,8.33019,46.4383,0.754709580222772,0.6560590289905073
RGI60-11.01877,2000-01-01_2020-01-01,23000.0,0.002,0.4558,11,False,RGI60-11.01877,0.023,3354,3478,3425,35.3,302,177,10.5987,46.4433,0.5299192642332047,-0.8480480961564261
RGI60-11.01878,2000-01-01_2020-01-01,16000.0,-0.1822,0.5284,11,False,RGI60-11.01878,0.016,2960,3040,3006,31.8,285,125,9.26846,46.454,0.2588190451025203,-0.9659258262890684
RGI60-11.01879,2000-01-01_2020-01-01,72000.0,-0.9207,0.525,11,False,RGI60-11.01879,0.072,2717,2978,2867,26.5,11,550,10.1496,46.4463,0.981627183447664,0.1908089953765448
RGI60-11.01880,2000-01-01_2020-01-01,27000.0,0.0478,0.2517,11,False,RGI60-11.01880,0.027,3094,3176,3152,27.1,324,103,7.77856,46.4473,0.8090169943749473,-0.5877852522924734
RGI60-11.01881,2000-01-01_2020-01-01,18000.0,-0.2282,0.4132,11,False,RGI60-11.01881,0.018,2564,2610,2589,23.6,306,168,7.92364,46.4479,0.5877852522924729,-0.8090169943749476
RGI60-11.01882,2000-01-01_2020-01-01,43000.0,-0.6325,0.6799,11,False,RGI60-11.01882,0.043,3005,3230,3148,44.2,315,237,7.93638,46.4478,0.7071067811865474,-0.7071067811865477
RGI60-11.01883,2000-01-01_2020-01-01,11000.0,-0.5963718926974675,0.4007490312965724,11,True,RGI60-11.01883,0.011,2829,2868,2846,18.7,121,106,8.3956,46.4518,-0.5150380749100543,0.8571673007021123
RGI60-11.01884,2000-01-01_2020-01-01,69000.0,-0.5681,0.3519,11,False,RGI60-11.01884,0.069,3114,3281,3237,25.3,290,326,10.5938,46.441,0.342020143325669,-0.9396926207859083
RGI60-11.01885,2000-01-01_2020-01-01,1427000.0,-0.2849,0.1617,11,False,RGI60-11.01885,1.427,2113,3657,3002,36.9,4,2274,7.68726,46.4331,0.9975640502598242,0.0697564737441253
RGI60-11.01886,2000-01-01_2020-01-01,15000.0,-0.0629,0.3077,11,False,RGI60-11.01886,0.015,2599,2639,2619,14.2,274,152,8.31564,46.4503,0.06975647374412522,-0.9975640502598243
RGI60-11.01887,2000-01-01_2020-01-01,210000.0,-0.464,0.2571,11,False,RGI60-11.01887,0.21,2560,3169,2921,28.3,348,1046,7.67486,46.44,0.9781476007338056,-0.20791169081775987
RGI60-11.01888,2000-01-01_2020-01-01,495000.0,-0.8733,0.2479,11,False,RGI60-11.01888,0.495,2996,3261,3116,18.5,238,864,10.6101,46.436,-0.529919264233205,-0.848048096156426
RGI60-11.01889,2000-01-01_2020-01-01,168000.0,-0.9749,0.4185,11,False,RGI60-11.01889,0.168,2459,2671,2544,18.8,29,666,8.48534,46.4484,0.8746197071393957,0.48480962024633706
RGI60-11.01890,2000-01-01_2020-01-01,113000.0,-0.7382,0.422,11,False,RGI60-11.01890,0.113,2756,3078,2894,36.8,307,318,7.92948,46.4453,0.6018150231520479,-0.798635510047293
RGI60-11.01891,2000-01-01_2020-01-01,53000.0,-0.8021,0.5632,11,False,RGI60-11.01891,0.053,3017,3134,3097,15.1,316,276,7.77599,46.4437,0.7193398003386509,-0.6946583704589976
RGI60-11.01892,2000-01-01_2020-01-01,305000.0,-0.4946,0.2314,11,False,RGI60-11.01892,0.305,2872,3517,3251,30.7,96,1113,7.96087,46.4444,-0.10452846326765355,0.9945218953682733
RGI60-11.01893,2000-01-01_2020-01-01,23000.0,0.0329,0.2648,11,False,RGI60-11.01893,0.023,2908,2960,2928,15.7,274,206,10.1407,46.4445,0.06975647374412522,-0.9975640502598243
RGI60-11.01894,2000-01-01_2020-01-01,341000.0,-0.8794,0.2858,11,False,RGI60-11.01894,0.341,2913,3123,3030,23.6,157,549,7.77587,46.4407,-0.9205048534524404,0.39073112848927377
RGI60-11.01895,2000-01-01_2020-01-01,28000.0,0.1221,0.3774,11,False,RGI60-11.01895,0.028,2629,2694,2654,15.3,76,251,8.40036,46.4483,0.24192189559966767,0.9702957262759965
RGI60-11.01896,2000-01-01_2020-01-01,106000.0,-0.531,0.352,11,False,RGI60-11.01896,0.106,2529,2648,2583,20.5,354,428,8.30769,46.4459,0.9945218953682733,-0.10452846326765342
RGI60-11.01897,2000-01-01_2020-01-01,17000.0,0.1063,0.4413,11,False,RGI60-11.01897,0.017,2650,2694,2667,18.1,231,141,8.39361,46.4473,-0.6293203910498378,-0.7771459614569706
RGI60-11.01898,2000-01-01_2020-01-01,30000.0,-0.3709,0.4232,11,False,RGI60-11.01898,0.03,3257,3356,3313,31.3,262,150,7.93406,46.4429,-0.13917310096006583,-0.9902680687415703
RGI60-11.01899,2000-01-01_2020-01-01,67000.0,-0.4901,0.3741,11,False,RGI60-11.01899,0.067,2849,3174,2942,25.4,11,649,7.67768,46.439,0.981627183447664,0.1908089953765448
RGI60-11.01900,2000-01-01_2020-01-01,32000.0,-0.9626,0.7441,11,False,RGI60-11.01900,0.032,3024,3146,3098,28.7,25,255,7.7675,46.4409,0.9063077870366499,0.42261826174069944
RGI60-11.01901,2000-01-01_2020-01-01,16000.0,-0.5963718926974675,0.4007490312965724,11,True,RGI60-11.01901,0.016,2825,2867,2850,14.4,268,212,10.1372,46.4423,-0.03489949670250076,-0.9993908270190958
RGI60-11.01902,2000-01-01_2020-01-01,986000.0,-0.8436,0.2016,11,False,RGI60-11.01902,0.986,3024,3674,3282,23.3,133,1445,8.01744,46.4376,-0.6819983600624984,0.7313537016191706
RGI60-11.01903,2000-01-01_2020-01-01,16000.0,-0.5963718926974675,0.4007490312965724,11,True,RGI60-11.01903,0.016,2739,2793,2774,18.6,301,168,10.1331,46.4417,0.5150380749100542,-0.8571673007021123
RGI60-11.01904,2000-01-01_2020-01-01,99000.0,-0.6858,0.402,11,False,RGI60-11.01904,0.099,2344,2679,2498,32.2,330,584,7.69809,46.4379,0.8660254037844384,-0.5000000000000004
RGI60-11.01905,2000-01-01_2020-01-01,84000.0,-1.661,0.7173,11,False,RGI60-11.01905,0.084,3036,3224,3157,28.3,141,372,7.93146,46.4403,-0.7771459614569709,0.6293203910498374
RGI60-11.01906,2000-01-01_2020-01-01,514000.0,-1.1053,0.2539,11,False,RGI60-11.01906,0.514,2862,3282,3023,25.7,120,994,7.95939,46.4386,-0.4999999999999998,0.8660254037844387
RGI60-11.01907,2000-01-01_2020-01-01,42000.0,-0.8742,0.8389,11,False,RGI60-11.01907,0.042,2793,2963,2876,42.4,49,182,8.03523,46.4401,0.6560590289905073,0.754709580222772
RGI60-11.01908,2000-01-01_2020-01-01,149000.0,-0.46,0.3221,11,False,RGI60-11.01908,0.149,2634,3273,2876,31.8,336,984,7.66603,46.4339,0.913545457642601,-0.40673664307580015
RGI60-11.01909,2000-01-01_2020-01-01,16000.0,-0.7369,0.8406,11,False,RGI60-11.01909,0.016,2953,3075,3023,32.6,168,177,7.76516,46.4375,-0.9781476007338057,0.20791169081775931
RGI60-11.01910,2000-01-01_2020-01-01,175000.0,-0.7854,0.3111,11,False,RGI60-11.01910,0.175,2995,3198,3128,26.4,142,451,7.92694,46.4378,-0.7880107536067219,0.6156614753256584
RGI60-11.01911,2000-01-01_2020-01-01,34000.0,-0.7308,0.6452,11,False,RGI60-11.01911,0.034,3347,3547,3452,46.4,293,190,8.00136,46.4393,0.3907311284892735,-0.9205048534524405
RGI60-11.01912,2000-01-01_2020-01-01,2209000.0,-0.8391,0.1714,11,False,RGI60-11.01912,2.209,2861,3626,3263,22.3,147,2095,8.00827,46.4303,-0.8386705679454239,0.5446390350150273
RGI60-11.01913,2000-01-01_2020-01-01,33000.0,-0.2182,0.3742,11,False,RGI60-11.01913,0.033,3174,3367,3268,28.4,218,369,7.95109,46.4378,-0.788010753606722,-0.6156614753256582
RGI60-11.01914,2000-01-01_2020-01-01,14000.0,-0.5963718926974675,0.4007490312965724,11,True,RGI60-11.01914,0.014,2900,2950,2922,26.6,157,112,7.93561,46.438,-0.9205048534524404,0.39073112848927377
RGI60-11.01915,2000-01-01_2020-01-01,332000.0,-1.1044,0.371,11,False,RGI60-11.01915,0.332,2725,3015,2856,22.4,359,730,10.1215,46.4335,0.9998476951563913,-0.01745240643728356
RGI60-11.01916,2000-01-01_2020-01-01,19000.0,-0.5732,0.5864,11,False,RGI60-11.01916,0.019,2961,3044,3012,26.8,58,158,10.6448,46.4295,0.5299192642332049,0.8480480961564261
RGI60-11.01917,2000-01-01_2020-01-01,67000.0,-1.0074,0.5443,11,False,RGI60-11.01917,0.067,2962,3215,3095,30.0,203,484,7.95199,46.4345,-0.9205048534524404,-0.39073112848927355
RGI60-11.01918,2000-01-01_2020-01-01,19000.0,-0.4519,0.6341,11,False,RGI60-11.01918,0.019,2899,3026,2974,38.4,317,168,7.91643,46.4356,0.7313537016191707,-0.6819983600624983
RGI60-11.01919,2000-01-01_2020-01-01,18000.0,-0.5963718926974675,0.4007490312965724,11,True,RGI60-11.01919,0.018,3038,3127,3101,28.1,157,160,7.92185,46.4353,-0.9205048534524404,0.39073112848927377
RGI60-11.01920,2000-01-01_2020-01-01,832000.0,-0.635,0.1969,11,False,RGI60-11.01920,0.832,2831,3655,3296,27.2,298,1899,10.6109,46.4245,0.4694715627858904,-0.8829475928589271
RGI60-11.01921,2000-01-01_2020-01-01,132000.0,-1.5938,0.5676,11,False,RGI60-11.01921,0.132,3003,3143,3096,22.9,129,292,7.91848,46.4331,-0.6293203910498373,0.777145961456971
RGI60-11.01922,2000-01-01_2020-01-01,14000.0,-0.4909,0.5599,11,False,RGI60-11.01922,0.014,2773,2868,2817,27.9,105,135,7.75858,46.4329,-0.25881904510252085,0.9659258262890683
RGI60-11.01923,2000-01-01_2020-01-01,339000.0,-0.7957,0.2706,11,False,RGI60-11.01923,0.339,2801,3358,3034,29.9,270,732,7.99071,46.4324,-1.8369701987210297e-16,-1.0
RGI60-11.01924,2000-01-01_2020-01-01,61000.0,-0.6724,0.5593,11,False,RGI60-11.01924,0.061,2697,2849,2776,26.6,285,316,7.90998,46.4329,0.2588190451025203,-0.9659258262890684
RGI60-11.01925,2000-01-01_2020-01-01,370000.0,-0.7065,0.2727,11,False,RGI60-11.01925,0.37,2302,2995,2626,30.4,4,1046,7.89449,46.4286,0.9975640502598242,0.0697564737441253
RGI60-11.01926,2000-01-01_2020-01-01,65000.0,-0.252,0.4911,11,False,RGI60-11.01926,0.065,2624,2828,2721,38.0,46,416,8.72115,46.4376,0.6946583704589973,0.7193398003386512
RGI60-11.01927,2000-01-01_2020-01-01,11000.0,-0.5963718926974675,0.4007490312965724,11,True,RGI60-11.01927,0.011,3022,3065,3043,30.0,284,127,10.1292,46.4329,0.24192189559966742,-0.9702957262759966
RGI60-11.01928,2000-01-01_2020-01-01,672000.0,-1.354,0.3246,11,False,RGI60-11.01928,0.672,2223,2827,2485,22.8,37,1860,7.70846,46.4235,0.7986355100472928,0.6018150231520483
RGI60-11.01929,2000-01-01_2020-01-01,128000.0,-0.6669,0.3227,11,False,RGI60-11.01929,0.128,3009,3184,3075,16.0,7,285,8.31054,46.4334,0.992546151641322,0.12186934340514748
RGI60-11.01930,2000-01-01_2020-01-01,296000.0,-1.0359,0.3061,11,False,RGI60-11.01930,0.296,2844,3151,3006,18.5,304,954,10.1119,46.4296,0.559192903470747,-0.8290375725550416
RGI60-11.01931,2000-01-01_2020-01-01,249000.0,-0.6372,0.2643,11,False,RGI60-11.01931,0.249,2745,3173,3006,24.9,110,737,7.75005,46.4282,-0.3420201433256687,0.9396926207859084
RGI60-11.01932,2000-01-01_2020-01-01,35000.0,-0.5798,0.6796,11,False,RGI60-11.01932,0.035,2490,2696,2579,37.5,311,428,7.90321,46.4314,0.656059028990507,-0.7547095802227722
RGI60-11.01933,2000-01-01_2020-01-01,18000.0,-0.3443,0.5492,11,False,RGI60-11.01933,0.018,3093,3153,3120,36.2,346,112,7.74329,46.4295,0.9702957262759965,-0.24192189559966787
RGI60-11.01934,2000-01-01_2020-01-01,972000.0,-0.8698,0.2693,11,False,RGI60-11.01934,0.972,2318,3632,2832,27.7,298,3511,7.67178,46.4187,0.4694715627858904,-0.8829475928589271
RGI60-11.01935,2000-01-01_2020-01-01,1174000.0,-0.8962,0.2243,11,False,RGI60-11.01935,1.174,2532,3353,2927,29.1,350,1661,10.279,46.4226,0.984807753012208,-0.1736481776669304
RGI60-11.01936,2000-01-01_2020-01-01,87000.0,-0.2264,0.3376,11,False,RGI60-11.01936,0.087,3049,3504,3269,38.6,237,685,7.67454,46.4268,-0.544639035015027,-0.8386705679454242
RGI60-11.01937,2000-01-01_2020-01-01,45000.0,-0.6849,0.5325,11,False,RGI60-11.01937,0.045,3444,3500,3469,17.4,120,135,7.68186,46.4271,-0.4999999999999998,0.8660254037844387
RGI60-11.01938,2000-01-01_2020-01-01,40000.0,-0.1158,0.3538,11,False,RGI60-11.01938,0.04,2950,3050,3005,21.9,337,261,9.8953,46.4306,0.9205048534524403,-0.3907311284892739
RGI60-11.01939,2000-01-01_2020-01-01,18000.0,-0.4259,0.4618,11,False,RGI60-11.01939,0.018,3096,3155,3125,23.4,221,125,7.74219,46.4271,-0.7547095802227721,-0.656059028990507
RGI60-11.01940,2000-01-01_2020-01-01,158000.0,-0.605,0.3253,11,False,RGI60-11.01940,0.158,2720,2948,2820,23.1,27,520,8.7298,46.4323,0.8910065241883679,0.45399049973954675
RGI60-11.01941,2000-01-01_2020-01-01,42000.0,-0.485,0.3732,11,False,RGI60-11.01941,0.042,2705,2841,2760,23.4,360,304,10.2969,46.426,1.0,-2.4492935982947064e-16
RGI60-11.01942,2000-01-01_2020-01-01,1316000.0,-0.6944,0.1866,11,False,RGI60-11.01942,1.316,2944,3661,3265,23.2,75,2216,10.6269,46.4148,0.25881904510252074,0.9659258262890683
RGI60-11.01943,2000-01-01_2020-01-01,899000.0,-0.761,0.2342,11,False,RGI60-11.01943,0.899,2360,3180,2661,24.1,329,2249,7.54166,46.4169,0.8571673007021121,-0.5150380749100545
RGI60-11.01944,2000-01-01_2020-01-01,17000.0,-0.9145,0.7988,11,False,RGI60-11.01944,0.017,3025,3097,3060,27.4,162,146,7.74225,46.4254,-0.9510565162951535,0.3090169943749475
RGI60-11.01945,2000-01-01_2020-01-01,258000.0,-0.6891,0.263,11,False,RGI60-11.01945,0.258,2860,3205,3089,19.9,326,825,9.88976,46.4258,0.8290375725550418,-0.5591929034707466
RGI60-11.01946,2000-01-01_2020-01-01,15809000.0,-1.0258,0.1409,11,False,RGI60-11.01946,15.809,2030,3976,3000,20.4,355,7393,9.92523,46.3891,0.9961946980917455,-0.08715574274765832
RGI60-11.01947,2000-01-01_2020-01-01,22000.0,0.0853,0.4642,11,False,RGI60-11.01947,0.022,3577,3653,3622,24.7,201,135,7.69203,46.4243,-0.9335804264972017,-0.35836794954530043
RGI60-11.01948,2000-01-01_2020-01-01,1163000.0,-0.5706,0.1658,11,False,RGI60-11.01948,1.163,2984,3663,3298,19.1,245,2115,10.6072,46.4136,-0.42261826174069916,-0.9063077870366502
RGI60-11.01949,2000-01-01_2020-01-01,299000.0,-0.6331,0.2697,11,False,RGI60-11.01949,0.299,2549,2868,2713,25.7,10,739,7.55452,46.4194,0.984807753012208,0.17364817766693033
RGI60-11.01950,2000-01-01_2020-01-01,23000.0,-0.6745,0.7029,11,False,RGI60-11.01950,0.023,2876,2980,2914,33.4,319,158,10.2927,46.4231,0.7547095802227719,-0.6560590289905074
RGI60-11.01951,2000-01-01_2020-01-01,197000.0,-0.5368,0.2884,11,False,RGI60-11.01951,0.197,2728,3285,3043,40.6,44,485,7.65301,46.4185,0.7193398003386512,0.6946583704589973
RGI60-11.01952,2000-01-01_2020-01-01,523000.0,-0.7414,0.2563,11,False,RGI60-11.01952,0.523,2442,3092,2718,24.4,21,1478,8.46585,46.4229,0.9335804264972017,0.35836794954530027
RGI60-11.01953,2000-01-01_2020-01-01,306000.0,-1.0095,0.2802,11,False,RGI60-11.01953,0.306,2840,3067,2942,14.7,287,819,10.109,46.422,0.2923717047227367,-0.9563047559630354
RGI60-11.01954,2000-01-01_2020-01-01,278000.0,-0.3156,0.2259,11,False,RGI60-11.01954,0.278,2633,3150,2911,31.6,20,829,7.65817,46.4174,0.9396926207859084,0.3420201433256687
RGI60-11.01955,2000-01-01_2020-01-01,224000.0,-0.9863,0.3985,11,False,RGI60-11.01955,0.224,2581,2915,2678,18.2,30,736,7.59082,46.4178,0.8660254037844387,0.49999999999999994
RGI60-11.01956,2000-01-01_2020-01-01,407000.0,-1.113,0.3586,11,False,RGI60-11.01956,0.407,2454,2928,2739,30.0,303,1017,7.87921,46.4213,0.5446390350150266,-0.8386705679454243
RGI60-11.01957,2000-01-01_2020-01-01,147000.0,-0.3422,0.2448,11,False,RGI60-11.01957,0.147,3378,3724,3533,34.0,2,335,7.89822,46.421,0.9993908270190958,0.03489949670250097
RGI60-11.01958,2000-01-01_2020-01-01,333000.0,-0.8596,0.3637,11,False,RGI60-11.01958,0.333,2539,3307,2845,32.6,186,1157,7.68974,46.4155,-0.9945218953682733,-0.1045284632676535
RGI60-11.01959,2000-01-01_2020-01-01,39000.0,-0.5208,0.5666,11,False,RGI60-11.01959,0.039,2783,2974,2889,21.1,62,507,8.3336,46.4252,0.46947156278589086,0.8829475928589269
RGI60-11.01960,2000-01-01_2020-01-01,55000.0,-0.7302,0.512,11,False,RGI60-11.01960,0.055,2872,3044,2962,22.4,39,391,9.90187,46.4229,0.7771459614569709,0.6293203910498374
RGI60-11.01961,2000-01-01_2020-01-01,283000.0,-0.6476,0.2865,11,False,RGI60-11.01961,0.283,2997,3294,3109,13.9,140,1175,8.31726,46.4232,-0.7660444431189779,0.6427876096865395
RGI60-11.01962,2000-01-01_2020-01-01,455000.0,-0.4342,0.23,11,False,RGI60-11.01962,0.455,2883,3373,3184,21.4,49,363,9.8243,46.419,0.6560590289905073,0.754709580222772
RGI60-11.01963,2000-01-01_2020-01-01,74000.0,-0.2647,0.509,11,False,RGI60-11.01963,0.074,3275,3637,3505,51.5,330,276,7.89305,46.4206,0.8660254037844384,-0.5000000000000004
RGI60-11.01964,2000-01-01_2020-01-01,25000.0,-0.5963718926974675,0.4007490312965724,11,True,RGI60-11.01964,0.025,2971,3075,3018,24.8,90,257,8.32902,46.4243,6.123233995736766e-17,1.0
RGI60-11.01965,2000-01-01_2020-01-01,179000.0,-0.2775,0.248,11,False,RGI60-11.01965,0.179,2912,3378,3140,31.6,316,751,7.64862,46.4161,0.7193398003386509,-0.6946583704589976
RGI60-11.01966,2000-01-01_2020-01-01,19000.0,-0.016,0.5825,11,False,RGI60-11.01966,0.019,2883,2998,2934,36.7,38,125,7.93457,46.421,0.7880107536067219,0.6156614753256583
RGI60-11.01967,2000-01-01_2020-01-01,19000.0,-0.5963718926974675,0.4007490312965724,11,True,RGI60-11.01967,0.019,2688,2765,2738,20.3,348,206,7.59818,46.4166,0.9781476007338056,-0.20791169081775987
RGI60-11.01968,2000-01-01_2020-01-01,812000.0,-0.748,0.2404,11,False,RGI60-11.01968,0.812,2831,3406,3081,20.6,311,1632,9.89193,46.4182,0.656059028990507,-0.7547095802227722
RGI60-11.01969,2000-01-01_2020-01-01,13000.0,-0.5963718926974675,0.4007490312965724,11,True,RGI60-11.01969,0.013,3038,3176,3105,53.1,328,103,7.92821,46.4197,0.8480480961564258,-0.529919264233205
RGI60-11.01970,2000-01-01_2020-01-01,12000.0,-0.5963718926974675,0.4007490312965724,11,True,RGI60-11.01970,0.012,2704,2845,2783,47.6,345,135,7.5704,46.4157,0.9659258262890683,-0.2588190451025207
RGI60-11.01971,2000-01-01_2020-01-01,403000.0,-0.9084,0.2555,11,False,RGI60-11.01971,0.403,2765,2998,2869,12.8,225,1190,7.57197,46.4129,-0.7071067811865477,-0.7071067811865475
RGI60-11.01972,2000-01-01_2020-01-01,14000.0,-0.5963718926974675,0.4007490312965724,11,True,RGI60-11.01972,0.014,2972,3054,3031,26.8,3,152,9.90402,46.4209,0.9986295347545738,0.052335956242943835
RGI60-11.01973,2000-01-01_2020-01-01,116000.0,-0.7817,0.3415,11,False,RGI60-11.01973,0.116,3010,3191,3109,22.4,153,442,8.30599,46.4213,-0.8910065241883678,0.45399049973954686
RGI60-11.01974,2000-01-01_2020-01-01,11330000.0,-0.9164,0.1455,11,False,RGI60-11.01974,11.33,2484,3624,3144,19.5,348,4413,10.5897,46.3918,0.9781476007338056,-0.20791169081775987
RGI60-11.01975,2000-01-01_2020-01-01,10000.0,-0.5963718926974675,0.4007490312965724,11,True,RGI60-11.01975,0.01,3052,3101,3072,17.9,194,127,7.58267,46.4154,-0.9702957262759965,-0.2419218955996675
RGI60-11.01976,2000-01-01_2020-01-01,50000.0,-0.6073,0.4266,11,False,RGI60-11.01976,0.05,3122,3197,3159,15.7,345,280,7.55921,46.4142,0.9659258262890683,-0.2588190451025207
RGI60-11.01977,2000-01-01_2020-01-01,151000.0,-0.7354,0.4604,11,False,RGI60-11.01977,0.151,2648,2976,2825,26.0,213,687,7.70276,46.413,-0.838670567945424,-0.5446390350150271
RGI60-11.01978,2000-01-01_2020-01-01,19000.0,-0.907,0.895,11,False,RGI60-11.01978,0.019,2780,2854,2819,33.3,53,106,7.58846,46.4143,0.6018150231520484,0.7986355100472928
RGI60-11.01979,2000-01-01_2020-01-01,23000.0,-0.2247,0.5454,11,False,RGI60-11.01979,0.023,2887,3114,2981,40.4,52,301,7.9369,46.4185,0.6156614753256583,0.788010753606722
RGI60-11.01980,2000-01-01_2020-01-01,1311000.0,-0.4778,0.1638,11,False,RGI60-11.01980,1.311,2788,3619,3347,24.3,25,1683,10.6347,46.4059,0.9063077870366499,0.42261826174069944
RGI60-11.01981,2000-01-01_2020-01-01,45000.0,-0.5132,0.5523,11,False,RGI60-11.01981,0.045,2215,2392,2291,24.3,359,404,8.28625,46.4195,0.9998476951563913,-0.01745240643728356
RGI60-11.01982,2000-01-01_2020-01-01,27000.0,0.3179,0.5318,11,False,RGI60-11.01982,0.027,2967,3076,3042,27.9,54,195,8.45912,46.4209,0.5877852522924731,0.8090169943749475
RGI60-11.01983,2000-01-01_2020-01-01,11000.0,-0.5963718926974675,0.4007490312965724,11,True,RGI60-11.01983,0.011,2663,2705,2688,23.6,21,100,8.25876,46.4199,0.9335804264972017,0.35836794954530027
RGI60-11.01984,2000-01-01_2020-01-01,44000.0,-0.2036,0.2468,11,False,RGI60-11.01984,0.044,3118,3199,3165,13.5,244,301,7.55864,46.4131,-0.43837114678907774,-0.8987940462991668
RGI60-11.01985,2000-01-01_2020-01-01,224000.0,-0.466,0.2704,11,False,RGI60-11.01985,0.224,2718,3325,3094,39.8,342,674,7.8724,46.4133,0.9510565162951535,-0.3090169943749477
RGI60-11.01986,2000-01-01_2020-01-01,1817000.0,-1.2117,0.2583,11,False,RGI60-11.01986,1.817,2643,3533,2960,23.0,158,2914,7.89304,46.4062,-0.9271838545667873,0.37460659341591224
RGI60-11.01987,2000-01-01_2020-01-01,2092000.0,-0.7398,0.1944,11,False,RGI60-11.01987,2.092,2559,3164,2871,19.4,36,1619,8.4812,46.416,0.8090169943749475,0.5877852522924731
RGI60-11.01988,2000-01-01_2020-01-01,43000.0,-0.6513,0.7793,11,False,RGI60-11.01988,0.043,3041,3154,3082,22.3,139,150,7.54918,46.4119,-0.754709580222772,0.6560590289905073
RGI60-11.01989,2000-01-01_2020-01-01,14000.0,-0.5963718926974675,0.4007490312965724,11,True,RGI60-11.01989,0.014,3124,3235,3180,34.3,306,168,7.64683,46.4139,0.5877852522924729,-0.8090169943749476
RGI60-11.01990,2000-01-01_2020-01-01,2422000.0,-1.1233,0.1945,11,False,RGI60-11.01990,2.422,2579,3218,3018,16.6,97,2491,7.54258,46.4026,-0.12186934340514737,0.9925461516413221
RGI60-11.01991,2000-01-01_2020-01-01,15000.0,-0.0607,0.2405,11,False,RGI60-11.01991,0.015,3131,3161,3150,16.8,246,79,7.54341,46.4114,-0.4067366430758001,-0.913545457642601
RGI60-11.01992,2000-01-01_2020-01-01,39000.0,-0.6845,0.4979,11,False,RGI60-11.01992,0.039,2725,2884,2801,23.6,85,381,7.70757,46.4133,0.08715574274765814,0.9961946980917455
RGI60-11.01993,2000-01-01_2020-01-01,11000.0,-0.5963718926974675,0.4007490312965724,11,True,RGI60-11.01993,0.011,2703,2752,2721,21.7,345,100,7.86462,46.4152,0.9659258262890683,-0.2588190451025207
RGI60-11.01994,2000-01-01_2020-01-01,32000.0,-0.8023,1.05,11,False,RGI60-11.01994,0.032,2334,2581,2459,28.4,39,551,8.28424,46.4172,0.7771459614569709,0.6293203910498374
RGI60-11.01995,2000-01-01_2020-01-01,21000.0,-0.1832,0.3961,11,False,RGI60-11.01995,0.021,2999,3068,3030,22.9,157,160,8.3037,46.4185,-0.9205048534524404,0.39073112848927377
RGI60-11.01996,2000-01-01_2020-01-01,58000.0,-0.8596,0.5266,11,False,RGI60-11.01996,0.058,2723,2852,2761,21.6,68,316,7.70947,46.4121,0.37460659341591196,0.9271838545667874
RGI60-11.01997,2000-01-01_2020-01-01,21000.0,-0.2038,0.3116,11,False,RGI60-11.01997,0.021,2888,2981,2930,23.5,226,246,10.2804,46.4125,-0.6946583704589973,-0.7193398003386512
RGI60-11.01998,2000-01-01_2020-01-01,23000.0,-0.3105,0.361,11,False,RGI60-11.01998,0.023,3247,3299,3271,23.0,184,90,10.6083,46.4084,-0.9975640502598242,-0.06975647374412527
RGI60-11.01999,2000-01-01_2020-01-01,318000.0,-0.7976,0.3005,11,False,RGI60-11.01999,0.318,2490,2975,2737,24.7,57,1170,8.27579,46.4146,0.5446390350150271,0.838670567945424
RGI60-11.02000,2000-01-01_2020-01-01,270000.0,-0.4846,0.2703,11,False,RGI60-11.02000,0.27,2601,3219,2836,30.7,328,1128,7.52605,46.4061,0.8480480961564258,-0.529919264233205
RGI60-11.02001,2000-01-01_2020-01-01,152000.0,-0.5446,0.3291,11,False,RGI60-11.02001,0.152,2919,3213,3052,19.4,52,927,9.82952,46.4136,0.6156614753256583,0.788010753606722
RGI60-11.02002,2000-01-01_2020-01-01,21000.0,-0.1579,0.4237,11,False,RGI60-11.02002,0.021,2577,2636,2600,23.5,339,146,10.1714,46.4126,0.9335804264972015,-0.35836794954530077
RGI60-11.02003,2000-01-01_2020-01-01,19000.0,-0.5963718926974675,0.4007490312965724,11,True,RGI60-11.02003,0.019,2954,3078,3009,28.3,106,269,8.30112,46.4158,-0.27563735581699905,0.9612616959383189
RGI60-11.02004,2000-01-01_2020-01-01,42000.0,-0.019,0.3429,11,False,RGI60-11.02004,0.042,2804,3003,2918,32.0,274,293,7.7026,46.4088,0.06975647374412522,-0.9975640502598243
RGI60-11.02005,2000-01-01_2020-01-01,65000.0,-0.5277,0.4398,11,False,RGI60-11.02005,0.065,2913,3298,3186,39.6,358,427,7.86483,46.41,0.9993908270190958,-0.034899496702500823
RGI60-11.02006,2000-01-01_2020-01-01,4498000.0,-0.9522,0.1605,11,False,RGI60-11.02006,4.498,2487,3747,3122,21.5,121,3642,7.86782,46.3979,-0.5150380749100543,0.8571673007021123
RGI60-11.02007,2000-01-01_2020-01-01,592000.0,-0.7421,0.207,11,False,RGI60-11.02007,0.592,3053,3480,3272,25.6,162,1057,7.91614,46.4083,-0.9510565162951535,0.3090169943749475
RGI60-11.02008,2000-01-01_2020-01-01,19000.0,-0.4319,0.4657,11,False,RGI60-11.02008,0.019,2770,2833,2809,23.8,329,158,7.85638,46.4111,0.8571673007021121,-0.5150380749100545
RGI60-11.02009,2000-01-01_2020-01-01,26000.0,-0.1607,0.3769,11,False,RGI60-11.02009,0.026,2899,3016,2950,24.3,88,269,9.9091,46.4128,0.03489949670250108,0.9993908270190958
RGI60-11.02010,2000-01-01_2020-01-01,32000.0,0.1484,0.5938,11,False,RGI60-11.02010,0.032,2620,2763,2705,31.4,345,261,8.29108,46.4134,0.9659258262890683,-0.2588190451025207
RGI60-11.02011,2000-01-01_2020-01-01,613000.0,-1.135,0.2951,11,False,RGI60-11.02011,0.613,3013,3572,3232,21.4,247,1336,9.89887,46.4108,-0.3907311284892738,-0.9205048534524403
RGI60-11.02012,2000-01-01_2020-01-01,1303000.0,-1.5351,0.3005,11,False,RGI60-11.02012,1.303,2596,3150,2842,16.2,53,2497,8.30509,46.4095,0.6018150231520484,0.7986355100472928
RGI60-11.02013,2000-01-01_2020-01-01,24000.0,-0.5556,0.4813,11,False,RGI60-11.02013,0.024,2890,2953,2934,18.1,4,206,9.96805,46.4116,0.9975640502598242,0.0697564737441253
RGI60-11.02014,2000-01-01_2020-01-01,24000.0,-0.5824,0.5284,11,False,RGI60-11.02014,0.024,3248,3302,3281,19.4,290,158,7.86925,46.4101,0.342020143325669,-0.9396926207859083
RGI60-11.02015,2000-01-01_2020-01-01,209000.0,-1.1536,0.4303,11,False,RGI60-11.02015,0.209,2948,3512,3231,33.4,176,906,7.92909,46.408,-0.9975640502598242,0.06975647374412552
RGI60-11.02016,2000-01-01_2020-01-01,301000.0,-0.3193,0.2107,11,False,RGI60-11.02016,0.301,2725,3085,3025,18.9,296,946,8.26376,46.4118,0.4383711467890774,-0.898794046299167
RGI60-11.02017,2000-01-01_2020-01-01,16000.0,-0.5963718926974675,0.4007490312965724,11,True,RGI60-11.02017,0.016,2733,2787,2748,18.1,82,158,8.3633,46.4142,0.13917310096006547,0.9902680687415704
RGI60-11.02018,2000-01-01_2020-01-01,194000.0,-0.9385,0.3481,11,False,RGI60-11.02018,0.194,2920,3205,3073,20.9,0,793,10.5552,46.4023,1.0,0.0
RGI60-11.02019,2000-01-01_2020-01-01,270000.0,-1.2347,0.3538,11,False,RGI60-11.02019,0.27,2962,3277,3080,33.7,214,528,7.90554,46.4083,-0.8290375725550417,-0.5591929034707467
RGI60-11.02020,2000-01-01_2020-01-01,20000.0,-0.3839,0.364,11,False,RGI60-11.02020,0.02,2596,2616,2603,8.4,269,127,10.2718,46.4086,-0.017452406437283498,-0.9998476951563913
RGI60-11.02021,2000-01-01_2020-01-01,20000.0,-0.4439,0.574,11,False,RGI60-11.02021,0.02,3208,3278,3244,26.8,310,146,7.86317,46.4084,0.6427876096865393,-0.7660444431189781
RGI60-11.02022,2000-01-01_2020-01-01,50000.0,0.4802,0.3847,11,False,RGI60-11.02022,0.05,3311,3382,3359,19.7,144,190,9.82021,46.4113,-0.8090169943749473,0.5877852522924732
RGI60-11.02023,2000-01-01_2020-01-01,33000.0,-0.4614,0.5479,11,False,RGI60-11.02023,0.033,3070,3245,3147,32.6,55,261,9.90576,46.4105,0.573576436351046,0.8191520442889918
RGI60-11.02024,2000-01-01_2020-01-01,349000.0,-0.7851,0.2627,11,False,RGI60-11.02024,0.349,3041,3308,3175,18.9,93,794,9.82369,46.4083,-0.05233595624294384,0.9986295347545738
RGI60-11.02025,2000-01-01_2020-01-01,70000.0,-0.8144,0.4518,11,False,RGI60-11.02025,0.07,2868,3064,2946,27.3,72,419,9.91065,46.4097,0.30901699437494745,0.9510565162951535
RGI60-11.02026,2000-01-01_2020-01-01,46000.0,-0.4214,0.3908,11,False,RGI60-11.02026,0.046,2689,2813,2736,23.9,98,304,10.2853,46.4065,-0.13917310096006535,0.9902680687415704
RGI60-11.02027,2000-01-01_2020-01-01,272000.0,-0.9003,0.3132,11,False,RGI60-11.02027,0.272,2772,3262,3168,22.5,341,868,7.85197,46.4046,0.9455185755993168,-0.3255681544571567
RGI60-11.02028,2000-01-01_2020-01-01,25000.0,-0.3044,0.5811,11,False,RGI60-11.02028,0.025,3043,3196,3147,38.2,331,177,7.85901,46.4075,0.8746197071393959,-0.4848096202463369
RGI60-11.02029,2000-01-01_2020-01-01,14000.0,-0.1237,0.6183,11,False,RGI60-11.02029,0.014,2922,3017,2974,38.3,22,112,7.96491,46.4089,0.9271838545667874,0.374606593415912
RGI60-11.02030,2000-01-01_2020-01-01,79000.0,-0.6887,0.5022,11,False,RGI60-11.02030,0.079,3309,3567,3467,31.1,89,434,10.6375,46.4,0.0174524064372836,0.9998476951563913
RGI60-11.02031,2000-01-01_2020-01-01,78000.0,-0.7883,0.5588,11,False,RGI60-11.02031,0.078,2888,3108,3013,34.6,7,329,8.28987,46.4099,0.992546151641322,0.12186934340514748
RGI60-11.02032,2000-01-01_2020-01-01,181000.0,-0.1196,0.2853,11,False,RGI60-11.02032,0.181,3355,3676,3539,28.7,33,480,9.90271,46.4061,0.838670567945424,0.5446390350150271
RGI60-11.02033,2000-01-01_2020-01-01,123000.0,-0.3937,0.2558,11,False,RGI60-11.02033,0.123,3347,3611,3563,25.2,183,443,10.6312,46.4002,-0.9986295347545738,-0.052335956242943564
RGI60-11.02034,2000-01-01_2020-01-01,32000.0,-1.0041,0.7052,11,False,RGI60-11.02034,0.032,2795,2938,2862,27.7,25,224,10.5628,46.4017,0.9063077870366499,0.42261826174069944
RGI60-11.02035,2000-01-01_2020-01-01,16000.0,-0.5963718926974675,0.4007490312965724,11,True,RGI60-11.02035,0.016,3127,3188,3152,26.0,72,158,10.6436,46.4004,0.30901699437494745,0.9510565162951535
RGI60-11.02036,2000-01-01_2020-01-01,29000.0,-1.2202,0.8596,11,False,RGI60-11.02036,0.029,3043,3170,3101,28.9,155,237,7.96,46.407,-0.9063077870366499,0.4226182617406995
RGI60-11.02037,2000-01-01_2020-01-01,183000.0,-0.6657,0.3103,11,False,RGI60-11.02037,0.183,2929,3084,3035,15.6,264,641,8.26287,46.4074,-0.10452846326765336,-0.9945218953682734
RGI60-11.02038,2000-01-01_2020-01-01,14000.0,-0.5963718926974675,0.4007490312965724,11,True,RGI60-11.02038,0.014,2821,2868,2838,29.7,276,135,7.52164,46.4017,0.10452846326765299,-0.9945218953682734
RGI60-11.02039,2000-01-01_2020-01-01,394000.0,-0.6744,0.2751,11,False,RGI60-11.02039,0.394,2662,3528,2915,28.0,351,1191,10.5457,46.396,0.9876883405951377,-0.1564344650402311
RGI60-11.02040,2000-01-01_2020-01-01,64000.0,-1.2923,0.6301,11,False,RGI60-11.02040,0.064,3081,3258,3157,27.5,127,305,7.95495,46.4056,-0.6018150231520484,0.7986355100472927
RGI60-11.02041,2000-01-01_2020-01-01,128000.0,-0.5366,0.3323,11,False,RGI60-11.02041,0.128,2831,3141,3049,28.0,12,491,8.31363,46.4068,0.9781476007338057,0.20791169081775934
RGI60-11.02042,2000-01-01_2020-01-01,109000.0,-1.0326,0.5539,11,False,RGI60-11.02042,0.109,2861,3400,3196,35.9,73,591,9.90986,46.4054,0.29237170472273677,0.9563047559630354
RGI60-11.02043,2000-01-01_2020-01-01,54000.0,-0.3007,0.3347,11,False,RGI60-11.02043,0.054,3334,3553,3472,31.5,174,355,10.6281,46.3988,-0.9945218953682733,0.10452846326765373
RGI60-11.02044,2000-01-01_2020-01-01,26000.0,0.3575,0.5112,11,False,RGI60-11.02044,0.026,2953,3032,2982,23.4,157,160,8.2696,46.4081,-0.9205048534524404,0.39073112848927377
RGI60-11.02045,2000-01-01_2020-01-01,30000.0,-0.3022,0.3349,11,False,RGI60-11.02045,0.03,2888,2942,2910,15.8,259,182,8.25813,46.4078,-0.1908089953765446,-0.981627183447664
RGI60-11.02046,2000-01-01_2020-01-01,42000.0,-0.2895,0.3712,11,False,RGI60-11.02046,0.042,2873,2980,2922,25.4,33,270,10.4432,46.4009,0.838670567945424,0.5446390350150271
RGI60-11.02047,2000-01-01_2020-01-01,58000.0,-0.7251,0.4593,11,False,RGI60-11.02047,0.058,3170,3331,3267,23.8,129,340,7.95129,46.4048,-0.6293203910498373,0.777145961456971
RGI60-11.02048,2000-01-01_2020-01-01,38000.0,-1.1167,0.7736,11,False,RGI60-11.02048,0.038,3058,3146,3096,30.0,149,160,8.28298,46.4072,-0.8571673007021122,0.5150380749100544
RGI60-11.02049,2000-01-01_2020-01-01,32000.0,-1.0116,0.8367,11,False,RGI60-11.02049,0.032,2792,2913,2867,22.9,342,313,10.275,46.4021,0.9510565162951535,-0.3090169943749477
RGI60-11.02050,2000-01-01_2020-01-01,355000.0,-1.062,0.2935,11,False,RGI60-11.02050,0.355,3069,3446,3236,23.4,143,834,7.94371,46.4015,-0.7986355100472929,0.6018150231520482
RGI60-11.02051,2000-01-01_2020-01-01,6061000.0,-0.7311,0.1604,11,False,RGI60-11.02051,6.061,2225,3981,3096,24.9,332,4633,9.88519,46.3887,0.882947592858927,-0.4694715627858908
RGI60-11.02052,2000-01-01_2020-01-01,148000.0,-0.8245,0.3774,11,False,RGI60-11.02052,0.148,3014,3309,3181,26.1,338,683,10.5524,46.3959,0.9271838545667873,-0.37460659341591235
RGI60-11.02053,2000-01-01_2020-01-01,101000.0,-0.6683,0.4048,11,False,RGI60-11.02053,0.101,2904,3044,2975,22.1,159,361,8.28621,46.4056,-0.9335804264972017,0.3583679495453002
RGI60-11.02054,2000-01-01_2020-01-01,143000.0,-0.5082,0.2701,11,False,RGI60-11.02054,0.143,2678,2851,2766,16.4,333,798,8.35548,46.4044,0.8910065241883678,-0.45399049973954697
RGI60-11.02055,2000-01-01_2020-01-01,265000.0,-0.624,0.2646,11,False,RGI60-11.02055,0.265,2913,3247,3107,27.8,302,584,10.4323,46.3975,0.5299192642332047,-0.8480480961564261
RGI60-11.02056,2000-01-01_2020-01-01,104000.0,-0.6779,0.4462,11,False,RGI60-11.02056,0.104,3181,3595,3299,32.4,331,357,7.84934,46.3997,0.8746197071393959,-0.4848096202463369
RGI60-11.02057,2000-01-01_2020-01-01,99000.0,-0.1453,0.307,11,False,RGI60-11.02057,0.099,2744,2939,2829,23.7,16,480,9.58574,46.406,0.9612616959383189,0.27563735581699916
RGI60-11.02058,2000-01-01_2020-01-01,14000.0,-0.5744,0.6371,11,False,RGI60-11.02058,0.014,2897,2962,2925,28.7,257,127,7.84381,46.4025,-0.22495105434386525,-0.9743700647852351
RGI60-11.02059,2000-01-01_2020-01-01,137000.0,-0.9546,0.4109,11,False,RGI60-11.02059,0.137,2972,3221,3101,24.2,309,551,9.81307,46.4035,0.6293203910498375,-0.7771459614569708
RGI60-11.02060,2000-01-01_2020-01-01,45000.0,-0.3427,0.3973,11,False,RGI60-11.02060,0.045,2889,2996,2957,26.9,131,237,8.46553,46.4062,-0.6560590289905072,0.7547095802227721
RGI60-11.02061,2000-01-01_2020-01-01,54000.0,-0.5675,0.4318,11,False,RGI60-11.02061,0.054,2972,3098,3010,23.4,178,313,7.52953,46.3974,-0.9993908270190958,0.03489949670250114
RGI60-11.02062,2000-01-01_2020-01-01,35000.0,-0.7088,0.5842,11,False,RGI60-11.02062,0.035,3108,3208,3162,30.6,40,158,10.4411,46.3978,0.766044443118978,0.6427876096865393
RGI60-11.02063,2000-01-01_2020-01-01,32000.0,0.2047,0.361,11,False,RGI60-11.02063,0.032,2814,2876,2842,19.9,326,177,9.57664,46.4056,0.8290375725550418,-0.5591929034707466
RGI60-11.02064,2000-01-01_2020-01-01,2715000.0,-1.1863,0.2266,11,False,RGI60-11.02064,2.715,2505,3191,2804,15.6,44,2735,8.32631,46.395,0.7193398003386512,0.6946583704589973
RGI60-11.02065,2000-01-01_2020-01-01,107000.0,-0.3008,0.3577,11,False,RGI60-11.02065,0.107,2820,3219,3039,34.2,80,650,9.91125,46.402,0.17364817766693041,0.984807753012208
RGI60-11.02066,2000-01-01_2020-01-01,48000.0,-0.8885,0.5572,11,False,RGI60-11.02066,0.048,2836,2933,2893,23.0,283,325,10.2264,46.3992,0.22495105434386492,-0.9743700647852352
RGI60-11.02067,2000-01-01_2020-01-01,140000.0,-1.0035,0.4013,11,False,RGI60-11.02067,0.14,2652,2890,2727,22.8,32,559,8.36191,46.4028,0.848048096156426,0.5299192642332049
RGI60-11.02068,2000-01-01_2020-01-01,71000.0,-1.2597,0.6905,11,False,RGI60-11.02068,0.071,2669,2764,2714,19.2,40,325,7.55362,46.3959,0.766044443118978,0.6427876096865393
RGI60-11.02069,2000-01-01_2020-01-01,537000.0,-0.7763,0.1982,11,False,RGI60-11.02069,0.537,2713,3154,2940,23.7,353,1075,9.94194,46.3984,0.9925461516413221,-0.12186934340514723
RGI60-11.02070,2000-01-01_2020-01-01,57000.0,-0.5773,0.482,11,False,RGI60-11.02070,0.057,2872,3078,2954,35.8,5,301,9.98435,46.4008,0.9961946980917455,0.08715574274765817
RGI60-11.02071,2000-01-01_2020-01-01,53000.0,-0.6502,0.5206,11,False,RGI60-11.02071,0.053,3069,3261,3200,33.4,94,313,9.81932,46.4018,-0.06975647374412533,0.9975640502598242
RGI60-11.02072,2000-01-01_2020-01-01,7717000.0,-1.291,0.165,11,False,RGI60-11.02072,7.717,2462,2919,2737,5.7,323,3542,7.51198,46.3839,0.7986355100472928,-0.6018150231520483
RGI60-11.02073,2000-01-01_2020-01-01,475000.0,-0.5179,0.2154,11,False,RGI60-11.02073,0.475,2470,3564,3161,31.2,296,1792,7.83706,46.3946,0.4383711467890774,-0.898794046299167
RGI60-11.02074,2000-01-01_2020-01-01,36000.0,-1.1569,0.8375,11,False,RGI60-11.02074,0.036,3021,3194,3123,40.2,326,202,7.84379,46.3987,0.8290375725550418,-0.5591929034707466
RGI60-11.02075,2000-01-01_2020-01-01,1452000.0,-0.7199,0.1699,11,False,RGI60-11.02075,1.452,2513,3314,2989,24.1,42,1988,9.9927,46.3929,0.7431448254773942,0.6691306063588582
RGI60-11.02076,2000-01-01_2020-01-01,22000.0,-0.2252,0.4006,11,False,RGI60-11.02076,0.022,2567,2633,2595,19.0,345,202,10.2046,46.398,0.9659258262890683,-0.2588190451025207
RGI60-11.02077,2000-01-01_2020-01-01,41000.0,-1.2049,0.8392,11,False,RGI60-11.02077,0.041,3053,3250,3140,32.8,91,357,10.6245,46.3933,-0.017452406437283477,0.9998476951563913
RGI60-11.02078,2000-01-01_2020-01-01,748000.0,-0.9911,0.2354,11,False,RGI60-11.02078,0.748,2569,3201,2847,22.0,350,1659,10.218,46.3907,0.984807753012208,-0.1736481776669304
RGI60-11.02079,2000-01-01_2020-01-01,114000.0,-0.9932,0.5102,11,False,RGI60-11.02079,0.114,2810,3012,2913,20.5,222,595,8.30092,46.4009,-0.7431448254773942,-0.6691306063588582
RGI60-11.02080,2000-01-01_2020-01-01,192000.0,-0.7721,0.2894,11,False,RGI60-11.02080,0.192,2915,3171,3076,20.9,301,596,10.4268,46.3919,0.5150380749100542,-0.8571673007021123
RGI60-11.02081,2000-01-01_2020-01-01,30000.0,-0.6606,0.6512,11,False,RGI60-11.02081,0.03,3239,3411,3350,39.1,4,168,10.542,46.3929,0.9975640502598242,0.0697564737441253
RGI60-11.02082,2000-01-01_2020-01-01,14000.0,-0.5963718926974675,0.4007490312965724,11,True,RGI60-11.02082,0.014,2523,2581,2550,21.5,34,190,9.99963,46.3992,0.8290375725550417,0.5591929034707469
RGI60-11.02083,2000-01-01_2020-01-01,17000.0,-0.0794,0.3312,11,False,RGI60-11.02083,0.017,2710,2787,2746,16.7,39,230,9.46998,46.4018,0.7771459614569709,0.6293203910498374
RGI60-11.02084,2000-01-01_2020-01-01,80000.0,1.8764,1.1305,11,False,RGI60-11.02084,0.08,3260,3520,3415,36.4,43,340,9.90733,46.3985,0.7313537016191705,0.6819983600624985
RGI60-11.02085,2000-01-01_2020-01-01,237000.0,-0.8084,0.2968,11,False,RGI60-11.02085,0.237,3041,3430,3175,26.6,109,885,10.6229,46.389,-0.32556815445715664,0.9455185755993168
RGI60-11.02086,2000-01-01_2020-01-01,38000.0,-0.2183,0.3878,11,False,RGI60-11.02086,0.038,2707,2812,2765,25.6,5,257,9.47229,46.4009,0.9961946980917455,0.08715574274765817
RGI60-11.02087,2000-01-01_2020-01-01,285000.0,-0.9179,0.2961,11,False,RGI60-11.02087,0.285,2702,3043,2848,27.3,353,640,10.2026,46.3936,0.9925461516413221,-0.12186934340514723
RGI60-11.02088,2000-01-01_2020-01-01,187000.0,-0.9309,0.3479,11,False,RGI60-11.02088,0.187,2758,3202,2946,28.6,359,810,10.2095,46.3928,0.9998476951563913,-0.01745240643728356
RGI60-11.02089,2000-01-01_2020-01-01,104000.0,-0.8882,0.338,11,False,RGI60-11.02089,0.104,3131,3237,3195,15.7,99,376,10.4342,46.3921,-0.1564344650402308,0.9876883405951378
RGI60-11.02090,2000-01-01_2020-01-01,42000.0,-1.0767,0.6967,11,False,RGI60-11.02090,0.042,3033,3189,3091,26.8,230,301,10.5997,46.3901,-0.6427876096865395,-0.7660444431189779
RGI60-11.02091,2000-01-01_2020-01-01,23000.0,-0.7243,0.7359,11,False,RGI60-11.02091,0.023,2708,2744,2722,12.7,203,112,8.29259,46.3995,-0.9205048534524404,-0.39073112848927355
RGI60-11.02092,2000-01-01_2020-01-01,13000.0,-0.2536,0.4017,11,False,RGI60-11.02092,0.013,2857,2914,2884,19.9,150,152,8.30807,46.3992,-0.8660254037844387,0.49999999999999994
RGI60-11.02093,2000-01-01_2020-01-01,20000.0,-0.3135,0.3441,11,False,RGI60-11.02093,0.02,2708,2761,2725,14.3,37,177,10.2954,46.394,0.7986355100472928,0.6018150231520483
RGI60-11.02094,2000-01-01_2020-01-01,524000.0,-0.8048,0.2241,11,False,RGI60-11.02094,0.524,3016,3391,3157,19.7,273,744,10.5342,46.3855,0.052335956242943946,-0.9986295347545738
RGI60-11.02095,2000-01-01_2020-01-01,660000.0,-0.916,0.2196,11,False,RGI60-11.02095,0.66,2585,3036,2888,22.6,3,1087,7.56541,46.3868,0.9986295347545738,0.052335956242943835
RGI60-11.02096,2000-01-01_2020-01-01,24000.0,-0.878,0.8218,11,False,RGI60-11.02096,0.024,2568,2689,2619,21.1,24,304,10.005,46.3951,0.9135454576426009,0.4067366430758002
RGI60-11.02097,2000-01-01_2020-01-01,20000.0,-0.2044,0.4095,11,False,RGI60-11.02097,0.02,2696,2771,2728,22.1,77,202,10.1688,46.394,0.22495105434386492,0.9743700647852352
RGI60-11.02098,2000-01-01_2020-01-01,24000.0,-0.1924,0.3296,11,False,RGI60-11.02098,0.024,3054,3100,3082,17.5,89,236,10.4387,46.3904,0.0174524064372836,0.9998476951563913
RGI60-11.02099,2000-01-01_2020-01-01,190000.0,-0.6301,0.3206,11,False,RGI60-11.02099,0.19,2493,2730,2612,29.0,350,285,7.47706,46.3876,0.984807753012208,-0.1736481776669304
RGI60-11.02100,2000-01-01_2020-01-01,57000.0,-0.6706,0.598,11,False,RGI60-11.02100,0.057,2929,3272,3040,40.3,99,393,9.91127,46.3953,-0.1564344650402308,0.9876883405951378
RGI60-11.02101,2000-01-01_2020-01-01,72000.0,-0.4926,0.3482,11,False,RGI60-11.02101,0.072,2590,2680,2620,19.1,43,250,10.2338,46.3915,0.7313537016191705,0.6819983600624985
RGI60-11.02102,2000-01-01_2020-01-01,376000.0,-0.7468,0.2249,11,False,RGI60-11.02102,0.376,3130,3498,3306,19.3,199,1122,10.5425,46.3847,-0.9455185755993167,-0.32556815445715676
RGI60-11.02103,2000-01-01_2020-01-01,213000.0,-0.9735,0.4098,11,False,RGI60-11.02103,0.213,2712,2910,2787,15.1,253,672,8.31164,46.3942,-0.2923717047227371,-0.9563047559630353
RGI60-11.02104,2000-01-01_2020-01-01,16000.0,-0.5963718926974675,0.4007490312965724,11,True,RGI60-11.02104,0.016,3002,3067,3039,33.5,257,112,10.1953,46.3913,-0.22495105434386525,-0.9743700647852351
RGI60-11.02105,2000-01-01_2020-01-01,179000.0,-1.1771,0.4471,11,False,RGI60-11.02105,0.179,2708,2892,2803,20.0,20,498,7.69608,46.3884,0.9396926207859084,0.3420201433256687
RGI60-11.02106,2000-01-01_2020-01-01,15000.0,-0.5963718926974675,0.4007490312965724,11,True,RGI60-11.02106,0.015,2821,2887,2858,23.1,110,135,9.46994,46.3967,-0.3420201433256687,0.9396926207859084
RGI60-11.02107,2000-01-01_2020-01-01,94000.0,-0.7416,0.3457,11,False,RGI60-11.02107,0.094,2702,2900,2814,23.3,20,501,10.0093,46.3916,0.9396926207859084,0.3420201433256687
RGI60-11.02108,2000-01-01_2020-01-01,29000.0,-0.2884,0.3101,11,False,RGI60-11.02108,0.029,3174,3256,3211,21.9,293,182,7.83707,46.391,0.3907311284892735,-0.9205048534524405
RGI60-11.02109,2000-01-01_2020-01-01,143000.0,-0.7461,0.2975,11,False,RGI60-11.02109,0.143,2742,2881,2809,15.7,338,487,7.59808,46.387,0.9271838545667873,-0.37460659341591235
RGI60-11.02110,2000-01-01_2020-01-01,113000.0,-0.8607,0.3761,11,False,RGI60-11.02110,0.113,2836,3074,2957,28.4,49,515,10.1679,46.3895,0.6560590289905073,0.754709580222772
RGI60-11.02111,2000-01-01_2020-01-01,12000.0,-0.5963718926974675,0.4007490312965724,11,True,RGI60-11.02111,0.012,3162,3191,3180,15.5,10,112,7.83254,46.391,0.984807753012208,0.17364817766693033
RGI60-11.02112,2000-01-01_2020-01-01,260000.0,-1.1334,0.3418,11,False,RGI60-11.02112,0.26,3156,3463,3278,22.5,127,760,10.6146,46.3839,-0.6018150231520484,0.7986355100472927
RGI60-11.02113,2000-01-01_2020-01-01,2359000.0,-0.563,0.1521,11,False,RGI60-11.02113,2.359,2859,3588,3313,17.6,242,2400,10.5521,46.3764,-0.46947156278589075,-0.882947592858927
RGI60-11.02114,2000-01-01_2020-01-01,59000.0,-0.3646,0.3921,11,False,RGI60-11.02114,0.059,2677,2866,2776,24.4,311,430,10.1911,46.3895,0.656059028990507,-0.7547095802227722
RGI60-11.02115,2000-01-01_2020-01-01,29000.0,-1.0698,0.7703,11,False,RGI60-11.02115,0.029,2742,2848,2795,21.3,18,285,10.0041,46.3911,0.9510565162951535,0.3090169943749474
RGI60-11.02116,2000-01-01_2020-01-01,40000.0,0.1056,0.6375,11,False,RGI60-11.02116,0.04,3161,3289,3232,29.4,335,236,10.1989,46.3894,0.90630778703665,-0.4226182617406992
RGI60-11.02117,2000-01-01_2020-01-01,206000.0,-1.1223,0.3188,11,False,RGI60-11.02117,0.206,3089,3199,3151,14.9,168,460,7.8311,46.3885,-0.9781476007338057,0.20791169081775931
RGI60-11.02118,2000-01-01_2020-01-01,14000.0,-0.5963718926974675,0.4007490312965724,11,True,RGI60-11.02118,0.014,2615,2669,2637,21.2,326,168,7.81696,46.39,0.8290375725550418,-0.5591929034707466
RGI60-11.02119,2000-01-01_2020-01-01,7803000.0,-0.6838,0.1287,11,False,RGI60-11.02119,7.803,2198,3511,3097,21.7,356,4477,9.84772,46.3727,0.9975640502598242,-0.06975647374412564
RGI60-11.02120,2000-01-01_2020-01-01,79000.0,-0.0548,0.3256,11,False,RGI60-11.02120,0.079,3310,3810,3535,38.0,23,481,9.90635,46.3905,0.9205048534524404,0.39073112848927377
RGI60-11.02121,2000-01-01_2020-01-01,339000.0,-1.1107,0.2989,11,False,RGI60-11.02121,0.339,2931,3186,3061,18.1,174,539,7.82412,46.385,-0.9945218953682733,0.10452846326765373
RGI60-11.02122,2000-01-01_2020-01-01,39000.0,0.0614,0.3583,11,False,RGI60-11.02122,0.039,2819,2925,2873,25.4,81,293,9.46875,46.3933,0.15643446504023092,0.9876883405951378
RGI60-11.02123,2000-01-01_2020-01-01,81000.0,-0.7992,0.4381,11,False,RGI60-11.02123,0.081,2795,3002,2909,26.0,26,486,10.1726,46.3871,0.898794046299167,0.4383711467890774
RGI60-11.02124,2000-01-01_2020-01-01,213000.0,-1.4088,0.4074,11,False,RGI60-11.02124,0.213,2753,2813,2775,5.4,156,621,7.54241,46.3822,-0.9135454576426008,0.40673664307580043
RGI60-11.02125,2000-01-01_2020-01-01,60000.0,-1.0452,0.5708,11,False,RGI60-11.02125,0.06,2918,3109,2991,28.8,158,301,10.204,46.3875,-0.9271838545667873,0.37460659341591224
RGI60-11.02126,2000-01-01_2020-01-01,46000.0,-1.34,0.9049,11,False,RGI60-11.02126,0.046,3032,3253,3116,46.6,183,206,7.84259,46.3879,-0.9986295347545738,-0.052335956242943564
RGI60-11.02127,2000-01-01_2020-01-01,16000.0,-0.3198,0.6999,11,False,RGI60-11.02127,0.016,3048,3252,3152,50.7,336,190,9.9156,46.3895,0.913545457642601,-0.40673664307580015
RGI60-11.02128,2000-01-01_2020-01-01,25000.0,-1.2933,1.0138,11,False,RGI60-11.02128,0.025,2825,2928,2891,31.7,5,135,7.59226,46.3849,0.9961946980917455,0.08715574274765817
RGI60-11.02129,2000-01-01_2020-01-01,215000.0,-0.3213,0.2778,11,False,RGI60-11.02129,0.215,2980,3294,3177,31.5,307,361,10.1945,46.3853,0.6018150231520479,-0.798635510047293
RGI60-11.02130,2000-01-01_2020-01-01,17000.0,-0.5963718926974675,0.4007490312965724,11,True,RGI60-11.02130,0.017,2479,2527,2498,20.7,59,112,9.42645,46.3926,0.5150380749100542,0.8571673007021123
RGI60-11.02131,2000-01-01_2020-01-01,211000.0,-0.9735,0.3955,11,False,RGI60-11.02131,0.211,2723,2814,2745,7.7,140,498,7.48255,46.3797,-0.7660444431189779,0.6427876096865395
RGI60-11.02132,2000-01-01_2020-01-01,19000.0,-1.3012,1.1648,11,False,RGI60-11.02132,0.019,2997,3132,3044,42.8,195,135,7.84703,46.3862,-0.9659258262890683,-0.2588190451025208
RGI60-11.02133,2000-01-01_2020-01-01,40000.0,-1.463,1.1594,11,False,RGI60-11.02133,0.04,3104,3290,3203,45.7,202,146,7.85427,46.3859,-0.9271838545667874,-0.374606593415912
RGI60-11.02134,2000-01-01_2020-01-01,41000.0,-0.5894,0.3683,11,False,RGI60-11.02134,0.041,3141,3206,3179,15.2,129,255,10.5364,46.3808,-0.6293203910498373,0.777145961456971
RGI60-11.02135,2000-01-01_2020-01-01,130000.0,-0.6507,0.3255,11,False,RGI60-11.02135,0.13,3118,3417,3250,27.0,89,605,10.6132,46.3795,0.0174524064372836,0.9998476951563913
RGI60-11.02136,2000-01-01_2020-01-01,334000.0,-0.9023,0.3231,11,False,RGI60-11.02136,0.334,2578,3080,2740,23.3,286,1147,8.30943,46.3873,0.2756373558169994,-0.9612616959383188
RGI60-11.02137,2000-01-01_2020-01-01,59000.0,-0.5636,0.4208,11,False,RGI60-11.02137,0.059,3118,3298,3193,29.3,168,302,7.85796,46.3848,-0.9781476007338057,0.20791169081775931
RGI60-11.02138,2000-01-01_2020-01-01,28000.0,-0.8982,0.8916,11,False,RGI60-11.02138,0.028,3697,3901,3823,37.4,320,168,9.90541,46.3861,0.7660444431189778,-0.6427876096865396
RGI60-11.02139,2000-01-01_2020-01-01,23000.0,0.1969,0.4236,11,False,RGI60-11.02139,0.023,2710,2796,2745,20.0,308,250,9.465,46.389,0.6156614753256585,-0.7880107536067218
RGI60-11.02140,2000-01-01_2020-01-01,37000.0,-0.2869,0.4513,11,False,RGI60-11.02140,0.037,2917,3158,3016,27.4,52,485,9.818,46.3863,0.6156614753256583,0.788010753606722
RGI60-11.02141,2000-01-01_2020-01-01,83000.0,-0.1,0.242,11,False,RGI60-11.02141,0.083,2479,2623,2526,16.0,339,526,9.4157,46.3874,0.9335804264972015,-0.35836794954530077
RGI60-11.02142,2000-01-01_2020-01-01,388000.0,-0.4195,0.2058,11,False,RGI60-11.02142,0.388,2614,3068,2817,24.6,28,942,9.42642,46.3863,0.882947592858927,0.4694715627858908
RGI60-11.02143,2000-01-01_2020-01-01,33000.0,-0.8773,0.6884,11,False,RGI60-11.02143,0.033,2895,3100,3009,38.1,140,266,7.86433,46.3836,-0.7660444431189779,0.6427876096865395
RGI60-11.02144,2000-01-01_2020-01-01,5830000.0,-0.6402,0.1335,11,False,RGI60-11.02144,5.83,2583,3841,3191,22.7,87,3481,9.97822,46.3679,0.052335956242943966,0.9986295347545738
RGI60-11.02145,2000-01-01_2020-01-01,12000.0,-0.5963718926974675,0.4007490312965724,11,True,RGI60-11.02145,0.012,2566,2636,2604,29.2,292,177,9.41949,46.3878,0.37460659341591196,-0.9271838545667874
RGI60-11.02146,2000-01-01_2020-01-01,269000.0,-0.9985,0.3071,11,False,RGI60-11.02146,0.269,2882,3157,3023,23.8,103,637,7.81519,46.3794,-0.22495105434386503,0.9743700647852352
RGI60-11.02147,2000-01-01_2020-01-01,149000.0,-1.0053,0.4409,11,False,RGI60-11.02147,0.149,3047,3352,3236,29.4,100,635,10.6047,46.3753,-0.1736481776669303,0.984807753012208
RGI60-11.02148,2000-01-01_2020-01-01,124000.0,-0.6847,0.293,11,False,RGI60-11.02148,0.124,2796,2900,2847,19.5,323,428,7.68262,46.3798,0.7986355100472928,-0.6018150231520483
RGI60-11.02149,2000-01-01_2020-01-01,40000.0,-0.3307,0.399,11,False,RGI60-11.02149,0.04,3076,3189,3142,26.1,165,150,8.32006,46.3854,-0.9659258262890682,0.258819045102521
RGI60-11.02150,2000-01-01_2020-01-01,140000.0,-0.2518,0.2827,11,False,RGI60-11.02150,0.14,2676,2887,2795,27.5,327,464,9.46214,46.3855,0.838670567945424,-0.544639035015027
RGI60-11.02151,2000-01-01_2020-01-01,624000.0,-1.0348,0.274,11,False,RGI60-11.02151,0.624,3085,3520,3252,21.2,114,1322,10.5867,46.374,-0.40673664307580026,0.9135454576426009
RGI60-11.02152,2000-01-01_2020-01-01,100000.0,-0.9281,0.5282,11,False,RGI60-11.02152,0.1,3007,3271,3138,29.2,191,602,10.5985,46.373,-0.981627183447664,-0.19080899537654472
RGI60-11.02153,2000-01-01_2020-01-01,20000.0,-0.5963718926974675,0.4007490312965724,11,True,RGI60-11.02153,0.02,2748,2832,2772,32.4,354,182,7.80343,46.3811,0.9945218953682733,-0.10452846326765342
RGI60-11.02154,2000-01-01_2020-01-01,494000.0,-0.266,0.1832,11,False,RGI60-11.02154,0.494,2848,3271,3093,23.9,44,848,9.82164,46.3799,0.7193398003386512,0.6946583704589973
RGI60-11.02155,2000-01-01_2020-01-01,11000.0,-0.5963718926974675,0.4007490312965724,11,True,RGI60-11.02155,0.011,2553,2597,2583,20.0,338,141,9.41473,46.3857,0.9271838545667873,-0.37460659341591235
RGI60-11.02156,2000-01-01_2020-01-01,152000.0,-0.3141,0.2527,11,False,RGI60-11.02156,0.152,3250,3470,3373,34.3,188,357,10.574,46.3742,-0.9902680687415703,-0.13917310096006552
RGI60-11.02157,2000-01-01_2020-01-01,14000.0,-0.5963718926974675,0.4007490312965724,11,True,RGI60-11.02157,0.014,2982,3057,3020,28.3,197,125,8.32015,46.3837,-0.9563047559630354,-0.29237170472273677
RGI60-11.02158,2000-01-01_2020-01-01,12000.0,-0.5963718926974675,0.4007490312965724,11,True,RGI60-11.02158,0.012,2642,2718,2668,35.0,318,103,9.41827,46.3851,0.7431448254773942,-0.6691306063588581
RGI60-11.02159,2000-01-01_2020-01-01,26000.0,-0.5963718926974675,0.4007490312965724,11,True,RGI60-11.02159,0.026,2588,2702,2641,25.8,256,280,9.27658,46.3847,-0.24192189559966779,-0.9702957262759965
RGI60-11.02160,2000-01-01_2020-01-01,124000.0,-0.0197,0.2415,11,False,RGI60-11.02160,0.124,2813,2962,2893,18.2,68,448,9.46472,46.3827,0.37460659341591196,0.9271838545667874
RGI60-11.02161,2000-01-01_2020-01-01,264000.0,-1.3179,0.3651,11,False,RGI60-11.02161,0.264,3080,3398,3231,24.1,115,831,10.5668,46.3712,-0.42261826174069933,0.90630778703665
RGI60-11.02162,2000-01-01_2020-01-01,14000.0,0.3569,0.594,11,False,RGI60-11.02162,0.014,2571,2636,2596,23.6,1,135,9.5907,46.3829,0.9998476951563913,0.01745240643728351
RGI60-11.02163,2000-01-01_2020-01-01,27000.0,0.1167,0.4463,11,False,RGI60-11.02163,0.027,2690,2951,2849,38.4,315,354,9.41757,46.3823,0.7071067811865474,-0.7071067811865477
RGI60-11.02164,2000-01-01_2020-01-01,255000.0,-0.1611,0.1965,11,False,RGI60-11.02164,0.255,3065,3306,3202,20.9,303,569,9.81562,46.3775,0.5446390350150266,-0.8386705679454243
RGI60-11.02165,2000-01-01_2020-01-01,994000.0,-1.0139,0.2065,11,False,RGI60-11.02165,0.994,2676,3233,3022,21.0,191,1381,7.80403,46.3729,-0.981627183447664,-0.19080899537654472
RGI60-11.02166,2000-01-01_2020-01-01,12000.0,-0.5963718926974675,0.4007490312965724,11,True,RGI60-11.02166,0.012,3788,3909,3852,34.6,202,202,9.90552,46.3798,-0.9271838545667874,-0.374606593415912
RGI60-11.02167,2000-01-01_2020-01-01,142000.0,0.111,0.2976,11,False,RGI60-11.02167,0.142,2668,2990,2852,31.6,291,550,9.45975,46.3801,0.3583679495453004,-0.9335804264972017
RGI60-11.02168,2000-01-01_2020-01-01,988000.0,-1.0239,0.2358,11,False,RGI60-11.02168,0.988,2567,3152,2808,16.7,9,1556,7.37486,46.3652,0.9876883405951378,0.15643446504023087
RGI60-11.02169,2000-01-01_2020-01-01,198000.0,-1.4581,0.4648,11,False,RGI60-11.02169,0.198,2590,2827,2686,21.1,61,668,8.32817,46.3792,0.4848096202463371,0.8746197071393957
RGI60-11.02170,2000-01-01_2020-01-01,22000.0,-0.1136,0.4921,11,False,RGI60-11.02170,0.022,2975,3074,3019,34.9,281,125,9.86489,46.3795,0.1908089953765451,-0.9816271834476639
RGI60-11.02171,2000-01-01_2020-01-01,23000.0,-0.2169,0.401,11,False,RGI60-11.02171,0.023,2480,2580,2508,19.6,315,266,10.3032,46.3753,0.7071067811865474,-0.7071067811865477
RGI60-11.02172,2000-01-01_2020-01-01,4410000.0,-0.6984,0.1498,11,False,RGI60-11.02172,4.41,2669,3828,3086,17.8,195,2810,9.90219,46.3651,-0.9659258262890683,-0.2588190451025208
RGI60-11.02173,2000-01-01_2020-01-01,4824000.0,-0.6257,0.1344,11,False,RGI60-11.02173,4.824,2553,3850,3459,14.6,153,5535,9.95534,46.3628,-0.8910065241883678,0.45399049973954686
RGI60-11.02174,2000-01-01_2020-01-01,71000.0,-0.6124,0.4361,11,False,RGI60-11.02174,0.071,2723,2914,2816,28.4,349,366,9.59148,46.3795,0.981627183447664,-0.19080899537654467
RGI60-11.02175,2000-01-01_2020-01-01,86000.0,-0.8128,0.4362,11,False,RGI60-11.02175,0.086,3252,3465,3331,36.6,242,293,9.87063,46.3776,-0.46947156278589075,-0.882947592858927
RGI60-11.02176,2000-01-01_2020-01-01,125000.0,-0.9686,0.3861,11,False,RGI60-11.02176,0.125,3154,3380,3270,25.5,149,581,10.5578,46.369,-0.8571673007021122,0.5150380749100544
RGI60-11.02177,2000-01-01_2020-01-01,26000.0,0.3157,0.4503,11,False,RGI60-11.02177,0.026,2811,2874,2840,19.5,88,168,9.42636,46.38,0.03489949670250108,0.9993908270190958
RGI60-11.02178,2000-01-01_2020-01-01,30000.0,-0.7114,0.5657,11,False,RGI60-11.02178,0.03,3075,3160,3115,26.7,111,168,10.591,46.3699,-0.35836794954530027,0.9335804264972017
RGI60-11.02179,2000-01-01_2020-01-01,42000.0,-0.6901,0.5715,11,False,RGI60-11.02179,0.042,2661,2880,2725,38.9,74,293,7.86176,46.3749,0.27563735581699916,0.9612616959383189
RGI60-11.02180,2000-01-01_2020-01-01,38000.0,-0.4762,0.4933,11,False,RGI60-11.02180,0.038,2810,2938,2872,29.4,323,255,9.58244,46.3787,0.7986355100472928,-0.6018150231520483
RGI60-11.02181,2000-01-01_2020-01-01,225000.0,-0.2474,0.2146,11,False,RGI60-11.02181,0.225,2608,2856,2737,21.5,313,609,9.45456,46.3769,0.6819983600624986,-0.7313537016191703
RGI60-11.02182,2000-01-01_2020-01-01,14000.0,-0.5963718926974675,0.4007490312965724,11,True,RGI60-11.02182,0.014,2960,3011,2982,21.6,321,90,9.58528,46.3778,0.7771459614569706,-0.6293203910498378
RGI60-11.02183,2000-01-01_2020-01-01,14000.0,-0.5963718926974675,0.4007490312965724,11,True,RGI60-11.02183,0.014,2950,3016,2985,26.1,44,135,9.58731,46.377,0.7193398003386512,0.6946583704589973
RGI60-11.02184,2000-01-01_2020-01-01,14000.0,-0.5963718926974675,0.4007490312965724,11,True,RGI60-11.02184,0.014,2911,2991,2940,29.1,293,195,9.80976,46.3745,0.3907311284892735,-0.9205048534524405
RGI60-11.02185,2000-01-01_2020-01-01,49000.0,-1.0827,0.869,11,False,RGI60-11.02185,0.049,2621,2881,2759,47.4,81,195,7.817710876,46.369983673,0.15643446504023092,0.9876883405951378
RGI60-11.02186,2000-01-01_2020-01-01,13000.0,-0.5963718926974675,0.4007490312965724,11,True,RGI60-11.02186,0.013,3176,3263,3222,35.9,278,125,9.81391,46.3726,0.13917310096006547,-0.9902680687415704
RGI60-11.02187,2000-01-01_2020-01-01,459000.0,-0.6451,0.193,11,False,RGI60-11.02187,0.459,2770,3080,2911,14.3,75,1315,7.37784,46.3601,0.25881904510252074,0.9659258262890683
RGI60-11.02188,2000-01-01_2020-01-01,17000.0,-0.5963718926974675,0.4007490312965724,11,True,RGI60-11.02188,0.017,2743,2789,2771,14.3,331,190,9.44864,46.3736,0.8746197071393959,-0.4848096202463369
RGI60-11.02189,2000-01-01_2020-01-01,32000.0,-1.1126,0.7341,11,False,RGI60-11.02189,0.032,2354,2390,2374,11.6,95,230,9.99428,46.3697,-0.08715574274765824,0.9961946980917455
RGI60-11.02190,2000-01-01_2020-01-01,12000.0,-0.5963718926974675,0.4007490312965724,11,True,RGI60-11.02190,0.012,2880,2961,2926,33.2,15,112,7.36378,46.3621,0.9659258262890683,0.25881904510252074
RGI60-11.02191,2000-01-01_2020-01-01,30000.0,-0.8061,0.76,11,False,RGI60-11.02191,0.03,2551,2692,2596,30.9,301,230,7.35596,46.3598,0.5150380749100542,-0.8571673007021123
RGI60-11.02192,2000-01-01_2020-01-01,32000.0,-0.5963718926974675,0.4007490312965724,11,True,RGI60-11.02192,0.032,2563,2693,2628,31.5,136,251,7.79669,46.3644,-0.7193398003386513,0.6946583704589971
RGI60-11.02193,2000-01-01_2020-01-01,24000.0,-0.2478,0.6061,11,False,RGI60-11.02193,0.024,2755,2839,2779,30.3,56,152,9.49261,46.3697,0.5591929034707468,0.8290375725550417
RGI60-11.02194,2000-01-01_2020-01-01,4671000.0,-0.868,0.1598,11,False,RGI60-11.02194,4.671,2554,3741,3097,16.3,157,3204,9.9319,46.3536,-0.9205048534524404,0.39073112848927377
RGI60-11.02195,2000-01-01_2020-01-01,1930000.0,-0.8815,0.1853,11,False,RGI60-11.02195,1.93,2678,3227,2992,16.3,303,2200,9.81868,46.3598,0.5446390350150266,-0.8386705679454243
RGI60-11.02196,2000-01-01_2020-01-01,439000.0,-0.7038,0.2202,11,False,RGI60-11.02196,0.439,3092,3479,3245,21.0,134,874,9.87627,46.3639,-0.6946583704589974,0.7193398003386511
RGI60-11.02197,2000-01-01_2020-01-01,866000.0,-0.8584,0.1921,11,False,RGI60-11.02197,0.866,2866,3200,3036,16.5,126,1158,7.36835,46.3538,-0.587785252292473,0.8090169943749475
RGI60-11.02198,2000-01-01_2020-01-01,644000.0,-0.8637,0.2244,11,False,RGI60-11.02198,0.644,2554,2984,2766,25.6,354,774,7.34048,46.3515,0.9945218953682733,-0.10452846326765342
RGI60-11.02199,2000-01-01_2020-01-01,14000.0,-0.0871,0.8599,11,False,RGI60-11.02199,0.014,2930,2986,2978,21.8,117,125,7.79001,46.3616,-0.45399049973954675,0.8910065241883679
RGI60-11.02200,2000-01-01_2020-01-01,82000.0,-1.2882,0.5235,11,False,RGI60-11.02200,0.082,2543,2709,2599,21.3,22,451,7.31351,46.3533,0.9271838545667874,0.374606593415912
RGI60-11.02201,2000-01-01_2020-01-01,22000.0,0.1111,0.294,11,False,RGI60-11.02201,0.022,2728,2758,2743,14.1,289,141,9.73365,46.3644,0.3255681544571563,-0.945518575599317
RGI60-11.02202,2000-01-01_2020-01-01,33000.0,-0.5504,0.4478,11,False,RGI60-11.02202,0.033,2617,2697,2652,17.7,338,224,7.34912,46.3542,0.9271838545667873,-0.37460659341591235
RGI60-11.02203,2000-01-01_2020-01-01,30000.0,-0.2753,0.2756,11,False,RGI60-11.02203,0.03,2931,2974,2954,15.0,341,160,10.5379,46.3558,0.9455185755993168,-0.3255681544571567
RGI60-11.02204,2000-01-01_2020-01-01,39000.0,-0.0058,0.6491,11,False,RGI60-11.02204,0.039,2460,2626,2551,46.3,2,195,8.39306,46.3641,0.9993908270190958,0.03489949670250097
RGI60-11.02205,2000-01-01_2020-01-01,11000.0,-0.5963718926974675,0.4007490312965724,11,True,RGI60-11.02205,0.011,2605,2660,2631,24.1,40,125,8.2542,46.3631,0.766044443118978,0.6427876096865393
RGI60-11.02206,2000-01-01_2020-01-01,14000.0,-0.7851,0.9546,11,False,RGI60-11.02206,0.014,3132,3244,3186,48.0,198,141,9.86333,46.3613,-0.9510565162951536,-0.3090169943749473
RGI60-11.02207,2000-01-01_2020-01-01,560000.0,-0.8291,0.2292,11,False,RGI60-11.02207,0.56,2511,2932,2662,24.7,7,891,7.32327,46.3491,0.992546151641322,0.12186934340514748
RGI60-11.02208,2000-01-01_2020-01-01,638000.0,-0.3926,0.1968,11,False,RGI60-11.02208,0.638,2700,3230,3008,24.2,38,1036,9.77967,46.3533,0.7880107536067219,0.6156614753256583
RGI60-11.02209,2000-01-01_2020-01-01,4667000.0,-0.9917,0.1781,11,False,RGI60-11.02209,4.667,2642,3365,2990,15.1,87,3663,9.84626,46.3516,0.052335956242943966,0.9986295347545738
RGI60-11.02210,2000-01-01_2020-01-01,47000.0,-0.1875,0.2859,11,False,RGI60-11.02210,0.047,2599,2713,2634,19.4,351,301,10.1139,46.3574,0.9876883405951377,-0.1564344650402311
RGI60-11.02211,2000-01-01_2020-01-01,107000.0,-1.0139,0.3798,11,False,RGI60-11.02211,0.107,2872,3029,2949,26.2,256,363,7.35813,46.3492,-0.24192189559966779,-0.9702957262759965
RGI60-11.02212,2000-01-01_2020-01-01,44000.0,0.0391,0.3277,11,False,RGI60-11.02212,0.044,2951,3076,3025,28.7,81,214,9.74279,46.3573,0.15643446504023092,0.9876883405951378
RGI60-11.02213,2000-01-01_2020-01-01,67000.0,0.1483,0.2752,11,False,RGI60-11.02213,0.067,3114,3340,3241,30.7,250,508,9.9782,46.3548,-0.34202014332566855,-0.9396926207859084
RGI60-11.02214,2000-01-01_2020-01-01,207000.0,-0.9482,0.2939,11,False,RGI60-11.02214,0.207,2815,2996,2892,18.9,327,470,10.5127,46.348,0.838670567945424,-0.544639035015027
RGI60-11.02215,2000-01-01_2020-01-01,35000.0,0.0666,0.3071,11,False,RGI60-11.02215,0.035,2325,2397,2357,16.2,12,255,9.79489,46.3556,0.9781476007338057,0.20791169081775934
RGI60-11.02216,2000-01-01_2020-01-01,68000.0,-0.5798,0.415,11,False,RGI60-11.02216,0.068,2858,2999,2910,26.2,180,226,9.95076,46.3541,-1.0,1.2246467991473532e-16
RGI60-11.02217,2000-01-01_2020-01-01,185000.0,-1.0102,0.3782,11,False,RGI60-11.02217,0.185,2746,3022,2888,21.9,340,610,10.4412,46.3444,0.9396926207859084,-0.3420201433256686
RGI60-11.02218,2000-01-01_2020-01-01,142000.0,-0.6679,0.2926,11,False,RGI60-11.02218,0.142,2893,3011,2957,19.5,284,381,9.81011,46.3513,0.24192189559966742,-0.9702957262759966
RGI60-11.02219,2000-01-01_2020-01-01,33000.0,-0.7768,0.6168,11,False,RGI60-11.02219,0.033,2921,3046,2982,19.1,269,302,9.91095,46.3526,-0.017452406437283498,-0.9998476951563913
RGI60-11.02220,2000-01-01_2020-01-01,14000.0,-0.5963718926974675,0.4007490312965724,11,True,RGI60-11.02220,0.014,2920,2956,2941,20.4,295,112,7.35669,46.3442,0.4226182617406996,-0.9063077870366498
RGI60-11.02221,2000-01-01_2020-01-01,64000.0,-0.8752,0.5622,11,False,RGI60-11.02221,0.064,2882,3050,2965,27.0,57,358,9.74547,46.3522,0.5446390350150271,0.838670567945424
RGI60-11.02222,2000-01-01_2020-01-01,2031000.0,-0.8052,0.1865,11,False,RGI60-11.02222,2.031,2582,3296,2946,17.7,321,2355,9.772,46.3434,0.7771459614569706,-0.6293203910498378
RGI60-11.02223,2000-01-01_2020-01-01,438000.0,-0.6739,0.2712,11,False,RGI60-11.02223,0.438,2496,2893,2741,23.6,338,990,9.79918,46.3481,0.9271838545667873,-0.37460659341591235
RGI60-11.02224,2000-01-01_2020-01-01,29000.0,0.0224,0.5177,11,False,RGI60-11.02224,0.029,2619,2711,2662,28.3,41,177,9.79013,46.3508,0.754709580222772,0.6560590289905073
RGI60-11.02225,2000-01-01_2020-01-01,42000.0,-0.6105,0.5338,11,False,RGI60-11.02225,0.042,3137,3273,3184,39.1,184,158,9.82446,46.35,-0.9975640502598242,-0.06975647374412527
RGI60-11.02226,2000-01-01_2020-01-01,156000.0,-0.716,0.2778,11,False,RGI60-11.02226,0.156,2856,2997,2935,19.2,33,454,9.7508,46.3488,0.838670567945424,0.5446390350150271
RGI60-11.02227,2000-01-01_2020-01-01,47000.0,-1.1999,0.7398,11,False,RGI60-11.02227,0.047,2716,2860,2812,23.3,348,365,9.71567,46.3489,0.9781476007338056,-0.20791169081775987
RGI60-11.02228,2000-01-01_2020-01-01,12000.0,-0.1682,0.3196,11,False,RGI60-11.02228,0.012,3000,3032,3012,19.1,220,103,9.99244,46.3479,-0.766044443118978,-0.6427876096865393
RGI60-11.02229,2000-01-01_2020-01-01,11000.0,-0.5963718926974675,0.4007490312965724,11,True,RGI60-11.02229,0.011,3030,3090,3064,29.0,178,103,9.99785,46.3478,-0.9993908270190958,0.03489949670250114
RGI60-11.02230,2000-01-01_2020-01-01,19000.0,0.0333,0.3113,11,False,RGI60-11.02230,0.019,3030,3077,3046,17.4,172,135,9.99564,46.3474,-0.9902680687415704,0.13917310096006533
RGI60-11.02231,2000-01-01_2020-01-01,11000.0,-0.5963718926974675,0.4007490312965724,11,True,RGI60-11.02231,0.011,2855,2911,2878,28.2,26,106,9.75528,46.3484,0.898794046299167,0.4383711467890774
RGI60-11.02232,2000-01-01_2020-01-01,368000.0,-0.1922,0.2417,11,False,RGI60-11.02232,0.368,2746,3303,3036,30.9,45,956,9.78893,46.3448,0.7071067811865476,0.7071067811865476
RGI60-11.02233,2000-01-01_2020-01-01,183000.0,-0.3655,0.1977,11,False,RGI60-11.02233,0.183,2921,3014,2965,9.8,247,681,9.99253,46.3442,-0.3907311284892738,-0.9205048534524403
RGI60-11.02234,2000-01-01_2020-01-01,133000.0,-0.4357,0.2713,11,False,RGI60-11.02234,0.133,2853,3039,2953,25.0,43,395,9.76037,46.3446,0.7313537016191705,0.6819983600624985
RGI60-11.02235,2000-01-01_2020-01-01,17000.0,-0.135,0.4126,11,False,RGI60-11.02235,0.017,2818,2927,2856,27.4,216,180,9.91533,46.3453,-0.8090169943749475,-0.587785252292473
RGI60-11.02236,2000-01-01_2020-01-01,326000.0,-0.8304,0.252,11,False,RGI60-11.02236,0.326,2732,2942,2826,16.4,21,729,9.86061,46.3414,0.9335804264972017,0.35836794954530027
RGI60-11.02237,2000-01-01_2020-01-01,43000.0,-0.1471,0.5372,11,False,RGI60-11.02237,0.043,2933,3132,3034,38.6,295,195,9.67978,46.3442,0.4226182617406996,-0.9063077870366498
RGI60-11.02238,2000-01-01_2020-01-01,14000.0,-0.5963718926974675,0.4007490312965724,11,True,RGI60-11.02238,0.014,2931,2999,2976,28.3,15,135,9.79435,46.3441,0.9659258262890683,0.25881904510252074
RGI60-11.02239,2000-01-01_2020-01-01,43000.0,-0.8751,0.5845,11,False,RGI60-11.02239,0.043,2841,2957,2895,23.9,4,285,9.98085,46.3413,0.9975640502598242,0.0697564737441253
RGI60-11.02240,2000-01-01_2020-01-01,11000.0,-0.5963718926974675,0.4007490312965724,11,True,RGI60-11.02240,0.011,2281,2332,2303,19.7,333,-9,8.22455,46.3429,0.8910065241883678,-0.45399049973954697
RGI60-11.02241,2000-01-01_2020-01-01,19000.0,-0.5963718926974675,0.4007490312965724,11,True,RGI60-11.02241,0.019,2683,2735,2716,20.1,355,168,7.25113,46.3317,0.9961946980917455,-0.08715574274765832
RGI60-11.02242,2000-01-01_2020-01-01,443000.0,-0.8658,0.2517,11,False,RGI60-11.02242,0.443,2628,2984,2852,22.9,321,1033,9.91526,46.3385,0.7771459614569706,-0.6293203910498378
RGI60-11.02243,2000-01-01_2020-01-01,13000.0,-0.5039,0.7739,11,False,RGI60-11.02243,0.013,2943,3033,2980,39.0,35,106,9.7218,46.3429,0.8191520442889918,0.573576436351046
RGI60-11.02244,2000-01-01_2020-01-01,347000.0,-1.0616,0.2871,11,False,RGI60-11.02244,0.347,2703,2864,2815,13.4,340,664,7.21308,46.327,0.9396926207859084,-0.3420201433256686
RGI60-11.02245,2000-01-01_2020-01-01,6887000.0,-1.4131,0.2064,11,False,RGI60-11.02245,6.887,2237,3294,2745,18.4,354,5988,9.70108,46.3085,0.9945218953682733,-0.10452846326765342
RGI60-11.02246,2000-01-01_2020-01-01,116000.0,-0.6136,0.3129,11,False,RGI60-11.02246,0.116,2858,3087,2977,26.3,263,455,9.72073,46.3381,-0.12186934340514717,-0.9925461516413221
RGI60-11.02247,2000-01-01_2020-01-01,13000.0,-0.5963718926974675,0.4007490312965724,11,True,RGI60-11.02247,0.013,2645,2720,2690,29.5,334,125,9.90538,46.3373,0.8987940462991668,-0.4383711467890778
RGI60-11.02248,2000-01-01_2020-01-01,14000.0,-0.5963718926974675,0.4007490312965724,11,True,RGI60-11.02248,0.014,3066,3201,3110,47.7,141,127,9.78426,46.3375,-0.7771459614569709,0.6293203910498374
RGI60-11.02249,2000-01-01_2020-01-01,2890000.0,-1.2823,0.1887,11,False,RGI60-11.02249,2.89,2497,2971,2772,9.3,84,2673,7.22536,46.3202,0.10452846326765346,0.9945218953682733
RGI60-11.02250,2000-01-01_2020-01-01,14000.0,-0.7253,0.8723,11,False,RGI60-11.02250,0.014,2830,2918,2880,30.8,2,127,8.22637,46.3365,0.9993908270190958,0.03489949670250097
RGI60-11.02251,2000-01-01_2020-01-01,90000.0,-0.4261,0.3701,11,False,RGI60-11.02251,0.09,2742,3002,2923,25.2,325,518,8.22051,46.3337,0.8191520442889916,-0.5735764363510465
RGI60-11.02252,2000-01-01_2020-01-01,13000.0,-0.5963718926974675,0.4007490312965724,11,True,RGI60-11.02252,0.013,2756,2841,2796,38.2,127,158,8.2311,46.3363,-0.6018150231520484,0.7986355100472927
RGI60-11.02253,2000-01-01_2020-01-01,54000.0,-0.4232,0.5427,11,False,RGI60-11.02253,0.054,3069,3265,3212,32.2,136,250,9.78087,46.3355,-0.7193398003386513,0.6946583704589971
RGI60-11.02254,2000-01-01_2020-01-01,226000.0,-0.7954,0.2636,11,False,RGI60-11.02254,0.226,2567,2845,2739,23.6,322,630,7.20545,46.3194,0.788010753606722,-0.6156614753256582
RGI60-11.02255,2000-01-01_2020-01-01,14000.0,-0.5963718926974675,0.4007490312965724,11,True,RGI60-11.02255,0.014,2925,2961,2946,16.8,279,135,9.68096,46.3333,0.15643446504023067,-0.9876883405951378
RGI60-11.02256,2000-01-01_2020-01-01,16000.0,-0.5963718926974675,0.4007490312965724,11,True,RGI60-11.02256,0.016,2643,2704,2677,18.9,214,168,9.71957,46.3322,-0.8290375725550417,-0.5591929034707467
RGI60-11.02257,2000-01-01_2020-01-01,28000.0,0.2796,0.366,11,False,RGI60-11.02257,0.028,2812,2914,2862,21.9,57,305,9.68453,46.3315,0.5446390350150271,0.838670567945424
RGI60-11.02258,2000-01-01_2020-01-01,43000.0,-0.5475,0.6384,11,False,RGI60-11.02258,0.043,2676,2911,2718,32.1,96,309,8.22751,46.3295,-0.10452846326765355,0.9945218953682733
RGI60-11.02259,2000-01-01_2020-01-01,86000.0,-0.6584,0.4418,11,False,RGI60-11.02259,0.086,2564,2652,2604,20.1,318,202,9.71448,46.3281,0.7431448254773942,-0.6691306063588581
RGI60-11.02260,2000-01-01_2020-01-01,57000.0,-1.0961,0.6074,11,False,RGI60-11.02260,0.057,2903,3079,2995,27.7,49,404,10.4427,46.3193,0.6560590289905073,0.754709580222772
RGI60-11.02261,2000-01-01_2020-01-01,881000.0,-0.5744,0.1714,11,False,RGI60-11.02261,0.881,2852,3179,3043,18.0,99,731,7.20068,46.3092,-0.1564344650402308,0.9876883405951378
RGI60-11.02262,2000-01-01_2020-01-01,18000.0,-0.5963718926974675,0.4007490312965724,11,True,RGI60-11.02262,0.018,2777,2952,2846,48.9,343,158,7.20098,46.3148,0.9563047559630353,-0.29237170472273716
RGI60-11.02263,2000-01-01_2020-01-01,23000.0,-0.8869,0.822,11,False,RGI60-11.02263,0.023,2846,2963,2919,30.0,333,175,7.2037,46.3147,0.8910065241883678,-0.45399049973954697
RGI60-11.02264,2000-01-01_2020-01-01,35000.0,-0.8055,0.7285,11,False,RGI60-11.02264,0.035,2679,2785,2737,23.1,79,270,8.23045,46.3257,0.19080899537654492,0.981627183447664
RGI60-11.02265,2000-01-01_2020-01-01,35000.0,-0.4132,0.3721,11,False,RGI60-11.02265,0.035,2843,2860,2846,3.5,56,112,7.21929,46.3136,0.5591929034707468,0.8290375725550417
RGI60-11.02266,2000-01-01_2020-01-01,51000.0,-0.3848,0.3347,11,False,RGI60-11.02266,0.051,2820,2919,2877,22.8,286,255,9.68478,46.3256,0.2756373558169994,-0.9612616959383188
RGI60-11.02267,2000-01-01_2020-01-01,23000.0,-0.5712,0.6251,11,False,RGI60-11.02267,0.023,2915,3023,2982,22.1,14,261,9.92694,46.3226,0.9702957262759965,0.24192189559966773
RGI60-11.02268,2000-01-01_2020-01-01,804000.0,-0.7034,0.1914,11,False,RGI60-11.02268,0.804,2572,3256,2828,22.0,334,1629,9.67847,46.3185,0.8987940462991668,-0.4383711467890778
RGI60-11.02269,2000-01-01_2020-01-01,18000.0,-0.3395,0.4959,11,False,RGI60-11.02269,0.018,2837,2917,2871,26.1,103,152,10.4466,46.316,-0.22495105434386503,0.9743700647852352
RGI60-11.02270,2000-01-01_2020-01-01,55000.0,-0.6339,0.346,11,False,RGI60-11.02270,0.055,3056,3105,3085,10.8,270,285,10.4401,46.3148,-1.8369701987210297e-16,-1.0
RGI60-11.02271,2000-01-01_2020-01-01,32000.0,-0.5963718926974675,0.4007490312965724,11,True,RGI60-11.02271,0.032,2412,2517,2462,32.2,145,127,7.21092,46.3091,-0.8191520442889919,0.5735764363510459
RGI60-11.02272,2000-01-01_2020-01-01,23000.0,-0.001,0.4753,11,False,RGI60-11.02272,0.023,2639,2711,2676,25.2,60,182,9.69169,46.3212,0.5000000000000001,0.8660254037844386
RGI60-11.02273,2000-01-01_2020-01-01,306000.0,-0.5358,0.2274,11,False,RGI60-11.02273,0.306,2518,2930,2727,31.7,358,605,7.1835,46.3067,0.9993908270190958,-0.034899496702500823
RGI60-11.02274,2000-01-01_2020-01-01,30000.0,-0.3469,0.3448,11,False,RGI60-11.02274,0.03,2714,2827,2756,26.7,28,180,7.17716,46.3073,0.882947592858927,0.4694715627858908
RGI60-11.02275,2000-01-01_2020-01-01,12000.0,-0.5963718926974675,0.4007490312965724,11,True,RGI60-11.02275,0.012,2899,2959,2923,29.6,276,103,9.68555,46.3203,0.10452846326765299,-0.9945218953682734
RGI60-11.02276,2000-01-01_2020-01-01,139000.0,-0.8094,0.2976,11,False,RGI60-11.02276,0.139,2803,2958,2898,20.1,238,432,9.72268,46.3187,-0.529919264233205,-0.848048096156426
RGI60-11.02277,2000-01-01_2020-01-01,23000.0,-0.3822,0.3927,11,False,RGI60-11.02277,0.023,2760,2831,2797,24.3,340,168,7.17545,46.3066,0.9396926207859084,-0.3420201433256686
RGI60-11.02278,2000-01-01_2020-01-01,15000.0,-0.1065,0.474,11,False,RGI60-11.02278,0.015,2843,2915,2908,21.8,92,146,8.21556,46.3183,-0.034899496702500955,0.9993908270190958
RGI60-11.02279,2000-01-01_2020-01-01,11000.0,-0.5963718926974675,0.4007490312965724,11,True,RGI60-11.02279,0.011,2746,2850,2789,38.0,116,112,9.72854,46.3188,-0.4383711467890775,0.8987940462991669
RGI60-11.02280,2000-01-01_2020-01-01,23000.0,-0.0578,0.3498,11,False,RGI60-11.02280,0.023,2668,2715,2687,19.9,80,135,9.73123,46.3181,0.17364817766693041,0.984807753012208
RGI60-11.02281,2000-01-01_2020-01-01,11000.0,-0.1256,0.5808,11,False,RGI60-11.02281,0.011,2746,2797,2768,26.9,340,-9,9.67056,46.318,0.9396926207859084,-0.3420201433256686
RGI60-11.02282,2000-01-01_2020-01-01,1422000.0,-0.6287,0.1614,11,False,RGI60-11.02282,1.422,2506,3295,2945,23.4,300,1875,9.66813,46.3094,0.5000000000000001,-0.8660254037844386
RGI60-11.02283,2000-01-01_2020-01-01,60000.0,0.0581,0.4138,11,False,RGI60-11.02283,0.06,2970,3131,3037,32.3,104,261,9.68706,46.3149,-0.24192189559966779,0.9702957262759965
RGI60-11.02284,2000-01-01_2020-01-01,332000.0,-0.7447,0.24,11,False,RGI60-11.02284,0.332,2769,3095,2918,24.6,59,599,9.72914,46.3121,0.5150380749100542,0.8571673007021123
RGI60-11.02285,2000-01-01_2020-01-01,2588000.0,-1.1409,0.2314,11,False,RGI60-11.02285,2.588,2172,3060,2515,16.6,6,3579,9.64185,46.2987,0.9945218953682733,0.10452846326765347
RGI60-11.02286,2000-01-01_2020-01-01,11000.0,-0.5963718926974675,0.4007490312965724,11,True,RGI60-11.02286,0.011,2580,2645,2620,24.6,103,127,8.1322,46.3095,-0.22495105434386503,0.9743700647852352
RGI60-11.02287,2000-01-01_2020-01-01,160000.0,-1.0352,0.4043,11,False,RGI60-11.02287,0.16,2558,2954,2706,26.2,338,798,8.13633,46.3073,0.9271838545667873,-0.37460659341591235
RGI60-11.02288,2000-01-01_2020-01-01,32000.0,-1.063,0.8988,11,False,RGI60-11.02288,0.032,2995,3291,3169,43.1,336,316,9.71657,46.3076,0.913545457642601,-0.40673664307580015
RGI60-11.02289,2000-01-01_2020-01-01,157000.0,-0.604,0.3127,11,False,RGI60-11.02289,0.157,2753,3181,2919,35.8,133,688,9.72538,46.3061,-0.6819983600624984,0.7313537016191706
RGI60-11.02290,2000-01-01_2020-01-01,11000.0,-0.5963718926974675,0.4007490312965724,11,True,RGI60-11.02290,0.011,3069,3165,3126,41.5,31,106,8.19055,46.3067,0.8571673007021123,0.5150380749100542
RGI60-11.02291,2000-01-01_2020-01-01,565000.0,-0.9217,0.2688,11,False,RGI60-11.02291,0.565,2476,2963,2710,22.3,311,833,8.1287,46.3014,0.656059028990507,-0.7547095802227722
RGI60-11.02292,2000-01-01_2020-01-01,16000.0,-0.5963718926974675,0.4007490312965724,11,True,RGI60-11.02292,0.016,2853,2948,2884,17.5,294,293,8.18334,46.3047,0.40673664307579976,-0.9135454576426011
RGI60-11.02293,2000-01-01_2020-01-01,1171000.0,-0.1865,0.1693,11,False,RGI60-11.02293,1.171,2210,3192,2672,27.3,339,2059,9.61635,46.2974,0.9335804264972015,-0.35836794954530077
RGI60-11.02294,2000-01-01_2020-01-01,105000.0,-0.532,0.3553,11,False,RGI60-11.02294,0.105,2922,3120,3053,28.4,56,428,8.14302,46.3035,0.5591929034707468,0.8290375725550417
RGI60-11.02295,2000-01-01_2020-01-01,133000.0,-0.8387,0.4348,11,False,RGI60-11.02295,0.133,2862,3098,2947,14.6,300,931,8.18526,46.3029,0.5000000000000001,-0.8660254037844386
RGI60-11.02296,2000-01-01_2020-01-01,17000.0,-0.5963718926974675,0.4007490312965724,11,True,RGI60-11.02296,0.017,2323,2408,2361,34.6,64,135,8.15462,46.3036,0.43837114678907746,0.898794046299167
RGI60-11.02297,2000-01-01_2020-01-01,77000.0,-0.5764,0.4799,11,False,RGI60-11.02297,0.077,2869,3182,2984,37.2,138,404,9.72076,46.3037,-0.7431448254773941,0.6691306063588583
RGI60-11.02298,2000-01-01_2020-01-01,14000.0,0.0122,0.39,11,False,RGI60-11.02298,0.014,2703,2748,2728,17.9,136,127,9.72989,46.3037,-0.7193398003386513,0.6946583704589971
RGI60-11.02299,2000-01-01_2020-01-01,349000.0,-0.5167,0.2102,11,False,RGI60-11.02299,0.349,2785,3141,2960,22.2,258,935,9.6667,46.3008,-0.2079116908177598,-0.9781476007338056
RGI60-11.02300,2000-01-01_2020-01-01,26000.0,-0.0318,0.2934,11,False,RGI60-11.02300,0.026,2813,2918,2843,21.7,240,230,9.66195,46.3031,-0.5000000000000004,-0.8660254037844385
RGI60-11.02301,2000-01-01_2020-01-01,96000.0,-0.0706,0.5769,11,False,RGI60-11.02301,0.096,2117,2775,2390,39.6,6,787,9.60501,46.3009,0.9945218953682733,0.10452846326765347
RGI60-11.02302,2000-01-01_2020-01-01,148000.0,0.0485,0.3101,11,False,RGI60-11.02302,0.148,2238,2580,2393,34.3,350,376,9.57942,46.2997,0.984807753012208,-0.1736481776669304
RGI60-11.02303,2000-01-01_2020-01-01,248000.0,0.186,0.2991,11,False,RGI60-11.02303,0.248,2079,2712,2298,35.0,24,893,9.59224,46.301,0.9135454576426009,0.4067366430758002
RGI60-11.02304,2000-01-01_2020-01-01,59000.0,0.102,0.4944,11,False,RGI60-11.02304,0.059,2250,2497,2327,39.4,12,302,9.57101,46.3025,0.9781476007338057,0.20791169081775934
RGI60-11.02305,2000-01-01_2020-01-01,28000.0,-0.037,0.4541,11,False,RGI60-11.02305,0.028,3165,3321,3215,29.6,273,206,9.67421,46.3025,0.052335956242943946,-0.9986295347545738
RGI60-11.02306,2000-01-01_2020-01-01,42000.0,-0.5273,0.4279,11,False,RGI60-11.02306,0.042,3002,3102,3032,15.1,207,335,8.19074,46.3012,-0.8910065241883679,-0.45399049973954664
RGI60-11.02307,2000-01-01_2020-01-01,14000.0,-0.5963718926974675,0.4007490312965724,11,True,RGI60-11.02307,0.014,2914,2958,2933,19.9,325,125,8.18205,46.3015,0.8191520442889916,-0.5735764363510465
RGI60-11.02308,2000-01-01_2020-01-01,576000.0,-0.3428,0.1809,11,False,RGI60-11.02308,0.576,2714,3193,2922,29.1,89,829,9.71972,46.2974,0.0174524064372836,0.9998476951563913
RGI60-11.02309,2000-01-01_2020-01-01,32000.0,-0.3837,0.4222,11,False,RGI60-11.02309,0.032,2833,2889,2857,20.6,311,182,8.17706,46.3003,0.656059028990507,-0.7547095802227722
RGI60-11.02310,2000-01-01_2020-01-01,22000.0,-0.7334,0.7494,11,False,RGI60-11.02310,0.022,2824,2902,2858,38.2,173,125,8.13702,46.2995,-0.992546151641322,0.12186934340514755
RGI60-11.02311,2000-01-01_2020-01-01,104000.0,0.228,0.2906,11,False,RGI60-11.02311,0.104,2721,3004,2791,31.4,114,392,9.62943,46.299,-0.40673664307580026,0.9135454576426009
RGI60-11.02312,2000-01-01_2020-01-01,65000.0,-0.216,0.3406,11,False,RGI60-11.02312,0.065,3054,3196,3152,28.8,272,158,9.67929,46.2983,0.03489949670250128,-0.9993908270190958
RGI60-11.02313,2000-01-01_2020-01-01,37000.0,-0.4002,0.7355,11,False,RGI60-11.02313,0.037,2553,2784,2665,51.5,28,180,8.15823,46.2984,0.882947592858927,0.4694715627858908
RGI60-11.02314,2000-01-01_2020-01-01,190000.0,-0.9816,0.346,11,False,RGI60-11.02314,0.19,2659,2962,2751,30.1,123,534,8.13442,46.2964,-0.5446390350150271,0.838670567945424
RGI60-11.02315,2000-01-01_2020-01-01,59000.0,-0.6177,0.5027,11,False,RGI60-11.02315,0.059,2780,2957,2894,30.1,277,416,8.11923,46.2966,0.12186934340514768,-0.992546151641322
RGI60-11.02316,2000-01-01_2020-01-01,11000.0,-0.5963718926974675,0.4007490312965724,11,True,RGI60-11.02316,0.011,2597,2729,2678,44.0,15,135,9.61037,46.2983,0.9659258262890683,0.25881904510252074
RGI60-11.02317,2000-01-01_2020-01-01,69000.0,-0.9931,0.5242,11,False,RGI60-11.02317,0.069,2745,2916,2832,30.7,193,361,9.67307,46.297,-0.9743700647852352,-0.22495105434386498
RGI60-11.02318,2000-01-01_2020-01-01,60000.0,-0.2606,0.4244,11,False,RGI60-11.02318,0.06,2746,3091,2918,35.5,227,513,9.68093,46.2932,-0.6819983600624986,-0.7313537016191705
RGI60-11.02319,2000-01-01_2020-01-01,1591000.0,-1.0,0.1852,11,False,RGI60-11.02319,1.591,2641,3178,2917,16.6,5,1934,9.98555,46.2834,0.9961946980917455,0.08715574274765817
RGI60-11.02320,2000-01-01_2020-01-01,83000.0,-0.1666,0.3608,11,False,RGI60-11.02320,0.083,2626,2926,2779,38.9,266,408,9.57655,46.2934,-0.06975647374412558,-0.9975640502598242
RGI60-11.02321,2000-01-01_2020-01-01,45000.0,-0.5963718926974675,0.4007490312965724,11,True,RGI60-11.02321,0.045,2933,3147,3097,30.7,246,318,9.60796,46.2927,-0.4067366430758001,-0.913545457642601
RGI60-11.02322,2000-01-01_2020-01-01,13000.0,-0.5963718926974675,0.4007490312965724,11,True,RGI60-11.02322,0.013,3176,3250,3221,33.4,159,127,9.68692,46.293,-0.9335804264972017,0.3583679495453002
RGI60-11.02323,2000-01-01_2020-01-01,15000.0,-0.5963718926974675,0.4007490312965724,11,True,RGI60-11.02323,0.015,2971,3081,3018,35.2,193,135,9.58418,46.2934,-0.9743700647852352,-0.22495105434386498
RGI60-11.02324,2000-01-01_2020-01-01,82000.0,-0.3048,0.3475,11,False,RGI60-11.02324,0.082,2904,3179,3036,34.1,207,436,9.69166,46.2915,-0.8910065241883679,-0.45399049973954664
RGI60-11.02325,2000-01-01_2020-01-01,20000.0,0.2303,0.4088,11,False,RGI60-11.02325,0.02,2935,3052,2998,39.1,181,152,9.58924,46.2928,-0.9998476951563913,-0.017452406437283637
RGI60-11.02326,2000-01-01_2020-01-01,175000.0,0.1366,0.2984,11,False,RGI60-11.02326,0.175,2566,3040,2776,34.4,82,723,9.72395,46.2908,0.13917310096006547,0.9902680687415704
RGI60-11.02327,2000-01-01_2020-01-01,12000.0,-0.4051,0.5474,11,False,RGI60-11.02327,0.012,2625,2665,2635,17.1,298,125,9.79737,46.2917,0.4694715627858904,-0.8829475928589271
RGI60-11.02328,2000-01-01_2020-01-01,15000.0,-0.5963718926974675,0.4007490312965724,11,True,RGI60-11.02328,0.015,2753,2811,2773,29.5,160,71,8.12573,46.2908,-0.9396926207859083,0.3420201433256689
RGI60-11.02329,2000-01-01_2020-01-01,20000.0,-0.5963718926974675,0.4007490312965724,11,True,RGI60-11.02329,0.02,2632,2751,2707,24.6,168,276,8.12852,46.2901,-0.9781476007338057,0.20791169081775931
RGI60-11.02330,2000-01-01_2020-01-01,37000.0,-0.5536,0.555,11,False,RGI60-11.02330,0.037,2871,3074,2982,36.6,179,285,9.60387,46.2917,-0.9998476951563913,0.01745240643728344
RGI60-11.02331,2000-01-01_2020-01-01,72000.0,-0.3484,0.3943,11,False,RGI60-11.02331,0.072,2554,2705,2617,33.5,300,230,9.5721,46.2905,0.5000000000000001,-0.8660254037844386
RGI60-11.02332,2000-01-01_2020-01-01,43000.0,-0.5963718926974675,0.4007490312965724,11,True,RGI60-11.02332,0.043,3128,3195,3174,16.3,49,182,9.62284,46.2896,0.6560590289905073,0.754709580222772
RGI60-11.02333,2000-01-01_2020-01-01,39000.0,-0.288,0.4249,11,False,RGI60-11.02333,0.039,3032,3179,3098,38.3,176,202,9.70456,46.2904,-0.9975640502598242,0.06975647374412552
RGI60-11.02334,2000-01-01_2020-01-01,30000.0,-0.5153,0.5139,11,False,RGI60-11.02334,0.03,2635,2726,2679,22.1,165,246,8.1215,46.2884,-0.9659258262890682,0.258819045102521
RGI60-11.02335,2000-01-01_2020-01-01,12000.0,-0.5963718926974675,0.4007490312965724,11,True,RGI60-11.02335,0.012,2523,2552,2533,9.7,264,158,8.19566,46.2887,-0.10452846326765336,-0.9945218953682734
RGI60-11.02336,2000-01-01_2020-01-01,14000.0,-0.3053,0.4529,11,False,RGI60-11.02336,0.014,3028,3088,3063,20.2,206,158,9.71816,46.2886,-0.8987940462991669,-0.43837114678907746
RGI60-11.02337,2000-01-01_2020-01-01,2520000.0,-0.3791,0.1574,11,False,RGI60-11.02337,2.52,2370,3542,2736,27.0,356,2030,9.74445,46.2801,0.9975640502598242,-0.06975647374412564
RGI60-11.02338,2000-01-01_2020-01-01,74000.0,-0.5963718926974675,0.4007490312965724,11,True,RGI60-11.02338,0.074,2926,3111,3014,29.8,237,320,9.6155,46.2874,-0.544639035015027,-0.8386705679454242
RGI60-11.02339,2000-01-01_2020-01-01,74000.0,-0.8174,0.4725,11,False,RGI60-11.02339,0.074,2393,2502,2425,18.9,12,305,9.80392,46.2864,0.9781476007338057,0.20791169081775934
RGI60-11.02340,2000-01-01_2020-01-01,33000.0,-0.6584,0.5417,11,False,RGI60-11.02340,0.033,2768,2864,2819,34.5,251,190,9.69854,46.2865,-0.32556815445715664,-0.9455185755993168
RGI60-11.02341,2000-01-01_2020-01-01,78000.0,-0.1335,0.3942,11,False,RGI60-11.02341,0.078,2580,2965,2755,37.6,70,487,9.72657,46.2867,0.3420201433256688,0.9396926207859083
RGI60-11.02342,2000-01-01_2020-01-01,20000.0,-1.1665,1.0392,11,False,RGI60-11.02342,0.02,2345,2437,2389,30.2,29,158,9.76716,46.2867,0.8746197071393957,0.48480962024633706
RGI60-11.02343,2000-01-01_2020-01-01,14000.0,-0.5963718926974675,0.4007490312965724,11,True,RGI60-11.02343,0.014,2975,2997,2991,13.1,126,106,9.6413,46.286,-0.587785252292473,0.8090169943749475
RGI60-11.02344,2000-01-01_2020-01-01,30000.0,-0.2392,0.6177,11,False,RGI60-11.02344,0.03,2653,2833,2728,42.4,128,212,9.64586,46.2855,-0.6156614753256583,0.788010753606722
RGI60-11.02345,2000-01-01_2020-01-01,56000.0,-0.111,0.4289,11,False,RGI60-11.02345,0.056,2532,2745,2647,42.8,302,226,9.56618,46.2841,0.5299192642332047,-0.8480480961564261
RGI60-11.02346,2000-01-01_2020-01-01,18000.0,-0.5963718926974675,0.4007490312965724,11,True,RGI60-11.02346,0.018,3055,3114,3092,21.5,150,158,9.63753,46.2854,-0.8660254037844387,0.49999999999999994
RGI60-11.02347,2000-01-01_2020-01-01,122000.0,-1.0113,0.449,11,False,RGI60-11.02347,0.122,2483,2702,2609,29.1,23,373,9.76651,46.2837,0.9205048534524404,0.39073112848927377
RGI60-11.02348,2000-01-01_2020-01-01,11000.0,-0.5963718926974675,0.4007490312965724,11,True,RGI60-11.02348,0.011,2993,3076,3030,31.7,184,103,9.62025,46.2852,-0.9975640502598242,-0.06975647374412527
RGI60-11.02349,2000-01-01_2020-01-01,17000.0,-0.7293,0.845,11,False,RGI60-11.02349,0.017,2876,2997,2922,40.5,188,152,9.62675,46.2849,-0.9902680687415703,-0.13917310096006552
RGI60-11.02350,2000-01-01_2020-01-01,14000.0,-0.5963718926974675,0.4007490312965724,11,True,RGI60-11.02350,0.014,2510,2576,2543,31.2,359,141,9.80354,46.2841,0.9998476951563913,-0.01745240643728356
RGI60-11.02351,2000-01-01_2020-01-01,2209000.0,-0.9275,0.2374,11,False,RGI60-11.02351,2.209,2139,3544,2758,24.6,50,3597,9.76979,46.2707,0.6427876096865394,0.766044443118978
RGI60-11.02352,2000-01-01_2020-01-01,25000.0,-0.0925,0.4144,11,False,RGI60-11.02352,0.025,2744,2868,2791,26.7,234,285,9.61368,46.2827,-0.5877852522924732,-0.8090169943749473
RGI60-11.02353,2000-01-01_2020-01-01,525000.0,-0.855,0.326,11,False,RGI60-11.02353,0.525,2373,3219,2955,28.6,61,1431,9.764,46.2773,0.4848096202463371,0.8746197071393957
RGI60-11.02354,2000-01-01_2020-01-01,36000.0,-0.3676,0.3805,11,False,RGI60-11.02354,0.036,2809,3014,2898,35.6,242,293,9.73232,46.2733,-0.46947156278589075,-0.882947592858927
RGI60-11.02355,2000-01-01_2020-01-01,24000.0,-1.0823,1.1047,11,False,RGI60-11.02355,0.024,2597,2798,2644,37.6,335,247,9.78516,46.2718,0.90630778703665,-0.4226182617406992
RGI60-11.02356,2000-01-01_2020-01-01,360000.0,-1.3783,0.329,11,False,RGI60-11.02356,0.36,2441,2767,2563,24.1,360,753,7.15896,46.2569,1.0,-2.4492935982947064e-16
RGI60-11.02357,2000-01-01_2020-01-01,814000.0,-0.5828,0.2132,11,False,RGI60-11.02357,0.814,2614,3432,2894,22.3,215,2411,9.74098,46.2622,-0.8191520442889918,-0.5735764363510462
RGI60-11.02358,2000-01-01_2020-01-01,217000.0,-0.5991,0.268,11,False,RGI60-11.02358,0.217,2718,3120,2920,26.7,280,817,9.73286,46.2678,0.17364817766692997,-0.9848077530122081
RGI60-11.02359,2000-01-01_2020-01-01,44000.0,-0.6493,0.4824,11,False,RGI60-11.02359,0.044,2722,2841,2775,27.5,88,326,9.78604,46.2673,0.03489949670250108,0.9993908270190958
RGI60-11.02360,2000-01-01_2020-01-01,267000.0,-0.2701,0.3149,11,False,RGI60-11.02360,0.267,2935,3455,3148,29.5,157,812,9.75347,46.2622,-0.9205048534524404,0.39073112848927377
RGI60-11.02361,2000-01-01_2020-01-01,14000.0,-0.5963718926974675,0.4007490312965724,11,True,RGI60-11.02361,0.014,2432,2533,2480,26.1,358,206,10.6829,46.2549,0.9993908270190958,-0.034899496702500823
RGI60-11.02362,2000-01-01_2020-01-01,54000.0,0.0197,0.4524,11,False,RGI60-11.02362,0.054,3103,3298,3254,32.0,166,190,9.76103,46.2627,-0.9702957262759965,0.24192189559966773
RGI60-11.02363,2000-01-01_2020-01-01,49000.0,0.3855,0.4458,11,False,RGI60-11.02363,0.049,2965,3228,3130,39.9,266,318,9.74655,46.2615,-0.06975647374412558,-0.9975640502598242
RGI60-11.02364,2000-01-01_2020-01-01,47000.0,-0.4359,0.48,11,False,RGI60-11.02364,0.047,2567,2755,2646,22.8,278,453,9.9702,46.2605,0.13917310096006547,-0.9902680687415704
RGI60-11.02365,2000-01-01_2020-01-01,15000.0,-0.5963718926974675,0.4007490312965724,11,True,RGI60-11.02365,0.015,2462,2553,2510,23.3,97,230,8.09122,46.2607,-0.12186934340514737,0.9925461516413221
RGI60-11.02366,2000-01-01_2020-01-01,560000.0,-0.6396,0.2442,11,False,RGI60-11.02366,0.56,2594,3351,2991,27.2,351,854,8.09529,46.2544,0.9876883405951377,-0.1564344650402311
RGI60-11.02367,2000-01-01_2020-01-01,69000.0,-0.5056,0.655,11,False,RGI60-11.02367,0.069,2534,2892,2685,37.0,9,530,8.10995,46.2564,0.9876883405951378,0.15643446504023087
RGI60-11.02368,2000-01-01_2020-01-01,23000.0,-0.4857,0.7041,11,False,RGI60-11.02368,0.023,2527,2669,2582,27.1,44,247,9.98528,46.2569,0.7193398003386512,0.6946583704589973
RGI60-11.02369,2000-01-01_2020-01-01,125000.0,-1.0993,0.4303,11,False,RGI60-11.02369,0.125,2369,2618,2453,36.8,346,325,7.14461,46.2444,0.9702957262759965,-0.24192189559966787
RGI60-11.02370,2000-01-01_2020-01-01,1668000.0,-0.5505,0.1555,11,False,RGI60-11.02370,1.668,2735,3249,2942,18.6,306,1862,8.08461,46.25,0.5877852522924729,-0.8090169943749476
RGI60-11.02371,2000-01-01_2020-01-01,47000.0,0.1322,0.2833,11,False,RGI60-11.02371,0.047,2703,2775,2717,13.4,113,285,9.76114,46.2567,-0.3907311284892738,0.9205048534524403
RGI60-11.02372,2000-01-01_2020-01-01,61000.0,-0.267,0.4616,11,False,RGI60-11.02372,0.061,2758,2950,2842,26.6,122,434,9.7516,46.2557,-0.5299192642332048,0.8480480961564261
RGI60-11.02373,2000-01-01_2020-01-01,69000.0,-1.1565,0.5921,11,False,RGI60-11.02373,0.069,2763,3059,2869,34.0,271,396,9.96898,46.254,0.01745240643728313,-0.9998476951563913
RGI60-11.02374,2000-01-01_2020-01-01,12000.0,-0.5963718926974675,0.4007490312965724,11,True,RGI60-11.02374,0.012,2856,2982,2938,37.7,43,168,8.10725,46.2548,0.7313537016191705,0.6819983600624985
RGI60-11.02375,2000-01-01_2020-01-01,31000.0,-0.6418,0.5777,11,False,RGI60-11.02375,0.031,2864,2996,2903,25.3,128,266,9.97731,46.2532,-0.6156614753256583,0.788010753606722
RGI60-11.02376,2000-01-01_2020-01-01,214000.0,-0.9677,0.3467,11,False,RGI60-11.02376,0.214,2411,2799,2538,34.6,337,448,7.13708,46.2407,0.9205048534524403,-0.3907311284892739
RGI60-11.02377,2000-01-01_2020-01-01,109000.0,-0.4635,0.3032,11,False,RGI60-11.02377,0.109,2613,2830,2684,30.1,304,292,10.6804,46.2424,0.559192903470747,-0.8290375725550416
RGI60-11.02378,2000-01-01_2020-01-01,15000.0,-0.5963718926974675,0.4007490312965724,11,True,RGI60-11.02378,0.015,2565,2627,2592,19.7,105,190,10.6938,46.2448,-0.25881904510252085,0.9659258262890683
RGI60-11.02379,2000-01-01_2020-01-01,23000.0,-0.7259,0.7733,11,False,RGI60-11.02379,0.023,2700,2787,2741,32.2,82,160,9.99377,46.2504,0.13917310096006547,0.9902680687415704
RGI60-11.02380,2000-01-01_2020-01-01,16000.0,-0.0811,0.3487,11,False,RGI60-11.02380,0.016,2619,2682,2646,19.4,103,152,9.99682,46.2508,-0.22495105434386503,0.9743700647852352
RGI60-11.02381,2000-01-01_2020-01-01,13000.0,-0.5963718926974675,0.4007490312965724,11,True,RGI60-11.02381,0.013,2645,2757,2688,45.2,25,127,10.6939,46.2422,0.9063077870366499,0.42261826174069944
RGI60-11.02382,2000-01-01_2020-01-01,19000.0,-0.5971,0.7284,11,False,RGI60-11.02382,0.019,2466,2516,2486,13.8,103,168,7.14998,46.2391,-0.22495105434386503,0.9743700647852352
RGI60-11.02383,2000-01-01_2020-01-01,38000.0,-0.5022,0.4504,11,False,RGI60-11.02383,0.038,2551,2746,2619,31.5,338,269,10.676,46.2411,0.9271838545667873,-0.37460659341591235
RGI60-11.02384,2000-01-01_2020-01-01,31000.0,-0.6584,0.5287,11,False,RGI60-11.02384,0.031,2684,2806,2745,24.2,218,285,9.96541,46.2488,-0.788010753606722,-0.6156614753256582
RGI60-11.02385,2000-01-01_2020-01-01,2548000.0,-0.9238,0.1761,11,False,RGI60-11.02385,2.548,2806,3393,3213,18.5,163,1939,8.09834,46.2412,-0.9563047559630355,0.2923717047227366
RGI60-11.02386,2000-01-01_2020-01-01,78000.0,-1.0497,0.4931,11,False,RGI60-11.02386,0.078,2743,2866,2816,24.0,5,313,7.65106,46.2421,0.9961946980917455,0.08715574274765817
RGI60-11.02387,2000-01-01_2020-01-01,19000.0,-0.5963718926974675,0.4007490312965724,11,True,RGI60-11.02387,0.019,2475,2628,2544,43.3,101,146,8.11907,46.2452,-0.1908089953765448,0.981627183447664
RGI60-11.02388,2000-01-01_2020-01-01,1400000.0,-0.7934,0.1926,11,False,RGI60-11.02388,1.4,2467,3289,2784,25.2,349,1906,10.6618,46.2295,0.981627183447664,-0.19080899537654467
RGI60-11.02389,2000-01-01_2020-01-01,455000.0,-0.755,0.2322,11,False,RGI60-11.02389,0.455,2909,3351,3085,23.8,271,1034,8.07879,46.2407,0.01745240643728313,-0.9998476951563913
RGI60-11.02390,2000-01-01_2020-01-01,13000.0,-0.3919,0.4759,11,False,RGI60-11.02390,0.013,2496,2570,2524,24.1,117,152,7.13606,46.2318,-0.45399049973954675,0.8910065241883679
RGI60-11.02391,2000-01-01_2020-01-01,23000.0,-0.7525,0.693,11,False,RGI60-11.02391,0.023,2617,2716,2665,25.7,287,226,9.73572,46.2445,0.2923717047227367,-0.9563047559630354
RGI60-11.02392,2000-01-01_2020-01-01,14000.0,-0.5963718926974675,0.4007490312965724,11,True,RGI60-11.02392,0.014,3039,3098,3076,20.4,59,127,10.6796,46.2346,0.5150380749100542,0.8571673007021123
RGI60-11.02393,2000-01-01_2020-01-01,70000.0,-0.4377,0.3247,11,False,RGI60-11.02393,0.07,2879,3083,3019,31.1,294,369,10.6762,46.2332,0.40673664307579976,-0.9135454576426011
RGI60-11.02394,2000-01-01_2020-01-01,13000.0,-0.5963718926974675,0.4007490312965724,11,True,RGI60-11.02394,0.013,2322,2367,2339,12.4,12,168,10.6278,46.2344,0.9781476007338057,0.20791169081775934
RGI60-11.02395,2000-01-01_2020-01-01,15000.0,-0.5963718926974675,0.4007490312965724,11,True,RGI60-11.02395,0.015,2350,2428,2379,20.8,324,215,10.6298,46.2336,0.8090169943749473,-0.5877852522924734
RGI60-11.02396,2000-01-01_2020-01-01,31000.0,-0.8225,0.7043,11,False,RGI60-11.02396,0.031,2637,2755,2692,26.7,283,224,9.73403,46.2423,0.22495105434386492,-0.9743700647852352
RGI60-11.02397,2000-01-01_2020-01-01,21000.0,-0.2498,0.6469,11,False,RGI60-11.02397,0.021,2509,2572,2534,17.0,109,180,8.11964,46.2408,-0.32556815445715664,0.9455185755993168
RGI60-11.02398,2000-01-01_2020-01-01,47000.0,-0.5292,0.4193,11,False,RGI60-11.02398,0.047,2473,2605,2516,20.7,62,372,10.6203,46.2317,0.46947156278589086,0.8829475928589269
RGI60-11.02399,2000-01-01_2020-01-01,29000.0,-1.3455,0.8942,11,False,RGI60-11.02399,0.029,3045,3130,3101,18.5,124,224,10.68,46.2316,-0.5591929034707467,0.8290375725550417
RGI60-11.02400,2000-01-01_2020-01-01,1318000.0,-0.9494,0.1966,11,False,RGI60-11.02400,1.318,2604,3412,2974,21.1,345,2356,10.6457,46.2239,0.9659258262890683,-0.2588190451025207
RGI60-11.02401,2000-01-01_2020-01-01,34000.0,-0.2132,0.6714,11,False,RGI60-11.02401,0.034,2577,2730,2652,31.6,49,215,9.74454,46.2403,0.6560590289905073,0.754709580222772
RGI60-11.02402,2000-01-01_2020-01-01,177000.0,-0.8141,0.3197,11,False,RGI60-11.02402,0.177,2777,3042,2923,20.8,43,740,10.6868,46.2292,0.7313537016191705,0.6819983600624985
RGI60-11.02403,2000-01-01_2020-01-01,15000.0,-0.5963718926974675,0.4007490312965724,11,True,RGI60-11.02403,0.015,2490,2579,2536,25.6,335,180,10.6317,46.2309,0.90630778703665,-0.4226182617406992
RGI60-11.02404,2000-01-01_2020-01-01,41000.0,-0.6238,0.5472,11,False,RGI60-11.02404,0.041,2637,2804,2735,28.7,355,347,10.6535,46.2281,0.9961946980917455,-0.08715574274765832
RGI60-11.02405,2000-01-01_2020-01-01,70000.0,-0.4942,0.3466,11,False,RGI60-11.02405,0.07,2647,2892,2759,33.5,348,357,10.6108,46.2289,0.9781476007338056,-0.20791169081775987
RGI60-11.02406,2000-01-01_2020-01-01,232000.0,-0.2365,0.2258,11,False,RGI60-11.02406,0.232,2573,3018,2705,29.8,358,564,10.6244,46.2276,0.9993908270190958,-0.034899496702500823
RGI60-11.02407,2000-01-01_2020-01-01,24000.0,-0.5963718926974675,0.4007490312965724,11,True,RGI60-11.02407,0.024,2657,2774,2702,24.1,4,251,10.651,46.2284,0.9975640502598242,0.0697564737441253
RGI60-11.02408,2000-01-01_2020-01-01,36000.0,-0.2962,0.5413,11,False,RGI60-11.02408,0.036,2411,2529,2458,28.0,305,215,9.72836,46.2377,0.573576436351046,-0.8191520442889918
RGI60-11.02409,2000-01-01_2020-01-01,24000.0,-0.5963718926974675,0.4007490312965724,11,True,RGI60-11.02409,0.024,2824,2912,2862,28.7,119,195,9.73922,46.2375,-0.484809620246337,0.8746197071393959
RGI60-11.02410,2000-01-01_2020-01-01,94000.0,-0.2146,0.3168,11,False,RGI60-11.02410,0.094,2700,3023,2833,34.9,339,391,10.6074,46.2274,0.9335804264972015,-0.35836794954530077
RGI60-11.02411,2000-01-01_2020-01-01,18000.0,-0.7503,0.7974,11,False,RGI60-11.02411,0.018,2631,2769,2680,40.7,337,182,10.6313,46.2286,0.9205048534524403,-0.3907311284892739
RGI60-11.02412,2000-01-01_2020-01-01,189000.0,-0.6449,0.247,11,False,RGI60-11.02412,0.189,2865,3136,2995,23.4,23,676,10.6357,46.226,0.9205048534524404,0.39073112848927377
RGI60-11.02413,2000-01-01_2020-01-01,87000.0,-0.5981,0.4091,11,False,RGI60-11.02413,0.087,2696,3141,2843,37.9,31,532,10.6157,46.2273,0.8571673007021123,0.5150380749100542
RGI60-11.02414,2000-01-01_2020-01-01,19000.0,0.0798,0.5887,11,False,RGI60-11.02414,0.019,3079,3186,3138,33.4,276,158,8.08009,46.2357,0.10452846326765299,-0.9945218953682734
RGI60-11.02415,2000-01-01_2020-01-01,382000.0,-0.8497,0.2773,11,False,RGI60-11.02415,0.382,2571,2893,2729,23.8,344,612,10.5955,46.2233,0.9612616959383189,-0.27563735581699894
RGI60-11.02416,2000-01-01_2020-01-01,285000.0,-0.7454,0.2739,11,False,RGI60-11.02416,0.285,2692,2965,2836,18.1,359,799,10.5808,46.2232,0.9998476951563913,-0.01745240643728356
RGI60-11.02417,2000-01-01_2020-01-01,23000.0,-0.6287,0.5698,11,False,RGI60-11.02417,0.023,2915,3047,2995,34.2,139,237,10.6706,46.2246,-0.754709580222772,0.6560590289905073
RGI60-11.02418,2000-01-01_2020-01-01,24000.0,-0.4101,0.568,11,False,RGI60-11.02418,0.024,2731,2784,2750,19.3,187,125,8.09738,46.2329,-0.9925461516413221,-0.12186934340514731
RGI60-11.02419,2000-01-01_2020-01-01,665000.0,-1.3137,0.2784,11,False,RGI60-11.02419,0.665,2610,3158,2763,17.6,80,1758,10.6784,46.2204,0.17364817766693041,0.984807753012208
RGI60-11.02420,2000-01-01_2020-01-01,57000.0,-1.1621,0.631,11,False,RGI60-11.02420,0.057,2869,3068,2961,30.0,50,364,10.574,46.2225,0.6427876096865394,0.766044443118978
RGI60-11.02421,2000-01-01_2020-01-01,1374000.0,-0.9496,0.2112,11,False,RGI60-11.02421,1.374,2805,3464,3186,18.1,139,2299,10.6594,46.2137,-0.754709580222772,0.6560590289905073
RGI60-11.02422,2000-01-01_2020-01-01,40000.0,-0.5017,0.4444,11,False,RGI60-11.02422,0.04,3176,3331,3222,28.8,195,276,10.6663,46.2155,-0.9659258262890683,-0.2588190451025208
RGI60-11.02423,2000-01-01_2020-01-01,53000.0,-1.3131,1.0322,11,False,RGI60-11.02423,0.053,3062,3249,3133,21.1,127,516,10.674,46.2132,-0.6018150231520484,0.7986355100472927
RGI60-11.02424,2000-01-01_2020-01-01,20000.0,-0.6951,0.6942,11,False,RGI60-11.02424,0.02,2910,3029,2972,25.8,107,251,10.6805,46.2144,-0.29237170472273666,0.9563047559630355
RGI60-11.02425,2000-01-01_2020-01-01,59000.0,-0.4029,0.3683,11,False,RGI60-11.02425,0.059,2880,3018,2939,28.0,48,325,10.6838,46.2124,0.6691306063588582,0.7431448254773942
RGI60-11.02426,2000-01-01_2020-01-01,422000.0,-0.9503,0.3126,11,False,RGI60-11.02426,0.422,2225,2819,2392,27.7,22,1684,7.08405,46.204,0.9271838545667874,0.374606593415912
RGI60-11.02427,2000-01-01_2020-01-01,3182000.0,-1.0564,0.1844,11,False,RGI60-11.02427,3.182,2526,3244,2994,18.6,356,2507,10.5295,46.1934,0.9975640502598242,-0.06975647374412564
RGI60-11.02428,2000-01-01_2020-01-01,12000.0,-0.3444,0.5678,11,False,RGI60-11.02428,0.012,3014,3095,3063,26.2,94,141,10.6608,46.2056,-0.06975647374412533,0.9975640502598242
RGI60-11.02429,2000-01-01_2020-01-01,172000.0,-0.3175,0.2063,11,False,RGI60-11.02429,0.172,2865,3048,2968,21.9,303,439,10.5374,46.1979,0.5446390350150266,-0.8386705679454243
RGI60-11.02430,2000-01-01_2020-01-01,84000.0,-0.5332,0.3309,11,False,RGI60-11.02430,0.084,2915,3135,3056,26.7,350,405,10.5102,46.1986,0.984807753012208,-0.1736481776669304
RGI60-11.02431,2000-01-01_2020-01-01,67000.0,-0.0272,0.4255,11,False,RGI60-11.02431,0.067,2834,3019,2933,31.5,19,292,7.99722,46.2026,0.9455185755993168,0.3255681544571567
RGI60-11.02432,2000-01-01_2020-01-01,711000.0,-0.7065,0.1942,11,False,RGI60-11.02432,0.711,2738,3341,3038,20.2,329,1846,7.98542,46.1918,0.8571673007021121,-0.5150380749100545
RGI60-11.02433,2000-01-01_2020-01-01,14000.0,-0.5963718926974675,0.4007490312965724,11,True,RGI60-11.02433,0.014,2510,2656,2596,44.2,285,125,10.8983,46.1859,0.2588190451025203,-0.9659258262890684
RGI60-11.02434,2000-01-01_2020-01-01,24000.0,0.3542,0.7868,11,False,RGI60-11.02434,0.024,2572,2818,2696,46.5,11,202,10.8942,46.1843,0.981627183447664,0.1908089953765448
RGI60-11.02435,2000-01-01_2020-01-01,287000.0,-0.9658,0.3626,11,False,RGI60-11.02435,0.287,2678,3030,2796,30.0,75,507,7.99825,46.1918,0.25881904510252074,0.9659258262890683
RGI60-11.02436,2000-01-01_2020-01-01,14000.0,-0.5963718926974675,0.4007490312965724,11,True,RGI60-11.02436,0.014,2902,2966,2941,20.0,325,146,10.8892,46.1825,0.8191520442889916,-0.5735764363510465
RGI60-11.02437,2000-01-01_2020-01-01,10097000.0,-1.446,0.1699,11,False,RGI60-11.02437,10.097,2545,3386,3004,11.4,21,5285,10.5408,46.1648,0.9335804264972017,0.35836794954530027
RGI60-11.02438,2000-01-01_2020-01-01,30000.0,0.6541,0.7403,11,False,RGI60-11.02438,0.03,2987,3087,3047,29.2,357,168,10.8974,46.1809,0.9986295347545738,-0.05233595624294437
RGI60-11.02439,2000-01-01_2020-01-01,92000.0,-0.8251,0.4166,11,False,RGI60-11.02439,0.092,2183,2409,2284,29.7,28,404,6.95427,46.1771,0.882947592858927,0.4694715627858908
RGI60-11.02440,2000-01-01_2020-01-01,609000.0,-0.6361,0.2074,11,False,RGI60-11.02440,0.609,3040,3560,3269,17.1,299,1397,7.98862,46.184,0.4848096202463373,-0.8746197071393956
RGI60-11.02441,2000-01-01_2020-01-01,12000.0,-0.7958,0.9893,11,False,RGI60-11.02441,0.012,2395,2458,2424,38.9,3,112,6.93896,46.1759,0.9986295347545738,0.052335956242943835
RGI60-11.02442,2000-01-01_2020-01-01,1415000.0,-0.3912,0.1767,11,False,RGI60-11.02442,1.415,2321,3927,3077,30.2,24,2497,8.00673,46.1788,0.9135454576426009,0.4067366430758002
RGI60-11.02443,2000-01-01_2020-01-01,713000.0,-1.7061,0.3374,11,False,RGI60-11.02443,0.713,2933,3179,3049,10.6,143,1435,10.5268,46.1781,-0.7986355100472929,0.6018150231520482
RGI60-11.02444,2000-01-01_2020-01-01,29000.0,-0.2773,0.7138,11,False,RGI60-11.02444,0.029,2157,2296,2225,30.9,37,293,8.01889,46.188,0.7986355100472928,0.6018150231520483
RGI60-11.02445,2000-01-01_2020-01-01,24000.0,-0.2446,0.6137,11,False,RGI60-11.02445,0.024,2875,2991,2954,26.8,332,180,6.94111,46.1725,0.882947592858927,-0.4694715627858908
RGI60-11.02446,2000-01-01_2020-01-01,57000.0,-0.7051,0.4498,11,False,RGI60-11.02446,0.057,2884,3069,2986,26.7,337,375,7.72897,46.183,0.9205048534524403,-0.3907311284892739
RGI60-11.02447,2000-01-01_2020-01-01,23000.0,-0.2368,0.4127,11,False,RGI60-11.02447,0.023,3076,3138,3114,20.6,287,182,7.98275,46.1856,0.2923717047227367,-0.9563047559630354
RGI60-11.02448,2000-01-01_2020-01-01,661000.0,-0.9903,0.2304,11,False,RGI60-11.02448,0.661,2709,2999,2889,19.6,154,767,6.93715,46.1666,-0.898794046299167,0.4383711467890773
RGI60-11.02449,2000-01-01_2020-01-01,44000.0,-0.3586,0.4598,11,False,RGI60-11.02449,0.044,3287,3552,3407,28.4,34,510,7.99668,46.1819,0.8290375725550417,0.5591929034707469
RGI60-11.02450,2000-01-01_2020-01-01,540000.0,-0.8485,0.2606,11,False,RGI60-11.02450,0.54,2829,3240,3002,23.2,11,920,7.74483,46.1769,0.981627183447664,0.1908089953765448
RGI60-11.02451,2000-01-01_2020-01-01,12000.0,-0.3263,0.4978,11,False,RGI60-11.02451,0.012,2798,2836,2820,23.0,89,112,6.94702,46.1681,0.0174524064372836,0.9998476951563913
RGI60-11.02452,2000-01-01_2020-01-01,26000.0,-0.5963718926974675,0.4007490312965724,11,True,RGI60-11.02452,0.026,2312,2480,2355,31.0,319,160,6.91918,46.1673,0.7547095802227719,-0.6560590289905074
RGI60-11.02453,2000-01-01_2020-01-01,37000.0,-0.0942,0.5064,11,False,RGI60-11.02453,0.037,2611,2821,2732,36.5,310,301,10.8973,46.1693,0.6427876096865393,-0.7660444431189781
RGI60-11.02454,2000-01-01_2020-01-01,110000.0,-0.7919,0.4145,11,False,RGI60-11.02454,0.11,2679,3086,2864,38.3,339,541,10.4323,46.1729,0.9335804264972015,-0.35836794954530077
RGI60-11.02455,2000-01-01_2020-01-01,16000.0,-0.5963718926974675,0.4007490312965724,11,True,RGI60-11.02455,0.016,3094,3185,3129,37.1,289,135,10.4389,46.1736,0.3255681544571563,-0.945518575599317
RGI60-11.02456,2000-01-01_2020-01-01,14000.0,-0.5963718926974675,0.4007490312965724,11,True,RGI60-11.02456,0.014,2914,3053,2988,42.2,290,160,10.4364,46.1734,0.342020143325669,-0.9396926207859083
RGI60-11.02457,2000-01-01_2020-01-01,156000.0,-0.5176,0.2539,11,False,RGI60-11.02457,0.156,2937,3177,3071,21.7,278,626,7.98518,46.1767,0.13917310096006547,-0.9902680687415704
RGI60-11.02458,2000-01-01_2020-01-01,289000.0,-0.6632,0.3001,11,False,RGI60-11.02458,0.289,2739,3095,2861,27.5,49,815,8.02319,46.1742,0.6560590289905073,0.754709580222772
RGI60-11.02459,2000-01-01_2020-01-01,102000.0,-1.2148,0.5206,11,False,RGI60-11.02459,0.102,3090,3287,3151,20.5,329,540,7.73578,46.173,0.8571673007021121,-0.5150380749100545
RGI60-11.02460,2000-01-01_2020-01-01,6752000.0,-1.208,0.1695,11,False,RGI60-11.02460,6.752,2635,3376,2970,13.2,23,3505,10.5757,46.1541,0.9205048534524404,0.39073112848927377
RGI60-11.02461,2000-01-01_2020-01-01,12000.0,-0.295,0.3504,11,False,RGI60-11.02461,0.012,3219,3243,3235,11.5,282,-9,7.74529,46.1727,0.20791169081775943,-0.9781476007338056
RGI60-11.02462,2000-01-01_2020-01-01,24000.0,0.6773,0.8065,11,False,RGI60-11.02462,0.024,2290,2396,2313,30.4,38,158,10.8744,46.164,0.7880107536067219,0.6156614753256583
RGI60-11.02463,2000-01-01_2020-01-01,256000.0,-0.5004,0.2473,11,False,RGI60-11.02463,0.256,3048,3586,3289,28.4,277,1067,7.98871,46.1725,0.12186934340514768,-0.992546151641322
RGI60-11.02464,2000-01-01_2020-01-01,1136000.0,-0.3862,0.1636,11,False,RGI60-11.02464,1.136,2847,3937,3301,24.0,288,2678,7.99475,46.1684,0.30901699437494723,-0.9510565162951536
RGI60-11.02465,2000-01-01_2020-01-01,405000.0,-0.386,0.1852,11,False,RGI60-11.02465,0.405,2756,3207,2995,29.0,294,822,10.5089,46.1641,0.40673664307579976,-0.9135454576426011
RGI60-11.02466,2000-01-01_2020-01-01,19000.0,-0.8642,1.1184,11,False,RGI60-11.02466,0.019,3218,3520,3299,48.7,13,236,8.00577,46.1732,0.9743700647852352,0.224951054343865
RGI60-11.02467,2000-01-01_2020-01-01,60000.0,0.0137,0.4003,11,False,RGI60-11.02467,0.06,2889,3042,2960,22.6,350,329,8.02688,46.1712,0.984807753012208,-0.1736481776669304
RGI60-11.02468,2000-01-01_2020-01-01,21000.0,-0.5963718926974675,0.4007490312965724,11,True,RGI60-11.02468,0.021,3021,3154,3090,41.6,305,150,10.4267,46.1672,0.573576436351046,-0.8191520442889918
RGI60-11.02469,2000-01-01_2020-01-01,39000.0,-0.1015,0.4241,11,False,RGI60-11.02469,0.039,2953,3140,3091,30.4,358,269,10.4244,46.1663,0.9993908270190958,-0.034899496702500823
RGI60-11.02470,2000-01-01_2020-01-01,22000.0,-0.5963718926974675,0.4007490312965724,11,True,RGI60-11.02470,0.022,2966,3093,3047,35.8,345,230,10.4184,46.1664,0.9659258262890683,-0.2588190451025207
RGI60-11.02471,2000-01-01_2020-01-01,78000.0,-0.9678,0.521,11,False,RGI60-11.02471,0.078,2971,3126,3030,20.2,77,320,7.7446,46.1669,0.22495105434386492,0.9743700647852352
RGI60-11.02472,2000-01-01_2020-01-01,489000.0,-1.2233,0.2934,11,False,RGI60-11.02472,0.489,2676,3153,2773,25.9,350,918,10.4988,46.1619,0.984807753012208,-0.1736481776669304
RGI60-11.02473,2000-01-01_2020-01-01,14000.0,-0.5963718926974675,0.4007490312965724,11,True,RGI60-11.02473,0.014,3092,3171,3148,34.1,336,125,10.4207,46.1657,0.913545457642601,-0.40673664307580015
RGI60-11.02474,2000-01-01_2020-01-01,676000.0,-0.5221,0.188,11,False,RGI60-11.02474,0.676,3174,3892,3671,23.7,227,2013,8.00118,46.1624,-0.6819983600624986,-0.7313537016191705
RGI60-11.02475,2000-01-01_2020-01-01,185000.0,-0.9594,0.3761,11,False,RGI60-11.02475,0.185,2906,3488,3186,34.0,351,908,7.73259,46.1618,0.9876883405951377,-0.1564344650402311
RGI60-11.02476,2000-01-01_2020-01-01,19000.0,-0.5963718926974675,0.4007490312965724,11,True,RGI60-11.02476,0.019,3080,3137,3126,19.9,256,152,10.87,46.1555,-0.24192189559966779,-0.9702957262759965
RGI60-11.02477,2000-01-01_2020-01-01,6045000.0,-0.8951,0.1453,11,False,RGI60-11.02477,6.045,2818,3448,3144,10.7,147,3891,10.5179,46.1474,-0.8386705679454239,0.5446390350150273
RGI60-11.02478,2000-01-01_2020-01-01,177000.0,-0.7632,0.3915,11,False,RGI60-11.02478,0.177,2859,3174,3005,28.0,107,532,8.02175,46.164,-0.29237170472273666,0.9563047559630355
RGI60-11.02479,2000-01-01_2020-01-01,14000.0,-0.724,0.7412,11,False,RGI60-11.02479,0.014,3328,3378,3363,19.5,80,160,10.5175,46.1604,0.17364817766693041,0.984807753012208
RGI60-11.02480,2000-01-01_2020-01-01,46000.0,-0.449,0.3869,11,False,RGI60-11.02480,0.046,2942,3080,2985,26.2,301,215,10.4916,46.1592,0.5150380749100542,-0.8571673007021123
RGI60-11.02481,2000-01-01_2020-01-01,71000.0,-0.485,0.3484,11,False,RGI60-11.02481,0.071,2651,2859,2745,30.8,298,433,10.8647,46.1538,0.4694715627858904,-0.8829475928589271
RGI60-11.02482,2000-01-01_2020-01-01,92000.0,-0.517,0.3227,11,False,RGI60-11.02482,0.092,3458,3722,3566,32.7,251,352,7.99399,46.1632,-0.32556815445715664,-0.9455185755993168
RGI60-11.02483,2000-01-01_2020-01-01,741000.0,-0.7364,0.1961,11,False,RGI60-11.02483,0.741,2760,3411,3108,23.6,40,1686,7.74209,46.1561,0.766044443118978,0.6427876096865393
RGI60-11.02484,2000-01-01_2020-01-01,491000.0,-0.5623,0.2,11,False,RGI60-11.02484,0.491,2709,3125,2860,26.9,307,771,10.4849,46.1549,0.6018150231520479,-0.798635510047293
RGI60-11.02485,2000-01-01_2020-01-01,45000.0,-1.0144,0.6276,11,False,RGI60-11.02485,0.045,2778,2945,2860,30.9,200,359,10.8713,46.1513,-0.9396926207859084,-0.34202014332566866
RGI60-11.02486,2000-01-01_2020-01-01,549000.0,-0.7744,0.224,11,False,RGI60-11.02486,0.549,2670,3194,2889,27.9,34,926,10.5984,46.1518,0.8290375725550417,0.5591929034707469
RGI60-11.02487,2000-01-01_2020-01-01,15000.0,-0.5963718926974675,0.4007490312965724,11,True,RGI60-11.02487,0.015,3400,3414,3409,11.2,179,79,7.98246,46.1627,-0.9998476951563913,0.01745240643728344
RGI60-11.02488,2000-01-01_2020-01-01,578000.0,-0.5121,0.2663,11,False,RGI60-11.02488,0.578,2571,3687,3073,30.4,113,1890,8.01608,46.1582,-0.3907311284892738,0.9205048534524403
RGI60-11.02489,2000-01-01_2020-01-01,165000.0,-1.2146,0.3902,11,False,RGI60-11.02489,0.165,2608,2863,2712,26.3,303,589,10.8611,46.1505,0.5446390350150266,-0.8386705679454243
RGI60-11.02490,2000-01-01_2020-01-01,5235000.0,-0.4479,0.1306,11,False,RGI60-11.02490,5.235,2255,4116,3376,18.6,339,5885,7.69595,46.1296,0.9335804264972015,-0.35836794954530077
RGI60-11.02491,2000-01-01_2020-01-01,13000.0,-0.5963718926974675,0.4007490312965724,11,True,RGI60-11.02491,0.013,3452,3501,3483,26.0,330,75,10.4969,46.1556,0.8660254037844384,-0.5000000000000004
RGI60-11.02492,2000-01-01_2020-01-01,22000.0,0.0889,0.2463,11,False,RGI60-11.02492,0.022,3455,3536,3493,19.4,286,215,7.73144,46.1573,0.2756373558169994,-0.9612616959383188
RGI60-11.02493,2000-01-01_2020-01-01,23000.0,-1.0093,0.9559,11,False,RGI60-11.02493,0.023,3502,3653,3600,45.8,85,168,8.0064,46.1595,0.08715574274765814,0.9961946980917455
RGI60-11.02494,2000-01-01_2020-01-01,25000.0,-0.2629,0.422,11,False,RGI60-11.02494,0.025,3127,3189,3151,23.3,347,230,7.72175,46.1562,0.9743700647852351,-0.22495105434386534
RGI60-11.02495,2000-01-01_2020-01-01,7616000.0,-0.4451,0.1234,11,False,RGI60-11.02495,7.616,2090,4227,3469,18.9,336,6089,7.85978,46.1289,0.913545457642601,-0.40673664307580015
RGI60-11.02496,2000-01-01_2020-01-01,1743000.0,-0.3719,0.1519,11,False,RGI60-11.02496,1.743,2606,3741,3320,26.6,11,2440,7.87807,46.1468,0.981627183447664,0.1908089953765448
RGI60-11.02497,2000-01-01_2020-01-01,77000.0,-0.9012,0.5815,11,False,RGI60-11.02497,0.077,1921,2379,2155,56.9,34,329,6.92265,46.1426,0.8290375725550417,0.5591929034707469
RGI60-11.02498,2000-01-01_2020-01-01,31000.0,-0.1367,0.2726,11,False,RGI60-11.02498,0.031,3407,3499,3444,28.0,233,146,7.73156,46.1543,-0.6018150231520483,-0.7986355100472928
RGI60-11.02499,2000-01-01_2020-01-01,263000.0,-0.7243,0.2842,11,False,RGI60-11.02499,0.263,2762,3599,2898,33.4,340,665,7.8878,46.1535,0.9396926207859084,-0.3420201433256686
RGI60-11.02500,2000-01-01_2020-01-01,36000.0,-0.6296,0.4849,11,False,RGI60-11.02500,0.036,3134,3258,3182,32.9,37,202,7.66728,46.1527,0.7986355100472928,0.6018150231520483
RGI60-11.02501,2000-01-01_2020-01-01,18000.0,-0.5963718926974675,0.4007490312965724,11,True,RGI60-11.02501,0.018,2734,2897,2798,35.4,339,141,10.4772,46.1514,0.9335804264972015,-0.35836794954530077
RGI60-11.02502,2000-01-01_2020-01-01,12000.0,-0.5963718926974675,0.4007490312965724,11,True,RGI60-11.02502,0.012,3330,3482,3400,42.7,186,146,7.99558,46.1547,-0.9945218953682733,-0.1045284632676535
RGI60-11.02503,2000-01-01_2020-01-01,23000.0,-0.4089,0.4432,11,False,RGI60-11.02503,0.023,2842,3056,2942,43.9,201,215,10.487,46.149,-0.9335804264972017,-0.35836794954530043
RGI60-11.02504,2000-01-01_2020-01-01,388000.0,-0.6367,0.2564,11,False,RGI60-11.02504,0.388,2898,3539,3144,28.0,52,1095,7.67377,46.148,0.6156614753256583,0.788010753606722
RGI60-11.02505,2000-01-01_2020-01-01,14000.0,-0.5963718926974675,0.4007490312965724,11,True,RGI60-11.02505,0.014,3147,3254,3202,33.1,120,141,10.5937,46.1476,-0.4999999999999998,0.8660254037844387
RGI60-11.02506,2000-01-01_2020-01-01,26000.0,-1.0803,0.9284,11,False,RGI60-11.02506,0.026,2600,2702,2659,22.8,356,255,10.8551,46.1429,0.9975640502598242,-0.06975647374412564
RGI60-11.02507,2000-01-01_2020-01-01,5749000.0,-0.6023,0.1345,11,False,RGI60-11.02507,5.749,2576,4063,3161,15.6,336,4614,7.72056,46.1344,0.913545457642601,-0.40673664307580015
RGI60-11.02508,2000-01-01_2020-01-01,35000.0,-0.7878,0.5799,11,False,RGI60-11.02508,0.035,3182,3252,3212,22.1,139,125,10.5913,46.1458,-0.754709580222772,0.6560590289905073
RGI60-11.02509,2000-01-01_2020-01-01,72000.0,-0.518,0.3522,11,False,RGI60-11.02509,0.072,3120,3277,3195,20.9,226,416,7.99384,46.1512,-0.6946583704589973,-0.7193398003386512
RGI60-11.02510,2000-01-01_2020-01-01,33000.0,-0.7624,0.7233,11,False,RGI60-11.02510,0.033,1920,2368,2202,59.4,68,304,6.92976,46.1375,0.37460659341591196,0.9271838545667874
RGI60-11.02511,2000-01-01_2020-01-01,86000.0,-0.7563,0.376,11,False,RGI60-11.02511,0.086,3169,3346,3282,29.8,120,309,10.549,46.1447,-0.4999999999999998,0.8660254037844387
RGI60-11.02512,2000-01-01_2020-01-01,675000.0,-0.4847,0.2793,11,False,RGI60-11.02512,0.675,2754,3273,3019,29.2,63,1030,8.01509,46.1453,0.4539904997395468,0.8910065241883678
RGI60-11.02513,2000-01-01_2020-01-01,126000.0,-0.3923,0.3012,11,False,RGI60-11.02513,0.126,3174,3523,3342,35.5,347,576,7.88679,46.148,0.9743700647852351,-0.22495105434386534
RGI60-11.02514,2000-01-01_2020-01-01,30000.0,-0.3115,0.4348,11,False,RGI60-11.02514,0.03,2850,3025,2970,39.1,268,224,10.4889,46.1457,-0.03489949670250076,-0.9993908270190958
RGI60-11.02515,2000-01-01_2020-01-01,4728000.0,-1.1623,0.178,11,False,RGI60-11.02515,4.728,2615,3356,3049,16.3,62,3062,10.5993,46.128,0.46947156278589086,0.8829475928589269
RGI60-11.02516,2000-01-01_2020-01-01,221000.0,-1.106,0.4009,11,False,RGI60-11.02516,0.221,2463,2786,2601,27.4,288,799,6.91175,46.1342,0.30901699437494723,-0.9510565162951536
RGI60-11.02517,2000-01-01_2020-01-01,89000.0,-0.3875,0.2965,11,False,RGI60-11.02517,0.089,2958,3083,3037,23.1,293,255,6.9204,46.1338,0.3907311284892735,-0.9205048534524405
RGI60-11.02518,2000-01-01_2020-01-01,164000.0,-1.0176,0.3439,11,False,RGI60-11.02518,0.164,3164,3374,3254,21.4,115,542,7.73676,46.1449,-0.42261826174069933,0.90630778703665
RGI60-11.02519,2000-01-01_2020-01-01,224000.0,-0.9084,0.3285,11,False,RGI60-11.02519,0.224,2396,2852,2616,39.2,73,581,6.92822,46.1318,0.29237170472273677,0.9563047559630354
RGI60-11.02520,2000-01-01_2020-01-01,113000.0,-0.5293,0.2871,11,False,RGI60-11.02520,0.113,2975,3256,3098,22.6,305,662,7.7271,46.1453,0.573576436351046,-0.8191520442889918
RGI60-11.02521,2000-01-01_2020-01-01,17000.0,-0.5963718926974675,0.4007490312965724,11,True,RGI60-11.02521,0.017,2940,3004,2969,20.4,357,152,7.85955,46.1476,0.9986295347545738,-0.05233595624294437
RGI60-11.02522,2000-01-01_2020-01-01,12000.0,-0.5963718926974675,0.4007490312965724,11,True,RGI60-11.02522,0.012,2726,2787,2769,21.8,335,103,7.69252,46.1444,0.90630778703665,-0.4226182617406992
RGI60-11.02523,2000-01-01_2020-01-01,85000.0,-0.4834,0.3048,11,False,RGI60-11.02523,0.085,3068,3251,3181,21.9,102,361,10.5491,46.1403,-0.20791169081775934,0.9781476007338057
RGI60-11.02524,2000-01-01_2020-01-01,20000.0,-0.5963718926974675,0.4007490312965724,11,True,RGI60-11.02524,0.02,2880,2995,2939,26.2,121,236,10.5541,46.1409,-0.5150380749100543,0.8571673007021123
RGI60-11.02525,2000-01-01_2020-01-01,1054000.0,-0.843,0.2019,11,False,RGI60-11.02525,1.054,2246,3002,2729,25.8,315,1827,6.90719,46.1289,0.7071067811865474,-0.7071067811865477
RGI60-11.02526,2000-01-01_2020-01-01,410000.0,-0.5302,0.1956,11,False,RGI60-11.02526,0.41,3101,3463,3280,23.0,274,916,8.00078,46.1439,0.06975647374412522,-0.9975640502598243
RGI60-11.02527,2000-01-01_2020-01-01,63000.0,-0.4438,0.3932,11,False,RGI60-11.02527,0.063,2087,2308,2186,40.7,351,316,6.88992,46.1306,0.9876883405951377,-0.1564344650402311
RGI60-11.02528,2000-01-01_2020-01-01,22000.0,-0.2011,0.3551,11,False,RGI60-11.02528,0.022,3485,3557,3527,20.4,71,195,7.88656,46.1441,0.32556815445715676,0.9455185755993167
RGI60-11.02529,2000-01-01_2020-01-01,1870000.0,-0.5721,0.1733,11,False,RGI60-11.02529,1.87,2489,3421,2866,22.2,23,2848,8.02932,46.1324,0.9205048534524404,0.39073112848927377
RGI60-11.02530,2000-01-01_2020-01-01,41000.0,-0.7638,0.6496,11,False,RGI60-11.02530,0.041,1787,2120,1974,58.2,44,195,6.93806,46.1301,0.7193398003386512,0.6946583704589973
RGI60-11.02531,2000-01-01_2020-01-01,45000.0,-0.3182,0.4266,11,False,RGI60-11.02531,0.045,2138,2391,2261,34.5,340,413,6.88293,46.1281,0.9396926207859084,-0.3420201433256686
RGI60-11.02532,2000-01-01_2020-01-01,23000.0,-0.8221,0.6341,11,False,RGI60-11.02532,0.023,2814,2971,2870,45.8,217,135,10.5457,46.1373,-0.7986355100472928,-0.6018150231520484
RGI60-11.02533,2000-01-01_2020-01-01,61000.0,-1.1916,0.618,11,False,RGI60-11.02533,0.061,3281,3481,3415,30.2,93,354,7.67297,46.1394,-0.05233595624294384,0.9986295347545738
RGI60-11.02534,2000-01-01_2020-01-01,1168000.0,-0.5441,0.1667,11,False,RGI60-11.02534,1.168,2895,3767,3269,25.5,25,1725,7.74509,46.1341,0.9063077870366499,0.42261826174069944
RGI60-11.02535,2000-01-01_2020-01-01,42000.0,-0.275,0.4057,11,False,RGI60-11.02535,0.042,3576,3749,3679,25.8,323,414,7.87458,46.1406,0.7986355100472928,-0.6018150231520483
RGI60-11.02536,2000-01-01_2020-01-01,905000.0,-1.0858,0.2541,11,False,RGI60-11.02536,0.905,2456,2934,2635,21.9,156,1302,6.90715,46.1206,-0.9135454576426008,0.40673664307580043
RGI60-11.02537,2000-01-01_2020-01-01,11000.0,-0.5963718926974675,0.4007490312965724,11,True,RGI60-11.02537,0.011,2075,2219,2158,53.1,31,79,6.94121,46.1272,0.8571673007021123,0.5150380749100542
RGI60-11.02538,2000-01-01_2020-01-01,242000.0,-0.1992,0.1988,11,False,RGI60-11.02538,0.242,3170,3491,3394,31.4,15,589,7.70159,46.1351,0.9659258262890683,0.25881904510252074
RGI60-11.02539,2000-01-01_2020-01-01,18000.0,-0.8705,0.9907,11,False,RGI60-11.02539,0.018,2959,3136,3062,48.3,105,112,7.89211,46.1389,-0.25881904510252085,0.9659258262890683
RGI60-11.02540,2000-01-01_2020-01-01,1787000.0,-0.3612,0.1525,11,False,RGI60-11.02540,1.787,2792,3976,3294,26.1,296,2622,7.99876,46.1329,0.4383711467890774,-0.898794046299167
RGI60-11.02541,2000-01-01_2020-01-01,23000.0,-0.8072,0.6336,11,False,RGI60-11.02541,0.023,2752,2837,2791,28.2,301,160,6.89509,46.1248,0.5150380749100542,-0.8571673007021123
RGI60-11.02542,2000-01-01_2020-01-01,37000.0,-0.5751,0.4206,11,False,RGI60-11.02542,0.037,2912,2984,2952,15.8,211,266,6.92793,46.1239,-0.8571673007021123,-0.5150380749100542
RGI60-11.02543,2000-01-01_2020-01-01,62000.0,-0.7166,0.645,11,False,RGI60-11.02543,0.062,3180,3554,3360,40.9,42,474,8.01667,46.1375,0.7431448254773942,0.6691306063588582
RGI60-11.02544,2000-01-01_2020-01-01,1303000.0,-0.4093,0.1616,11,False,RGI60-11.02544,1.303,2671,3580,3199,25.4,48,2112,7.88887,46.1296,0.6691306063588582,0.7431448254773942
RGI60-11.02545,2000-01-01_2020-01-01,66000.0,-0.5117,0.3372,11,False,RGI60-11.02545,0.066,2893,3091,2996,27.8,258,395,10.5845,46.1301,-0.2079116908177598,-0.9781476007338056
RGI60-11.02546,2000-01-01_2020-01-01,30000.0,-0.9612,0.7357,11,False,RGI60-11.02546,0.03,2783,2901,2850,22.7,209,266,6.93308,46.1223,-0.8746197071393959,-0.48480962024633695
RGI60-11.02547,2000-01-01_2020-01-01,46000.0,-0.8936,0.8027,11,False,RGI60-11.02547,0.046,3007,3191,3065,39.7,57,190,7.75662,46.1306,0.5446390350150271,0.838670567945424
RGI60-11.02548,2000-01-01_2020-01-01,41000.0,-0.4253,0.3405,11,False,RGI60-11.02548,0.041,2653,2738,2693,18.6,226,320,6.92904,46.1197,-0.6946583704589973,-0.7193398003386512
RGI60-11.02549,2000-01-01_2020-01-01,315000.0,-0.2644,0.1769,11,False,RGI60-11.02549,0.315,3194,3590,3374,17.7,328,1156,7.68621,46.1256,0.8480480961564258,-0.529919264233205
RGI60-11.02550,2000-01-01_2020-01-01,89000.0,-0.4661,0.308,11,False,RGI60-11.02550,0.089,2907,3129,3002,31.3,281,358,10.5846,46.1246,0.1908089953765451,-0.9816271834476639
RGI60-11.02551,2000-01-01_2020-01-01,156000.0,-0.4703,0.3517,11,False,RGI60-11.02551,0.156,3479,3977,3757,39.6,60,613,8.01415,46.1298,0.5000000000000001,0.8660254037844386
RGI60-11.02552,2000-01-01_2020-01-01,458000.0,0.0214,0.2294,11,False,RGI60-11.02552,0.458,2808,3302,3075,25.8,19,942,8.04234,46.1279,0.9455185755993168,0.3255681544571567
RGI60-11.02553,2000-01-01_2020-01-01,175000.0,-0.9472,0.4044,11,False,RGI60-11.02553,0.175,2644,2892,2719,17.7,14,751,8.05851,46.1276,0.9702957262759965,0.24192189559966773
RGI60-11.02554,2000-01-01_2020-01-01,129000.0,-0.6451,0.2982,11,False,RGI60-11.02554,0.129,3009,3166,3105,18.5,275,529,7.98815,46.1276,0.08715574274765789,-0.9961946980917455
RGI60-11.02555,2000-01-01_2020-01-01,84000.0,-0.842,0.4885,11,False,RGI60-11.02555,0.084,3009,3229,3066,33.3,118,293,7.7528,46.124,-0.4694715627858909,0.8829475928589269
RGI60-11.02556,2000-01-01_2020-01-01,42000.0,-0.4432,0.4362,11,False,RGI60-11.02556,0.042,2897,3009,2942,34.4,236,135,10.5857,46.1204,-0.5591929034707466,-0.8290375725550418
RGI60-11.02557,2000-01-01_2020-01-01,260000.0,-0.2213,0.237,11,False,RGI60-11.02557,0.26,3176,3778,3520,34.4,290,886,7.99681,46.1255,0.342020143325669,-0.9396926207859083
RGI60-11.02558,2000-01-01_2020-01-01,4012000.0,-0.3769,0.138,11,False,RGI60-11.02558,4.012,2251,4419,3464,25.6,99,3672,7.73103,46.1101,-0.1564344650402308,0.9876883405951378
RGI60-11.02559,2000-01-01_2020-01-01,145000.0,0.0957,0.3026,11,False,RGI60-11.02559,0.145,3275,3622,3415,39.0,194,481,8.00878,46.123,-0.9702957262759965,-0.2419218955996675
RGI60-11.02560,2000-01-01_2020-01-01,72000.0,-0.6585,0.5452,11,False,RGI60-11.02560,0.072,3516,3756,3626,32.1,149,407,8.01874,46.1227,-0.8571673007021122,0.5150380749100544
RGI60-11.02561,2000-01-01_2020-01-01,26000.0,-1.0,0.845,11,False,RGI60-11.02561,0.026,3498,3669,3575,33.7,198,224,7.99822,46.1229,-0.9510565162951536,-0.3090169943749473
RGI60-11.02562,2000-01-01_2020-01-01,30000.0,-0.8087,0.5985,11,False,RGI60-11.02562,0.03,2869,2956,2911,24.9,39,214,7.3588,46.1152,0.7771459614569709,0.6293203910498374
RGI60-11.02563,2000-01-01_2020-01-01,16000.0,-0.2624,0.3557,11,False,RGI60-11.02563,0.016,3293,3342,3323,18.0,240,141,7.83847,46.1202,-0.5000000000000004,-0.8660254037844385
RGI60-11.02564,2000-01-01_2020-01-01,52000.0,-0.2315,0.3166,11,False,RGI60-11.02564,0.052,2861,2959,2902,24.7,252,168,10.5894,46.1134,-0.30901699437494756,-0.9510565162951535
RGI60-11.02565,2000-01-01_2020-01-01,50000.0,-0.6181,0.7618,11,False,RGI60-11.02565,0.05,2944,3188,3045,36.5,129,348,8.03807,46.1209,-0.6293203910498373,0.777145961456971
RGI60-11.02566,2000-01-01_2020-01-01,1726000.0,-0.3972,0.1583,11,False,RGI60-11.02566,1.726,2639,4211,3591,28.5,81,2806,7.88092,46.1129,0.15643446504023092,0.9876883405951378
RGI60-11.02567,2000-01-01_2020-01-01,37000.0,-0.7175,0.6305,11,False,RGI60-11.02567,0.037,3174,3366,3269,24.2,201,388,8.03366,46.1199,-0.9335804264972017,-0.35836794954530043
RGI60-11.02568,2000-01-01_2020-01-01,287000.0,-1.5087,0.5709,11,False,RGI60-11.02568,0.287,2594,3202,2741,22.9,67,949,10.6078,46.1119,0.3907311284892737,0.9205048534524404
RGI60-11.02569,2000-01-01_2020-01-01,3227000.0,-0.1613,0.1345,11,False,RGI60-11.02569,3.227,2714,4487,3695,24.6,308,4232,7.84766,46.107,0.6156614753256585,-0.7880107536067218
RGI60-11.02570,2000-01-01_2020-01-01,1622000.0,-0.3474,0.1427,11,False,RGI60-11.02570,1.622,2918,3767,3321,19.9,260,2664,7.69293,46.1111,-0.17364817766693033,-0.984807753012208
RGI60-11.02571,2000-01-01_2020-01-01,146000.0,-0.5492,0.2807,11,False,RGI60-11.02571,0.146,3035,3313,3165,28.8,109,461,10.6009,46.107,-0.32556815445715664,0.9455185755993168
RGI60-11.02572,2000-01-01_2020-01-01,12000.0,-0.5963718926974675,0.4007490312965724,11,True,RGI60-11.02572,0.012,2936,2984,2958,25.9,237,125,10.5895,46.1079,-0.544639035015027,-0.8386705679454242
RGI60-11.02573,2000-01-01_2020-01-01,38000.0,-0.6364,0.6077,11,False,RGI60-11.02573,0.038,2909,3125,3053,33.1,53,382,7.36219,46.1058,0.6018150231520484,0.7986355100472928
RGI60-11.02574,2000-01-01_2020-01-01,146000.0,-0.3169,0.2269,11,False,RGI60-11.02574,0.146,3448,3698,3608,23.7,270,401,7.83639,46.1062,-1.8369701987210297e-16,-1.0
RGI60-11.02575,2000-01-01_2020-01-01,42000.0,-0.622,0.7558,11,False,RGI60-11.02575,0.042,2983,3190,3071,35.0,38,318,8.03044,46.1101,0.7880107536067219,0.6156614753256583
RGI60-11.02576,2000-01-01_2020-01-01,118000.0,-0.1767,0.2698,11,False,RGI60-11.02576,0.118,3385,3698,3592,33.6,110,462,7.88156,46.1074,-0.3420201433256687,0.9396926207859084
RGI60-11.02577,2000-01-01_2020-01-01,101000.0,0.0086,0.3599,11,False,RGI60-11.02577,0.101,2910,3307,3109,34.8,36,613,8.03386,46.1082,0.8090169943749475,0.5877852522924731
RGI60-11.02578,2000-01-01_2020-01-01,612000.0,0.3571,0.2976,11,False,RGI60-11.02578,0.612,2828,3372,3078,24.7,24,1130,8.04072,46.1059,0.9135454576426009,0.4067366430758002
RGI60-11.02579,2000-01-01_2020-01-01,12000.0,-0.5963718926974675,0.4007490312965724,11,True,RGI60-11.02579,0.012,2960,2995,2975,19.2,128,79,7.36261,46.1017,-0.6156614753256583,0.788010753606722
RGI60-11.02580,2000-01-01_2020-01-01,361000.0,-0.5053,0.2,11,False,RGI60-11.02580,0.361,3005,3434,3199,27.9,229,936,7.6995,46.103,-0.6560590289905073,-0.754709580222772
RGI60-11.02581,2000-01-01_2020-01-01,16000.0,-0.5963718926974675,0.4007490312965724,11,True,RGI60-11.02581,0.016,3182,3321,3250,40.3,115,146,7.88728,46.1076,-0.42261826174069933,0.90630778703665
RGI60-11.02582,2000-01-01_2020-01-01,81000.0,0.3157,0.5222,11,False,RGI60-11.02582,0.081,2878,3179,3089,29.5,31,515,8.04651,46.1037,0.8571673007021123,0.5150380749100542
RGI60-11.02583,2000-01-01_2020-01-01,380000.0,-0.6484,0.2617,11,False,RGI60-11.02583,0.38,2953,3711,3304,35.5,133,953,7.88036,46.1016,-0.6819983600624984,0.7313537016191706
RGI60-11.02584,2000-01-01_2020-01-01,4628000.0,-0.6606,0.1462,11,False,RGI60-11.02584,4.628,2398,3624,3219,17.0,348,5099,7.59752,46.0763,0.9781476007338056,-0.20791169081775987
RGI60-11.02585,2000-01-01_2020-01-01,14000.0,-0.5963718926974675,0.4007490312965724,11,True,RGI60-11.02585,0.014,3795,4001,3877,48.1,257,177,7.70934,46.1006,-0.22495105434386525,-0.9743700647852351
RGI60-11.02586,2000-01-01_2020-01-01,1884000.0,-0.3711,0.1483,11,False,RGI60-11.02586,1.884,2959,4437,3488,26.0,288,3127,7.83836,46.0978,0.30901699437494723,-0.9510565162951536
RGI60-11.02587,2000-01-01_2020-01-01,32000.0,-1.6188,1.1063,11,False,RGI60-11.02587,0.032,3326,3440,3407,31.3,43,177,7.73876,46.0996,0.7313537016191705,0.6819983600624985
RGI60-11.02588,2000-01-01_2020-01-01,269000.0,-0.4783,0.2052,11,False,RGI60-11.02588,0.269,3114,3424,3226,24.5,257,661,8.02716,46.1006,-0.22495105434386525,-0.9743700647852351
RGI60-11.02589,2000-01-01_2020-01-01,14000.0,-0.5963718926974675,0.4007490312965724,11,True,RGI60-11.02589,0.014,2973,3026,2986,17.9,246,146,7.69696,46.099,-0.4067366430758001,-0.913545457642601
RGI60-11.02590,2000-01-01_2020-01-01,902000.0,-0.6212,0.1768,11,False,RGI60-11.02590,0.902,2754,3403,2988,20.8,281,1667,7.69476,46.0945,0.1908089953765451,-0.9816271834476639
RGI60-11.02591,2000-01-01_2020-01-01,448000.0,-1.058,0.3108,11,False,RGI60-11.02591,0.448,2961,3525,3178,24.4,181,1208,7.73749,46.0942,-0.9998476951563913,-0.017452406437283637
RGI60-11.02592,2000-01-01_2020-01-01,82000.0,-0.6248,0.4047,11,False,RGI60-11.02592,0.082,3010,3312,3194,29.4,53,634,7.74403,46.097,0.6018150231520484,0.7986355100472928
RGI60-11.02593,2000-01-01_2020-01-01,6130000.0,-0.5844,0.137,11,False,RGI60-11.02593,6.13,2341,4027,3114,24.4,340,4029,7.6781,46.0819,0.9396926207859084,-0.3420201433256686
RGI60-11.02594,2000-01-01_2020-01-01,1403000.0,-0.4925,0.1612,11,False,RGI60-11.02594,1.403,2850,3997,3378,31.6,142,1624,7.71539,46.0882,-0.7880107536067219,0.6156614753256584
RGI60-11.02595,2000-01-01_2020-01-01,12000.0,-0.7279,0.8297,11,False,RGI60-11.02595,0.012,3285,3321,3298,20.0,78,103,8.03967,46.1007,0.20791169081775945,0.9781476007338056
RGI60-11.02596,2000-01-01_2020-01-01,7410000.0,-0.3898,0.1268,11,False,RGI60-11.02596,7.41,2119,4179,3333,27.0,71,5756,7.87852,46.0807,0.32556815445715676,0.9455185755993167
RGI60-11.02597,2000-01-01_2020-01-01,37000.0,-0.6372,0.6103,11,False,RGI60-11.02597,0.037,3258,3508,3400,37.3,169,334,7.73302,46.0959,-0.981627183447664,0.19080899537654497
RGI60-11.02598,2000-01-01_2020-01-01,475000.0,-1.2049,0.2969,11,False,RGI60-11.02598,0.475,2875,3602,3170,31.4,158,1148,7.72646,46.0914,-0.9271838545667873,0.37460659341591224
RGI60-11.02599,2000-01-01_2020-01-01,373000.0,-1.0102,0.27,11,False,RGI60-11.02599,0.373,2806,3142,2979,20.1,42,1118,7.32145,46.0868,0.7431448254773942,0.6691306063588582
RGI60-11.02600,2000-01-01_2020-01-01,680000.0,-0.9929,0.2242,11,False,RGI60-11.02600,0.68,2794,3205,2894,14.5,330,1556,7.30808,46.0841,0.8660254037844384,-0.5000000000000004
RGI60-11.02601,2000-01-01_2020-01-01,74000.0,-0.0856,0.2012,11,False,RGI60-11.02601,0.074,2708,2828,2756,15.3,281,447,7.68398,46.0934,0.1908089953765451,-0.9816271834476639
RGI60-11.02602,2000-01-01_2020-01-01,28000.0,-0.5907,0.6115,11,False,RGI60-11.02602,0.028,2241,2418,2329,27.7,351,301,10.0843,46.0954,0.9876883405951377,-0.1564344650402311
RGI60-11.02603,2000-01-01_2020-01-01,58000.0,0.0246,0.3538,11,False,RGI60-11.02603,0.058,3493,3761,3661,40.0,272,370,7.70696,46.0934,0.03489949670250128,-0.9993908270190958
RGI60-11.02604,2000-01-01_2020-01-01,135000.0,-0.9295,0.3722,11,False,RGI60-11.02604,0.135,2121,2320,2210,21.6,61,533,6.89758,46.0799,0.4848096202463371,0.8746197071393957
RGI60-11.02605,2000-01-01_2020-01-01,12000.0,-0.5963718926974675,0.4007490312965724,11,True,RGI60-11.02605,0.012,2380,2427,2405,23.8,10,112,10.0949,46.0947,0.984807753012208,0.17364817766693033
RGI60-11.02606,2000-01-01_2020-01-01,16000.0,-0.5963718926974675,0.4007490312965724,11,True,RGI60-11.02606,0.016,2360,2471,2413,36.7,76,168,6.89205,46.0795,0.24192189559966767,0.9702957262759965
RGI60-11.02607,2000-01-01_2020-01-01,1254000.0,-0.2927,0.157,11,False,RGI60-11.02607,1.254,2981,4419,3618,27.4,276,3014,7.84181,46.0893,0.10452846326765299,-0.9945218953682734
RGI60-11.02608,2000-01-01_2020-01-01,22000.0,-1.0995,0.99,11,False,RGI60-11.02608,0.022,2530,2648,2579,33.6,78,230,10.101,46.0926,0.20791169081775945,0.9781476007338056
RGI60-11.02609,2000-01-01_2020-01-01,19000.0,-0.5963718926974675,0.4007490312965724,11,True,RGI60-11.02609,0.019,2484,2579,2532,25.2,28,226,10.0601,46.0924,0.882947592858927,0.4694715627858908
RGI60-11.02610,2000-01-01_2020-01-01,102000.0,0.1384,0.2307,11,False,RGI60-11.02610,0.102,3091,3212,3153,20.7,277,405,8.02803,46.0917,0.12186934340514768,-0.992546151641322
RGI60-11.02611,2000-01-01_2020-01-01,161000.0,-1.1441,0.5028,11,False,RGI60-11.02611,0.161,2351,2605,2480,31.6,39,425,6.89815,46.0741,0.7771459614569709,0.6293203910498374
RGI60-11.02612,2000-01-01_2020-01-01,41000.0,-0.4549,0.5333,11,False,RGI60-11.02612,0.041,2343,2511,2442,33.1,24,309,10.0359,46.091,0.9135454576426009,0.4067366430758002
RGI60-11.02613,2000-01-01_2020-01-01,14000.0,-0.4417,0.6452,11,False,RGI60-11.02613,0.014,2387,2497,2417,28.0,326,202,10.0208,46.0917,0.8290375725550418,-0.5591929034707466
RGI60-11.02614,2000-01-01_2020-01-01,57000.0,-0.7724,0.6124,11,False,RGI60-11.02614,0.057,2485,2681,2577,26.6,18,379,10.0314,46.0904,0.9510565162951535,0.3090169943749474
RGI60-11.02615,2000-01-01_2020-01-01,15000.0,-0.5963718926974675,0.4007490312965724,11,True,RGI60-11.02615,0.015,2571,2659,2614,24.8,316,180,10.0629,46.0912,0.7193398003386509,-0.6946583704589976
RGI60-11.02616,2000-01-01_2020-01-01,12000.0,-0.5963718926974675,0.4007490312965724,11,True,RGI60-11.02616,0.012,2531,2589,2560,29.2,44,125,10.0715,46.0906,0.7193398003386512,0.6946583704589973
RGI60-11.02617,2000-01-01_2020-01-01,11000.0,-0.5963718926974675,0.4007490312965724,11,True,RGI60-11.02617,0.011,4081,4236,4175,47.5,100,146,7.86054,46.0899,-0.1736481776669303,0.984807753012208
RGI60-11.02618,2000-01-01_2020-01-01,14000.0,-0.5963718926974675,0.4007490312965724,11,True,RGI60-11.02618,0.014,2312,2427,2352,39.2,23,146,10.0147,46.0902,0.9205048534524404,0.39073112848927377
RGI60-11.02619,2000-01-01_2020-01-01,34000.0,-1.1776,0.8411,11,False,RGI60-11.02619,0.034,2363,2483,2416,26.8,313,250,10.0179,46.0897,0.6819983600624986,-0.7313537016191703
RGI60-11.02620,2000-01-01_2020-01-01,274000.0,-0.8943,0.2722,11,False,RGI60-11.02620,0.274,2828,3019,2935,15.5,23,852,7.3285,46.0794,0.9205048534524404,0.39073112848927377
RGI60-11.02621,2000-01-01_2020-01-01,71000.0,-1.3979,0.8286,11,False,RGI60-11.02621,0.071,2374,2676,2580,43.5,29,255,10.041,46.088,0.8746197071393957,0.48480962024633706
RGI60-11.02622,2000-01-01_2020-01-01,43000.0,-0.5963718926974675,0.4007490312965724,11,True,RGI60-11.02622,0.043,4187,4413,4253,25.3,346,491,7.85784,46.0873,0.9702957262759965,-0.24192189559966787
RGI60-11.02623,2000-01-01_2020-01-01,1444000.0,-0.6514,0.1816,11,False,RGI60-11.02623,1.444,2596,3458,3222,18.9,39,2514,7.44283,46.075,0.7771459614569709,0.6293203910498374
RGI60-11.02624,2000-01-01_2020-01-01,8118000.0,-0.4479,0.1235,11,False,RGI60-11.02624,8.118,2474,4058,3191,19.5,29,4634,7.89604,46.0647,0.8746197071393957,0.48480962024633706
RGI60-11.02625,2000-01-01_2020-01-01,136000.0,-0.5082,0.2474,11,False,RGI60-11.02625,0.136,2879,3044,2957,17.2,356,503,7.35544,46.0797,0.9975640502598242,-0.06975647374412564
RGI60-11.02626,2000-01-01_2020-01-01,31000.0,-0.8351,0.6647,11,False,RGI60-11.02626,0.031,2510,2627,2552,31.5,327,180,10.0445,46.0881,0.838670567945424,-0.544639035015027
RGI60-11.02627,2000-01-01_2020-01-01,885000.0,-0.413,0.1642,11,False,RGI60-11.02627,0.885,3071,3657,3370,24.7,287,1425,7.83641,46.0835,0.2923717047227367,-0.9563047559630354
RGI60-11.02628,2000-01-01_2020-01-01,730000.0,-0.7276,0.2175,11,False,RGI60-11.02628,0.73,2711,3292,3025,20.1,330,1682,8.01879,46.0819,0.8660254037844384,-0.5000000000000004
RGI60-11.02629,2000-01-01_2020-01-01,508000.0,-0.7718,0.2256,11,False,RGI60-11.02629,0.508,2732,3153,3006,22.1,17,874,7.58376,46.0794,0.9563047559630354,0.29237170472273677
RGI60-11.02630,2000-01-01_2020-01-01,14025000.0,-0.9021,0.1504,11,False,RGI60-11.02630,14.025,2041,3957,3087,22.1,348,7435,7.62725,46.0344,0.9781476007338056,-0.20791169081775987
RGI60-11.02631,2000-01-01_2020-01-01,67000.0,-0.0275,0.686,11,False,RGI60-11.02631,0.067,3869,4196,4054,40.9,274,304,7.8501,46.0843,0.06975647374412522,-0.9975640502598243
RGI60-11.02632,2000-01-01_2020-01-01,122000.0,-0.374,0.2781,11,False,RGI60-11.02632,0.122,3556,3804,3703,29.2,143,301,7.70374,46.0811,-0.7986355100472929,0.6018150231520482
RGI60-11.02633,2000-01-01_2020-01-01,48000.0,-0.5963718926974675,0.4007490312965724,11,True,RGI60-11.02633,0.048,2444,2764,2648,36.3,17,427,9.9799,46.0829,0.9563047559630354,0.29237170472273677
RGI60-11.02634,2000-01-01_2020-01-01,1016000.0,-0.8807,0.1884,11,False,RGI60-11.02634,1.016,2891,3275,3063,13.0,16,1748,7.35807,46.0695,0.9612616959383189,0.27563735581699916
RGI60-11.02635,2000-01-01_2020-01-01,106000.0,-0.653,0.3434,11,False,RGI60-11.02635,0.106,3396,3753,3651,26.7,112,557,7.70372,46.0784,-0.37460659341591207,0.9271838545667874
RGI60-11.02636,2000-01-01_2020-01-01,54000.0,-0.3887,0.4555,11,False,RGI60-11.02636,0.054,2992,3135,3061,28.6,344,280,8.0046,46.0832,0.9612616959383189,-0.27563735581699894
RGI60-11.02637,2000-01-01_2020-01-01,41000.0,-0.7899,0.4992,11,False,RGI60-11.02637,0.041,2835,2938,2886,23.9,357,200,7.30426,46.0746,0.9986295347545738,-0.05233595624294437
RGI60-11.02638,2000-01-01_2020-01-01,97000.0,-0.4214,0.3535,11,False,RGI60-11.02638,0.097,3029,3455,3341,33.3,0,559,7.427,46.0736,1.0,0.0
RGI60-11.02639,2000-01-01_2020-01-01,28000.0,-0.3761,0.4415,11,False,RGI60-11.02639,0.028,2540,2589,2567,20.5,94,202,10.0506,46.0813,-0.06975647374412533,0.9975640502598242
RGI60-11.02640,2000-01-01_2020-01-01,1210000.0,-0.8928,0.1957,11,False,RGI60-11.02640,1.21,2791,3210,2968,13.6,336,1586,7.34321,46.0691,0.913545457642601,-0.40673664307580015
RGI60-11.02641,2000-01-01_2020-01-01,144000.0,-1.026,0.5858,11,False,RGI60-11.02641,0.144,2031,2592,2248,36.2,345,801,10.0028,46.0789,0.9659258262890683,-0.2588190451025207
RGI60-11.02642,2000-01-01_2020-01-01,277000.0,-0.4312,0.2252,11,False,RGI60-11.02642,0.277,3082,3718,3428,30.7,108,1064,7.70639,46.0742,-0.30901699437494734,0.9510565162951536
RGI60-11.02643,2000-01-01_2020-01-01,386000.0,-0.5469,0.217,11,False,RGI60-11.02643,0.386,3186,3791,3503,31.2,228,1287,7.84873,46.0767,-0.6691306063588581,-0.7431448254773944
RGI60-11.02644,2000-01-01_2020-01-01,66000.0,-0.2996,0.3701,11,False,RGI60-11.02644,0.066,3169,3474,3382,38.6,345,395,7.58416,46.0744,0.9659258262890683,-0.2588190451025207
RGI60-11.02645,2000-01-01_2020-01-01,3741000.0,-0.7827,0.1564,11,False,RGI60-11.02645,3.741,2236,3780,3220,22.5,69,4066,7.7125,46.0685,0.3583679495453004,0.9335804264972017
RGI60-11.02646,2000-01-01_2020-01-01,31000.0,-0.729,0.6231,11,False,RGI60-11.02646,0.031,2601,2775,2688,41.3,73,215,9.98328,46.0798,0.29237170472273677,0.9563047559630354
RGI60-11.02647,2000-01-01_2020-01-01,53000.0,-0.6673,0.4274,11,False,RGI60-11.02647,0.053,3146,3310,3244,30.9,280,305,7.57654,46.0739,0.17364817766692997,-0.9848077530122081
RGI60-11.02648,2000-01-01_2020-01-01,195000.0,-0.9357,0.3242,11,False,RGI60-11.02648,0.195,2449,2699,2574,26.3,19,514,9.98941,46.0754,0.9455185755993168,0.3255681544571567
RGI60-11.02649,2000-01-01_2020-01-01,17000.0,-0.493,0.6399,11,False,RGI60-11.02649,0.017,3340,3433,3390,32.6,215,135,7.58343,46.0723,-0.8191520442889918,-0.5735764363510462
RGI60-11.02650,2000-01-01_2020-01-01,24000.0,0.0136,0.2514,11,False,RGI60-11.02650,0.024,3591,3624,3613,16.6,260,112,7.66589,46.0722,-0.17364817766693033,-0.984807753012208
RGI60-11.02651,2000-01-01_2020-01-01,149000.0,-0.7968,0.3278,11,False,RGI60-11.02651,0.149,3043,3379,3169,26.0,278,703,7.65904,46.0714,0.13917310096006547,-0.9902680687415704
RGI60-11.02652,2000-01-01_2020-01-01,879000.0,-0.3139,0.1723,11,False,RGI60-11.02652,0.879,3079,4167,3677,25.9,272,2394,7.85562,46.0723,0.03489949670250128,-0.9993908270190958
RGI60-11.02653,2000-01-01_2020-01-01,28000.0,-0.2425,0.4262,11,False,RGI60-11.02653,0.028,2335,2430,2367,25.1,88,168,10.019,46.0753,0.03489949670250108,0.9993908270190958
RGI60-11.02654,2000-01-01_2020-01-01,225000.0,-0.7107,0.3234,11,False,RGI60-11.02654,0.225,2361,2879,2723,29.7,311,1071,9.98062,46.0726,0.656059028990507,-0.7547095802227722
RGI60-11.02655,2000-01-01_2020-01-01,55000.0,-0.5235,0.366,11,False,RGI60-11.02655,0.055,3267,3357,3289,13.7,74,214,7.436,46.068,0.27563735581699916,0.9612616959383189
RGI60-11.02656,2000-01-01_2020-01-01,14000.0,-0.5963718926974675,0.4007490312965724,11,True,RGI60-11.02656,0.014,2711,2794,2768,36.2,59,103,10.0119,46.0753,0.5150380749100542,0.8571673007021123
RGI60-11.02657,2000-01-01_2020-01-01,44000.0,-0.5189,0.3743,11,False,RGI60-11.02657,0.044,3132,3230,3174,21.6,304,266,7.42212,46.067,0.559192903470747,-0.8290375725550416
RGI60-11.02658,2000-01-01_2020-01-01,162000.0,-0.502,0.3903,11,False,RGI60-11.02658,0.162,2720,3032,2859,26.3,64,636,8.02937,46.0725,0.43837114678907746,0.898794046299167
RGI60-11.02659,2000-01-01_2020-01-01,16000.0,-0.5963718926974675,0.4007490312965724,11,True,RGI60-11.02659,0.016,3844,3968,3897,40.5,343,112,7.86621,46.0723,0.9563047559630353,-0.29237170472273716
RGI60-11.02660,2000-01-01_2020-01-01,11000.0,-0.5963718926974675,0.4007490312965724,11,True,RGI60-11.02660,0.011,2428,2480,2447,19.0,58,141,10.0195,46.0707,0.5299192642332049,0.8480480961564261
RGI60-11.02661,2000-01-01_2020-01-01,21000.0,-0.0079,0.2538,11,False,RGI60-11.02661,0.021,2978,3027,3009,20.6,276,135,7.33801,46.0626,0.10452846326765299,-0.9945218953682734
RGI60-11.02662,2000-01-01_2020-01-01,30000.0,-0.4565,0.5152,11,False,RGI60-11.02662,0.03,2691,2816,2754,29.7,337,202,10.5724,46.0639,0.9205048534524403,-0.3907311284892739
RGI60-11.02663,2000-01-01_2020-01-01,468000.0,-0.4377,0.176,11,False,RGI60-11.02663,0.468,2972,3333,3200,19.5,70,1055,7.43995,46.062,0.3420201433256688,0.9396926207859083
RGI60-11.02664,2000-01-01_2020-01-01,16000.0,-0.6894,0.7464,11,False,RGI60-11.02664,0.016,3513,3598,3563,41.0,256,141,7.85396,46.0688,-0.24192189559966779,-0.9702957262759965
RGI60-11.02665,2000-01-01_2020-01-01,252000.0,-0.9237,0.3255,11,False,RGI60-11.02665,0.252,2841,3214,3045,18.9,73,1138,7.35948,46.0593,0.29237170472273677,0.9563047559630354
RGI60-11.02666,2000-01-01_2020-01-01,108000.0,-0.68,0.9551,11,False,RGI60-11.02666,0.108,4009,4171,4140,29.4,255,329,7.86352,46.0643,-0.25881904510252063,-0.9659258262890683
RGI60-11.02667,2000-01-01_2020-01-01,45000.0,-1.2319,0.8316,11,False,RGI60-11.02667,0.045,2479,2583,2550,20.0,328,381,9.97459,46.0675,0.8480480961564258,-0.529919264233205
RGI60-11.02668,2000-01-01_2020-01-01,21000.0,-0.4093,0.527,11,False,RGI60-11.02668,0.021,3036,3106,3080,28.6,271,112,7.58451,46.0622,0.01745240643728313,-0.9998476951563913
RGI60-11.02669,2000-01-01_2020-01-01,1156000.0,-0.8407,0.2051,11,False,RGI60-11.02669,1.156,2771,3286,3021,22.3,357,1380,7.72923,46.0588,0.9986295347545738,-0.05233595624294437
RGI60-11.02670,2000-01-01_2020-01-01,669000.0,-0.4142,0.1789,11,False,RGI60-11.02670,0.669,3069,3814,3333,26.0,272,1653,7.85133,46.0631,0.03489949670250128,-0.9993908270190958
RGI60-11.02671,2000-01-01_2020-01-01,97000.0,-0.4078,0.3067,11,False,RGI60-11.02671,0.097,3005,3221,3086,27.7,44,424,7.9245,46.0649,0.7193398003386512,0.6946583704589973
RGI60-11.02672,2000-01-01_2020-01-01,94000.0,-0.699,0.4348,11,False,RGI60-11.02672,0.094,2624,2907,2748,29.2,291,525,9.98054,46.0656,0.3583679495453004,-0.9335804264972017
RGI60-11.02673,2000-01-01_2020-01-01,468000.0,-0.1376,0.1614,11,False,RGI60-11.02673,0.468,3316,3726,3579,15.8,251,818,7.60252,46.0581,-0.32556815445715664,-0.9455185755993168
RGI60-11.02674,2000-01-01_2020-01-01,134000.0,-0.7861,0.3297,11,False,RGI60-11.02674,0.134,2877,3004,2948,17.2,17,452,7.93425,46.063,0.9563047559630354,0.29237170472273677
RGI60-11.02675,2000-01-01_2020-01-01,414000.0,-0.651,0.2359,11,False,RGI60-11.02675,0.414,3032,3398,3209,20.2,99,965,7.44098,46.0565,-0.1564344650402308,0.9876883405951378
RGI60-11.02676,2000-01-01_2020-01-01,2130000.0,-0.5595,0.1602,11,False,RGI60-11.02676,2.13,2912,3899,3249,21.2,130,2588,7.68909,46.0488,-0.6427876096865394,0.766044443118978
RGI60-11.02677,2000-01-01_2020-01-01,113000.0,-0.7629,0.3171,11,False,RGI60-11.02677,0.113,2917,3077,3000,20.3,310,461,7.34974,46.0548,0.6427876096865393,-0.7660444431189781
RGI60-11.02678,2000-01-01_2020-01-01,941000.0,-0.5855,0.1647,11,False,RGI60-11.02678,0.941,3183,3597,3406,23.5,169,1046,7.7066,46.055,-0.981627183447664,0.19080899537654497
RGI60-11.02679,2000-01-01_2020-01-01,2171000.0,-0.6518,0.1594,11,False,RGI60-11.02679,2.171,2767,3894,3217,19.8,69,3591,7.9131,46.055,0.3583679495453004,0.9335804264972017
RGI60-11.02680,2000-01-01_2020-01-01,1142000.0,-0.606,0.1705,11,False,RGI60-11.02680,1.142,2886,3656,3257,23.2,275,2016,7.59674,46.0526,0.08715574274765789,-0.9961946980917455
RGI60-11.02681,2000-01-01_2020-01-01,26000.0,-0.0573,0.3753,11,False,RGI60-11.02681,0.026,2558,2693,2604,23.0,266,309,9.97695,46.0622,-0.06975647374412558,-0.9975640502598242
RGI60-11.02682,2000-01-01_2020-01-01,77000.0,0.0519,0.3684,11,False,RGI60-11.02682,0.077,2986,3336,3245,39.5,23,414,7.62123,46.0564,0.9205048534524404,0.39073112848927377
RGI60-11.02683,2000-01-01_2020-01-01,25000.0,-0.5501,0.8963,11,False,RGI60-11.02683,0.025,2043,2182,2074,30.8,15,202,9.91229,46.0614,0.9659258262890683,0.25881904510252074
RGI60-11.02684,2000-01-01_2020-01-01,20000.0,-1.1286,0.9961,11,False,RGI60-11.02684,0.02,3202,3307,3266,39.5,140,125,7.43646,46.0529,-0.7660444431189779,0.6427876096865395
RGI60-11.02685,2000-01-01_2020-01-01,11000.0,-0.5963718926974675,0.4007490312965724,11,True,RGI60-11.02685,0.011,2509,2584,2544,41.5,338,112,10.0734,46.0589,0.9271838545667873,-0.37460659341591235
RGI60-11.02686,2000-01-01_2020-01-01,137000.0,-1.0561,0.4425,11,False,RGI60-11.02686,0.137,2827,3164,3026,31.6,77,514,7.62791,46.053,0.22495105434386492,0.9743700647852352
RGI60-11.02687,2000-01-01_2020-01-01,13000.0,-0.5963718926974675,0.4007490312965724,11,True,RGI60-11.02687,0.013,3580,3662,3622,40.3,149,90,7.69781,46.0557,-0.8571673007021122,0.5150380749100544
RGI60-11.02688,2000-01-01_2020-01-01,19000.0,-0.5963718926974675,0.4007490312965724,11,True,RGI60-11.02688,0.019,3053,3188,3086,38.4,275,158,7.42844,46.0519,0.08715574274765789,-0.9961946980917455
RGI60-11.02689,2000-01-01_2020-01-01,40000.0,-0.2925,0.4065,11,False,RGI60-11.02689,0.04,3482,3661,3565,36.5,197,214,7.69433,46.055,-0.9563047559630354,-0.29237170472273677
RGI60-11.02690,2000-01-01_2020-01-01,160000.0,-0.6915,0.2862,11,False,RGI60-11.02690,0.16,2759,3108,2874,23.8,346,737,7.37043,46.0489,0.9702957262759965,-0.24192189559966787
RGI60-11.02691,2000-01-01_2020-01-01,788000.0,-0.7344,0.1981,11,False,RGI60-11.02691,0.788,2820,3294,3010,19.9,11,1390,7.36398,46.0453,0.981627183447664,0.1908089953765448
RGI60-11.02692,2000-01-01_2020-01-01,85000.0,-0.3923,0.3305,11,False,RGI60-11.02692,0.085,3663,3897,3788,35.3,222,392,7.86697,46.0566,-0.7431448254773942,-0.6691306063588582
RGI60-11.02693,2000-01-01_2020-01-01,165000.0,-0.7284,0.302,11,False,RGI60-11.02693,0.165,2928,3172,3070,19.1,317,787,7.35078,46.0485,0.7313537016191707,-0.6819983600624983
RGI60-11.02694,2000-01-01_2020-01-01,23000.0,-0.7369,0.7587,11,False,RGI60-11.02694,0.023,2654,2753,2716,20.8,301,269,10.0934,46.0567,0.5150380749100542,-0.8571673007021123
RGI60-11.02695,2000-01-01_2020-01-01,835000.0,-0.539,0.1818,11,False,RGI60-11.02695,0.835,3258,3833,3488,21.5,251,1633,7.86467,46.0523,-0.32556815445715664,-0.9455185755993168
RGI60-11.02696,2000-01-01_2020-01-01,12000.0,-0.01,0.3299,11,False,RGI60-11.02696,0.012,2623,2672,2644,24.2,298,79,10.0897,46.0557,0.4694715627858904,-0.8829475928589271
RGI60-11.02697,2000-01-01_2020-01-01,16000.0,-0.5963718926974675,0.4007490312965724,11,True,RGI60-11.02697,0.016,3509,3618,3552,33.0,100,158,7.61948,46.0523,-0.1736481776669303,0.984807753012208
RGI60-11.02698,2000-01-01_2020-01-01,87000.0,-0.8667,0.4312,11,False,RGI60-11.02698,0.087,2520,2672,2589,22.8,328,384,10.0865,46.0542,0.8480480961564258,-0.529919264233205
RGI60-11.02699,2000-01-01_2020-01-01,22000.0,-0.3392,0.5186,11,False,RGI60-11.02699,0.022,3632,3760,3705,25.7,110,214,7.61578,46.0517,-0.3420201433256687,0.9396926207859084
RGI60-11.02700,2000-01-01_2020-01-01,35000.0,-0.4804,0.5614,11,False,RGI60-11.02700,0.035,2116,2291,2162,35.9,305,195,9.90066,46.054,0.573576436351046,-0.8191520442889918
RGI60-11.02701,2000-01-01_2020-01-01,18000.0,-0.7961,0.7873,11,False,RGI60-11.02701,0.018,2800,2898,2850,37.0,83,125,7.53413,46.0474,0.12186934340514749,0.992546151641322
RGI60-11.02702,2000-01-01_2020-01-01,110000.0,-0.0057,0.2297,11,False,RGI60-11.02702,0.11,3627,3831,3765,38.1,200,255,7.87563,46.0497,-0.9396926207859084,-0.34202014332566866
RGI60-11.02703,2000-01-01_2020-01-01,27000.0,-0.1154,0.431,11,False,RGI60-11.02703,0.027,2410,2485,2440,19.6,77,195,10.5754,46.0443,0.22495105434386492,0.9743700647852352
RGI60-11.02704,2000-01-01_2020-01-01,9281000.0,-0.5316,0.1212,11,False,RGI60-11.02704,9.281,2656,4142,3332,17.3,33,6689,7.90949,46.0336,0.838670567945424,0.5446390350150271
RGI60-11.02705,2000-01-01_2020-01-01,45000.0,-0.8787,0.4954,11,False,RGI60-11.02705,0.045,3429,3531,3485,23.1,197,237,7.86794,46.0483,-0.9563047559630354,-0.29237170472273677
RGI60-11.02706,2000-01-01_2020-01-01,1102000.0,-0.3774,0.163,11,False,RGI60-11.02706,1.102,2968,3689,3312,24.2,290,1514,7.59873,46.0404,0.342020143325669,-0.9396926207859083
RGI60-11.02707,2000-01-01_2020-01-01,14000.0,-0.9386,1.1183,11,False,RGI60-11.02707,0.014,2402,2544,2459,42.6,58,168,9.91042,46.0506,0.5299192642332049,0.8480480961564261
RGI60-11.02708,2000-01-01_2020-01-01,172000.0,-0.674,0.2839,11,False,RGI60-11.02708,0.172,2874,3257,3021,30.9,92,615,7.53065,46.0418,-0.034899496702500955,0.9993908270190958
RGI60-11.02709,2000-01-01_2020-01-01,10484000.0,-0.6125,0.1282,11,False,RGI60-11.02709,10.484,2009,3713,3227,16.1,348,8109,7.54822,46.0063,0.9781476007338056,-0.20791169081775987
RGI60-11.02710,2000-01-01_2020-01-01,334000.0,-0.5424,0.2027,11,False,RGI60-11.02710,0.334,3150,3348,3262,15.9,71,532,7.3697,46.0381,0.32556815445715676,0.9455185755993167
RGI60-11.02711,2000-01-01_2020-01-01,4828000.0,-0.3776,0.1274,11,False,RGI60-11.02711,4.828,2955,4049,3480,18.5,288,2743,7.87306,46.0356,0.30901699437494723,-0.9510565162951536
RGI60-11.02712,2000-01-01_2020-01-01,12000.0,-0.5963718926974675,0.4007490312965724,11,True,RGI60-11.02712,0.012,2642,2725,2669,27.9,52,146,9.91011,46.0474,0.6156614753256583,0.788010753606722
RGI60-11.02713,2000-01-01_2020-01-01,37000.0,-0.0946,0.4432,11,False,RGI60-11.02713,0.037,3785,3975,3916,32.9,222,182,7.89253,46.0454,-0.7431448254773942,-0.6691306063588582
RGI60-11.02714,2000-01-01_2020-01-01,307000.0,-0.5919,0.2388,11,False,RGI60-11.02714,0.307,2901,3367,3116,23.3,7,804,7.99588,46.0419,0.992546151641322,0.12186934340514748
RGI60-11.02715,2000-01-01_2020-01-01,9182000.0,-0.6218,0.1288,11,False,RGI60-11.02715,9.182,2174,3642,3269,16.6,338,6374,7.58038,46.0109,0.9271838545667873,-0.37460659341591235
RGI60-11.02716,2000-01-01_2020-01-01,31000.0,-1.2203,0.9407,11,False,RGI60-11.02716,0.031,3377,3526,3439,34.7,97,195,7.68477,46.0418,-0.12186934340514737,0.9925461516413221
RGI60-11.02717,2000-01-01_2020-01-01,12000.0,-0.5963718926974675,0.4007490312965724,11,True,RGI60-11.02717,0.012,3794,3843,3821,27.5,163,125,7.67675,46.0416,-0.9563047559630355,0.2923717047227366
RGI60-11.02718,2000-01-01_2020-01-01,1785000.0,-0.7527,0.1813,11,False,RGI60-11.02718,1.785,2738,3760,3206,26.1,86,2452,7.68649,46.0334,0.06975647374412523,0.9975640502598242
RGI60-11.02719,2000-01-01_2020-01-01,195000.0,-0.7045,0.3015,11,False,RGI60-11.02719,0.195,2865,3150,2990,28.8,32,506,8.00212,46.0414,0.848048096156426,0.5299192642332049
RGI60-11.02720,2000-01-01_2020-01-01,51000.0,-0.0311,0.4609,11,False,RGI60-11.02720,0.051,3564,3772,3660,41.0,31,214,7.62107,46.038,0.8571673007021123,0.5150380749100542
RGI60-11.02721,2000-01-01_2020-01-01,55000.0,-0.3109,0.2907,11,False,RGI60-11.02721,0.055,2942,3084,3010,26.0,302,305,7.35956,46.0334,0.5299192642332047,-0.8480480961564261
RGI60-11.02722,2000-01-01_2020-01-01,257000.0,-0.5992,0.2584,11,False,RGI60-11.02722,0.257,2773,3291,2922,26.3,36,1028,7.37875,46.0308,0.8090169943749475,0.5877852522924731
RGI60-11.02723,2000-01-01_2020-01-01,105000.0,-0.5963718926974675,0.4007490312965724,11,True,RGI60-11.02723,0.105,3733,4161,3922,50.4,11,302,7.61522,46.0367,0.981627183447664,0.1908089953765448
RGI60-11.02724,2000-01-01_2020-01-01,330000.0,-0.4142,0.2083,11,False,RGI60-11.02724,0.33,3060,3561,3232,26.4,38,926,7.37186,46.0287,0.7880107536067219,0.6156614753256583
RGI60-11.02725,2000-01-01_2020-01-01,28000.0,-1.3559,0.9235,11,False,RGI60-11.02725,0.028,2973,3116,3037,39.3,132,160,7.53019,46.0343,-0.6691306063588582,0.7431448254773942
RGI60-11.02726,2000-01-01_2020-01-01,1075000.0,-0.446,0.161,11,False,RGI60-11.02726,1.075,3020,3576,3314,26.5,120,1258,7.65695,46.0296,-0.4999999999999998,0.8660254037844387
RGI60-11.02727,2000-01-01_2020-01-01,35000.0,0.2377,0.4217,11,False,RGI60-11.02727,0.035,3482,3653,3597,41.3,322,160,7.64948,46.0346,0.788010753606722,-0.6156614753256582
RGI60-11.02728,2000-01-01_2020-01-01,16000.0,-0.5963718926974675,0.4007490312965724,11,True,RGI60-11.02728,0.016,3572,3601,3587,20.7,226,56,7.6743,46.0351,-0.6946583704589973,-0.7193398003386512
RGI60-11.02729,2000-01-01_2020-01-01,355000.0,-0.6709,0.2389,11,False,RGI60-11.02729,0.355,3109,3518,3287,34.9,206,622,7.67082,46.0323,-0.8987940462991669,-0.43837114678907746
RGI60-11.02730,2000-01-01_2020-01-01,537000.0,-0.2141,0.1913,11,False,RGI60-11.02730,0.537,2940,3868,3469,29.1,287,1847,7.60054,46.0297,0.2923717047227367,-0.9563047559630354
RGI60-11.02731,2000-01-01_2020-01-01,82000.0,-0.5673,0.411,11,False,RGI60-11.02731,0.082,3454,3838,3676,43.7,168,416,7.62063,46.0323,-0.9781476007338057,0.20791169081775931
RGI60-11.02732,2000-01-01_2020-01-01,24000.0,-0.3707,0.4776,11,False,RGI60-11.02732,0.024,3090,3202,3144,27.1,36,236,7.9317,46.0368,0.8090169943749475,0.5877852522924731
RGI60-11.02733,2000-01-01_2020-01-01,19000.0,-0.4127,0.4545,11,False,RGI60-11.02733,0.019,2843,2884,2859,17.1,40,152,8.00954,46.0374,0.766044443118978,0.6427876096865393
RGI60-11.02734,2000-01-01_2020-01-01,1089000.0,-0.4647,0.1696,11,False,RGI60-11.02734,1.089,2761,3758,3154,23.9,300,2237,7.59435,46.0254,0.5000000000000001,-0.8660254037844386
RGI60-11.02735,2000-01-01_2020-01-01,41000.0,-0.2675,0.4266,11,False,RGI60-11.02735,0.041,2823,2945,2859,24.0,2,255,8.01394,46.0359,0.9993908270190958,0.03489949670250097
RGI60-11.02736,2000-01-01_2020-01-01,283000.0,-0.2546,0.2206,11,False,RGI60-11.02736,0.283,2792,3556,3129,32.6,64,1203,7.52718,46.0268,0.43837114678907746,0.898794046299167
RGI60-11.02737,2000-01-01_2020-01-01,2335000.0,-0.5759,0.1562,11,False,RGI60-11.02737,2.335,2834,3612,3304,19.1,181,2639,7.64189,46.0222,-0.9998476951563913,-0.017452406437283637
RGI60-11.02738,2000-01-01_2020-01-01,50000.0,-0.7074,0.5661,11,False,RGI60-11.02738,0.05,3032,3224,3089,26.4,40,484,7.81363,46.0313,0.766044443118978,0.6427876096865393
RGI60-11.02739,2000-01-01_2020-01-01,15358000.0,-0.9135,0.1468,11,False,RGI60-11.02739,15.358,2244,4026,2987,18.4,51,7719,7.6392,45.9773,0.6293203910498375,0.7771459614569709
RGI60-11.02740,2000-01-01_2020-01-01,6020000.0,-0.6,0.1243,11,False,RGI60-11.02740,6.02,1983,3442,3132,15.6,15,4614,7.02634,45.9968,0.9659258262890683,0.25881904510252074
RGI60-11.02741,2000-01-01_2020-01-01,183000.0,-1.0615,0.3692,11,False,RGI60-11.02741,0.183,3125,3427,3253,31.7,98,451,7.92337,46.0281,-0.13917310096006535,0.9902680687415704
RGI60-11.02742,2000-01-01_2020-01-01,1550000.0,-0.4712,0.166,11,False,RGI60-11.02742,1.55,2916,3721,3293,23.8,311,2123,7.85984,46.0223,0.656059028990507,-0.7547095802227722
RGI60-11.02743,2000-01-01_2020-01-01,1367000.0,-0.8919,0.2035,11,False,RGI60-11.02743,1.367,2536,3378,3013,26.1,29,2076,7.38781,46.0174,0.8746197071393957,0.48480962024633706
RGI60-11.02744,2000-01-01_2020-01-01,76000.0,-0.9056,0.449,11,False,RGI60-11.02744,0.076,3143,3319,3212,32.6,119,293,7.37743,46.022,-0.484809620246337,0.8746197071393959
RGI60-11.02745,2000-01-01_2020-01-01,249000.0,-0.3049,0.1915,11,False,RGI60-11.02745,0.249,3346,3739,3587,22.7,57,829,7.91722,46.0254,0.5446390350150271,0.838670567945424
RGI60-11.02746,2000-01-01_2020-01-01,5339000.0,-0.8501,0.142,11,False,RGI60-11.02746,5.339,2664,3515,3041,14.0,32,4384,7.92806,46.0081,0.848048096156426,0.5299192642332049
RGI60-11.02747,2000-01-01_2020-01-01,195000.0,-0.1248,0.236,11,False,RGI60-11.02747,0.195,3322,3668,3520,30.3,69,406,7.37181,46.0186,0.3583679495453004,0.9335804264972017
RGI60-11.02748,2000-01-01_2020-01-01,159000.0,-0.1231,0.4478,11,False,RGI60-11.02748,0.159,3518,3795,3673,33.0,141,384,7.60833,46.0209,-0.7771459614569709,0.6293203910498374
RGI60-11.02749,2000-01-01_2020-01-01,3821000.0,-0.9774,0.177,11,False,RGI60-11.02749,3.821,2699,3602,2978,16.4,352,3726,7.42338,46.003,0.9902680687415703,-0.13917310096006588
RGI60-11.02750,2000-01-01_2020-01-01,727000.0,-0.4933,0.171,11,False,RGI60-11.02750,0.727,2560,3341,3056,25.4,338,1345,7.00937,46.0047,0.9271838545667873,-0.37460659341591235
RGI60-11.02751,2000-01-01_2020-01-01,27000.0,-0.8558,0.7825,11,False,RGI60-11.02751,0.027,2967,3175,3045,45.8,116,177,7.92462,46.0232,-0.4383711467890775,0.8987940462991669
RGI60-11.02752,2000-01-01_2020-01-01,303000.0,-0.7464,0.2409,11,False,RGI60-11.02752,0.303,2635,3059,2847,25.9,6,866,6.98837,46.007,0.9945218953682733,0.10452846326765347
RGI60-11.02753,2000-01-01_2020-01-01,40000.0,-0.6739,0.4838,11,False,RGI60-11.02753,0.04,3011,3182,3117,34.0,56,236,7.55678,46.0185,0.5591929034707468,0.8290375725550417
RGI60-11.02754,2000-01-01_2020-01-01,1019000.0,-0.6475,0.1675,11,False,RGI60-11.02754,1.019,2526,3210,2956,25.0,358,1295,6.99896,46.0049,0.9993908270190958,-0.034899496702500823
RGI60-11.02755,2000-01-01_2020-01-01,2873000.0,-0.3746,0.1443,11,False,RGI60-11.02755,2.873,2223,3766,3303,21.1,16,5093,7.4485,45.997,0.9612616959383189,0.27563735581699916
RGI60-11.02756,2000-01-01_2020-01-01,105000.0,-0.8005,0.3851,11,False,RGI60-11.02756,0.105,3116,3373,3261,31.5,264,292,7.51554,46.0158,-0.10452846326765336,-0.9945218953682734
RGI60-11.02757,2000-01-01_2020-01-01,41000.0,-1.1112,0.8253,11,False,RGI60-11.02757,0.041,2703,3014,2878,38.1,33,369,7.01608,46.0084,0.838670567945424,0.5446390350150271
RGI60-11.02758,2000-01-01_2020-01-01,12000.0,0.5261,0.9186,11,False,RGI60-11.02758,0.012,3888,3956,3929,42.5,170,103,7.87982,46.0212,-0.984807753012208,0.17364817766693028
RGI60-11.02759,2000-01-01_2020-01-01,11000.0,-0.5963718926974675,0.4007490312965724,11,True,RGI60-11.02759,0.011,3449,3587,3525,48.4,124,135,7.60631,46.0174,-0.5591929034707467,0.8290375725550417
RGI60-11.02760,2000-01-01_2020-01-01,755000.0,-0.8675,0.2012,11,False,RGI60-11.02760,0.755,3037,3464,3182,17.2,84,1339,7.39784,46.0099,0.10452846326765346,0.9945218953682733
RGI60-11.02761,2000-01-01_2020-01-01,23000.0,-1.1821,0.8735,11,False,RGI60-11.02761,0.023,3093,3250,3181,43.1,51,190,7.55793,46.0165,0.6293203910498375,0.7771459614569709
RGI60-11.02762,2000-01-01_2020-01-01,275000.0,-0.0023,0.1651,11,False,RGI60-11.02762,0.275,3426,3859,3632,21.5,223,653,7.86964,46.0179,-0.7313537016191706,-0.6819983600624984
RGI60-11.02763,2000-01-01_2020-01-01,41000.0,-0.5941,0.5739,11,False,RGI60-11.02763,0.041,3138,3425,3305,43.8,354,280,7.38941,46.0126,0.9945218953682733,-0.10452846326765342
RGI60-11.02764,2000-01-01_2020-01-01,2138000.0,-0.4256,0.1486,11,False,RGI60-11.02764,2.138,2964,4095,3415,21.2,254,3574,7.87661,46.0124,-0.2756373558169989,-0.961261695938319
RGI60-11.02765,2000-01-01_2020-01-01,77000.0,-0.9469,0.4975,11,False,RGI60-11.02765,0.077,3327,3536,3387,36.1,138,266,7.91444,46.0182,-0.7431448254773941,0.6691306063588583
RGI60-11.02766,2000-01-01_2020-01-01,16697000.0,-0.8258,0.1313,11,False,RGI60-11.02766,16.697,2242,4267,3272,17.3,7,9983,7.29108,45.9647,0.992546151641322,0.12186934340514748
RGI60-11.02767,2000-01-01_2020-01-01,63000.0,-0.093,0.2747,11,False,RGI60-11.02767,0.063,3135,3311,3215,28.6,166,320,7.37031,46.01,-0.9702957262759965,0.24192189559966773
RGI60-11.02768,2000-01-01_2020-01-01,125000.0,-0.8955,0.4322,11,False,RGI60-11.02768,0.125,3002,3314,3168,27.8,221,655,7.52337,46.0103,-0.7547095802227721,-0.656059028990507
RGI60-11.02769,2000-01-01_2020-01-01,532000.0,-0.6542,0.1997,11,False,RGI60-11.02769,0.532,3046,3511,3268,23.4,95,1103,7.91397,46.0128,-0.08715574274765824,0.9961946980917455
RGI60-11.02770,2000-01-01_2020-01-01,15000.0,-0.5963718926974675,0.4007490312965724,11,True,RGI60-11.02770,0.015,4078,4132,4108,29.0,181,71,7.90047,46.013,-0.9998476951563913,-0.017452406437283637
RGI60-11.02771,2000-01-01_2020-01-01,1241000.0,-0.8612,0.2136,11,False,RGI60-11.02771,1.241,2630,3695,2911,19.2,18,2755,7.4697,45.9969,0.9510565162951535,0.3090169943749474
RGI60-11.02772,2000-01-01_2020-01-01,38000.0,-0.8288,0.6377,11,False,RGI60-11.02772,0.038,3133,3259,3209,26.1,259,316,7.52551,46.0078,-0.1908089953765446,-0.981627183447664
RGI60-11.02773,2000-01-01_2020-01-01,14312000.0,-0.6112,0.116,11,False,RGI60-11.02773,14.312,2514,3761,3292,12.8,311,7763,7.87051,45.9936,0.656059028990507,-0.7547095802227722
RGI60-11.02774,2000-01-01_2020-01-01,5421000.0,-0.7815,0.1464,11,False,RGI60-11.02774,5.421,2581,3784,3227,12.4,322,4782,7.38888,45.9921,0.788010753606722,-0.6156614753256582
RGI60-11.02775,2000-01-01_2020-01-01,1296000.0,-0.9565,0.1963,11,False,RGI60-11.02775,1.296,2649,3242,2943,13.9,54,2717,7.05226,45.9964,0.5877852522924731,0.8090169943749475
RGI60-11.02776,2000-01-01_2020-01-01,538000.0,-0.0812,0.1608,11,False,RGI60-11.02776,0.538,3573,3942,3789,26.2,191,741,7.89766,46.0078,-0.981627183447664,-0.19080899537654472
RGI60-11.02777,2000-01-01_2020-01-01,142000.0,-0.0892,0.1986,11,False,RGI60-11.02777,0.142,3699,3915,3824,25.7,118,386,7.90393,46.0094,-0.4694715627858909,0.8829475928589269
RGI60-11.02778,2000-01-01_2020-01-01,16000.0,-0.5963718926974675,0.4007490312965724,11,True,RGI60-11.02778,0.016,3105,3174,3131,28.2,264,127,7.52438,46.0056,-0.10452846326765336,-0.9945218953682734
RGI60-11.02779,2000-01-01_2020-01-01,14000.0,-0.5963718926974675,0.4007490312965724,11,True,RGI60-11.02779,0.014,3216,3261,3244,23.0,281,103,7.52694,46.0056,0.1908089953765451,-0.9816271834476639
RGI60-11.02780,2000-01-01_2020-01-01,1487000.0,-0.8668,0.1848,11,False,RGI60-11.02780,1.487,2722,3206,3003,17.2,37,1658,7.95058,46.0021,0.7986355100472928,0.6018150231520483
RGI60-11.02781,2000-01-01_2020-01-01,601000.0,-0.7036,0.2467,11,False,RGI60-11.02781,0.601,2666,3645,2995,27.2,350,1923,7.26611,45.9918,0.984807753012208,-0.1736481776669304
RGI60-11.02782,2000-01-01_2020-01-01,273000.0,-0.5822,0.2851,11,False,RGI60-11.02782,0.273,2730,3637,3156,28.7,343,1799,7.25964,45.9901,0.9563047559630353,-0.29237170472273716
RGI60-11.02783,2000-01-01_2020-01-01,165000.0,-0.41,0.2579,11,False,RGI60-11.02783,0.165,2832,3273,3152,26.9,347,890,7.27399,45.994,0.9743700647852351,-0.22495105434386534
RGI60-11.02784,2000-01-01_2020-01-01,51000.0,-0.9064,0.6152,11,False,RGI60-11.02784,0.051,2820,3076,2924,35.2,78,224,7.06325,45.9926,0.20791169081775945,0.9781476007338056
RGI60-11.02785,2000-01-01_2020-01-01,511000.0,-0.6328,0.2143,11,False,RGI60-11.02785,0.511,2668,3468,3241,25.4,51,1767,7.27681,45.9886,0.6293203910498375,0.7771459614569709
RGI60-11.02786,2000-01-01_2020-01-01,359000.0,-1.016,0.2412,11,False,RGI60-11.02786,0.359,2906,3211,3099,19.4,136,888,7.04982,45.9889,-0.7193398003386513,0.6946583704589971
RGI60-11.02787,2000-01-01_2020-01-01,5670000.0,-0.7056,0.1455,11,False,RGI60-11.02787,5.67,2153,3601,3083,15.8,356,5286,7.48851,45.9746,0.9975640502598242,-0.06975647374412564
RGI60-11.02788,2000-01-01_2020-01-01,53000.0,-0.6098,0.5642,11,False,RGI60-11.02788,0.053,3333,3534,3405,35.2,64,325,7.90824,46.0004,0.43837114678907746,0.898794046299167
RGI60-11.02789,2000-01-01_2020-01-01,120000.0,-0.1318,0.2332,11,False,RGI60-11.02789,0.12,3196,3454,3370,26.8,298,486,7.53552,45.9968,0.4694715627858904,-0.8829475928589271
RGI60-11.02790,2000-01-01_2020-01-01,288000.0,-0.5164,0.2625,11,False,RGI60-11.02790,0.288,2942,3673,3233,34.5,45,993,7.46171,45.9947,0.7071067811865476,0.7071067811865476
RGI60-11.02791,2000-01-01_2020-01-01,38000.0,-0.7614,0.6785,11,False,RGI60-11.02791,0.038,2764,2839,2801,17.3,359,255,7.96925,46.0007,0.9998476951563913,-0.01745240643728356
RGI60-11.02792,2000-01-01_2020-01-01,41000.0,-0.9745,0.6829,11,False,RGI60-11.02792,0.041,2654,2733,2697,17.6,317,285,7.98825,46.0014,0.7313537016191707,-0.6819983600624983
RGI60-11.02793,2000-01-01_2020-01-01,6967000.0,-0.9022,0.1608,11,False,RGI60-11.02793,6.967,1829,3852,3037,20.1,53,6517,7.03987,45.9694,0.6018150231520484,0.7986355100472928
RGI60-11.02794,2000-01-01_2020-01-01,146000.0,0.0715,0.2326,11,False,RGI60-11.02794,0.146,3438,3775,3648,34.4,324,494,7.41201,45.992,0.8090169943749473,-0.5877852522924734
RGI60-11.02795,2000-01-01_2020-01-01,95000.0,-0.7529,0.3969,11,False,RGI60-11.02795,0.095,3052,3260,3146,26.7,126,451,7.04642,45.9858,-0.587785252292473,0.8090169943749475
RGI60-11.02796,2000-01-01_2020-01-01,7235000.0,-0.7281,0.1471,11,False,RGI60-11.02796,7.235,2568,3767,3345,18.0,201,6398,7.40374,45.958,-0.9335804264972017,-0.35836794954530043
RGI60-11.02797,2000-01-01_2020-01-01,273000.0,-0.6616,0.2787,11,False,RGI60-11.02797,0.273,2629,3098,2886,27.6,19,1088,7.32379,45.9866,0.9455185755993168,0.3255681544571567
RGI60-11.02798,2000-01-01_2020-01-01,22000.0,-0.3739,0.476,11,False,RGI60-11.02798,0.022,3658,3772,3765,28.1,49,90,7.42355,45.9923,0.6560590289905073,0.754709580222772
RGI60-11.02799,2000-01-01_2020-01-01,16000.0,0.1553,0.3987,11,False,RGI60-11.02799,0.016,3676,3775,3768,20.5,158,127,7.42347,45.9918,-0.9271838545667873,0.37460659341591224
RGI60-11.02800,2000-01-01_2020-01-01,81000.0,-0.6038,0.4348,11,False,RGI60-11.02800,0.081,3141,3411,3274,35.9,160,293,7.92233,45.9948,-0.9396926207859083,0.3420201433256689
RGI60-11.02801,2000-01-01_2020-01-01,11614000.0,-1.4738,0.2021,11,False,RGI60-11.02801,11.614,2477,3748,3022,13.7,248,8845,7.45732,45.9566,-0.3746065934159123,-0.9271838545667873
RGI60-11.02802,2000-01-01_2020-01-01,247000.0,-0.4075,0.2321,11,False,RGI60-11.02802,0.247,2967,3733,3275,23.8,96,1781,7.46889,45.9886,-0.10452846326765355,0.9945218953682733
RGI60-11.02803,2000-01-01_2020-01-01,980000.0,-0.7083,0.2095,11,False,RGI60-11.02803,0.98,2947,3479,3170,25.6,343,1342,7.82477,45.9897,0.9563047559630353,-0.29237170472273716
RGI60-11.02804,2000-01-01_2020-01-01,491000.0,-0.921,0.262,11,False,RGI60-11.02804,0.491,2883,3521,3142,33.3,142,985,7.91265,45.992,-0.7880107536067219,0.6156614753256584
RGI60-11.02805,2000-01-01_2020-01-01,1602000.0,-0.3073,0.1577,11,False,RGI60-11.02805,1.602,2782,3778,3175,31.9,18,1407,7.66061,45.9862,0.9510565162951535,0.3090169943749474
RGI60-11.02806,2000-01-01_2020-01-01,11000.0,-0.5963718926974675,0.4007490312965724,11,True,RGI60-11.02806,0.011,2799,2856,2830,39.0,50,90,7.29009,45.986,0.6427876096865394,0.766044443118978
RGI60-11.02807,2000-01-01_2020-01-01,152000.0,-1.0378,0.3761,11,False,RGI60-11.02807,0.152,2937,3230,3078,24.5,129,638,7.03676,45.9796,-0.6293203910498373,0.777145961456971
RGI60-11.02808,2000-01-01_2020-01-01,56000.0,-0.2987,0.3606,11,False,RGI60-11.02808,0.056,3390,3608,3523,30.6,272,304,7.26251,45.9832,0.03489949670250128,-0.9993908270190958
RGI60-11.02809,2000-01-01_2020-01-01,197000.0,-0.4422,0.2191,11,False,RGI60-11.02809,0.197,3027,3418,3181,32.8,256,575,7.53822,45.9859,-0.24192189559966779,-0.9702957262759965
RGI60-11.02810,2000-01-01_2020-01-01,3623000.0,-1.4477,0.232,11,False,RGI60-11.02810,3.623,2560,3439,2949,14.7,351,4128,7.52551,45.967,0.9876883405951377,-0.1564344650402311
RGI60-11.02811,2000-01-01_2020-01-01,83000.0,-0.5624,0.4056,11,False,RGI60-11.02811,0.083,3127,3482,3392,39.1,354,396,7.64624,45.9861,0.9945218953682733,-0.10452846326765342
RGI60-11.02812,2000-01-01_2020-01-01,3329000.0,-0.4945,0.1427,11,False,RGI60-11.02812,3.329,2797,3759,3284,18.4,221,3163,7.56221,45.9789,-0.7547095802227721,-0.656059028990507
RGI60-11.02813,2000-01-01_2020-01-01,455000.0,-0.6282,0.2243,11,False,RGI60-11.02813,0.455,2873,3452,3181,27.8,81,1155,7.28815,45.9762,0.15643446504023092,0.9876883405951378
RGI60-11.02814,2000-01-01_2020-01-01,1670000.0,-0.6184,0.1645,11,False,RGI60-11.02814,1.67,2694,3578,3251,20.5,325,2626,7.25951,45.9701,0.8191520442889916,-0.5735764363510465
RGI60-11.02815,2000-01-01_2020-01-01,45000.0,-0.5744,0.595,11,False,RGI60-11.02815,0.045,3218,3482,3345,49.9,122,285,7.90667,45.9887,-0.5299192642332048,0.8480480961564261
RGI60-11.02816,2000-01-01_2020-01-01,99000.0,-0.3702,0.2819,11,False,RGI60-11.02816,0.099,2994,3448,3138,36.5,272,340,7.53793,45.9819,0.03489949670250128,-0.9993908270190958
RGI60-11.02817,2000-01-01_2020-01-01,23000.0,-0.5963718926974675,0.4007490312965724,11,True,RGI60-11.02817,0.023,3099,3229,3155,41.1,352,168,7.50785,45.9827,0.9902680687415703,-0.13917310096006588
RGI60-11.02818,2000-01-01_2020-01-01,405000.0,-0.1203,0.186,11,False,RGI60-11.02818,0.405,3072,3624,3384,28.8,36,559,7.32256,45.9759,0.8090169943749475,0.5877852522924731
RGI60-11.02819,2000-01-01_2020-01-01,6706000.0,-1.1093,0.1638,11,False,RGI60-11.02819,6.706,2683,3503,3022,14.1,20,3485,7.69639,45.9647,0.9396926207859084,0.3420201433256687
RGI60-11.02820,2000-01-01_2020-01-01,47000.0,-0.5963718926974675,0.4007490312965724,11,True,RGI60-11.02820,0.047,3532,3790,3698,34.4,307,389,7.65061,45.9818,0.6018150231520479,-0.798635510047293
RGI60-11.02821,2000-01-01_2020-01-01,20000.0,-0.5963718926974675,0.4007490312965724,11,True,RGI60-11.02821,0.02,3025,3220,3090,43.9,130,202,7.90563,45.9852,-0.6427876096865394,0.766044443118978
RGI60-11.02822,2000-01-01_2020-01-01,56464000.0,-0.8483,0.1169,11,False,RGI60-11.02822,56.464,2207,4535,3337,18.5,325,13618,7.80309,45.9502,0.8191520442889916,-0.5735764363510465
RGI60-11.02823,2000-01-01_2020-01-01,183000.0,0.2463,0.4143,11,False,RGI60-11.02823,0.183,3259,3590,3536,29.9,328,389,7.50496,45.9786,0.8480480961564258,-0.529919264233205
RGI60-11.02824,2000-01-01_2020-01-01,24000.0,0.1462,0.3839,11,False,RGI60-11.02824,0.024,3478,3613,3583,27.4,115,125,7.45076,45.9778,-0.42261826174069933,0.90630778703665
RGI60-11.02825,2000-01-01_2020-01-01,111000.0,-0.5647,0.4541,11,False,RGI60-11.02825,0.111,3337,3754,3563,42.2,112,411,7.89833,45.982,-0.37460659341591207,0.9271838545667874
RGI60-11.02826,2000-01-01_2020-01-01,57000.0,-0.702,0.4561,11,False,RGI60-11.02826,0.057,2752,2916,2834,31.9,356,285,7.07428,45.9716,0.9975640502598242,-0.06975647374412564
RGI60-11.02827,2000-01-01_2020-01-01,686000.0,-0.5263,0.1757,11,False,RGI60-11.02827,0.686,3189,3711,3451,24.0,144,1210,7.4014,45.9734,-0.8090169943749473,0.5877852522924732
RGI60-11.02828,2000-01-01_2020-01-01,26000.0,0.3749,0.4031,11,False,RGI60-11.02828,0.026,3551,3644,3620,28.7,323,158,7.44847,45.9772,0.7986355100472928,-0.6018150231520483
RGI60-11.02829,2000-01-01_2020-01-01,77000.0,-0.6508,0.3827,11,False,RGI60-11.02829,0.077,2815,3000,2908,27.4,340,382,7.07,45.9705,0.9396926207859084,-0.3420201433256686
RGI60-11.02830,2000-01-01_2020-01-01,23000.0,-0.2422,1.1122,11,False,RGI60-11.02830,0.023,3834,4064,3943,56.2,349,152,7.65543,45.9796,0.981627183447664,-0.19080899537654467
RGI60-11.02831,2000-01-01_2020-01-01,44000.0,-0.6889,0.4586,11,False,RGI60-11.02831,0.044,2905,3037,2976,25.1,314,270,7.53305,45.9762,0.6946583704589973,-0.7193398003386511
RGI60-11.02832,2000-01-01_2020-01-01,34000.0,-1.1798,0.9483,11,False,RGI60-11.02832,0.034,3341,3640,3478,37.6,99,385,7.45053,45.9744,-0.1564344650402308,0.9876883405951378
RGI60-11.02833,2000-01-01_2020-01-01,60000.0,-0.4486,0.3827,11,False,RGI60-11.02833,0.06,3426,3665,3604,31.0,68,438,7.32345,45.9708,0.37460659341591196,0.9271838545667874
RGI60-11.02834,2000-01-01_2020-01-01,20000.0,-0.5963718926974675,0.4007490312965724,11,True,RGI60-11.02834,0.02,3523,3629,3581,33.5,129,158,7.44834,45.973,-0.6293203910498373,0.777145961456971
RGI60-11.02835,2000-01-01_2020-01-01,207000.0,-0.5259,0.2675,11,False,RGI60-11.02835,0.207,3017,3344,3190,30.2,61,617,7.50924,45.9701,0.4848096202463371,0.8746197071393957
RGI60-11.02836,2000-01-01_2020-01-01,14000.0,-0.5791,0.8099,11,False,RGI60-11.02836,0.014,3137,3283,3197,54.2,249,100,7.53945,45.9738,-0.3583679495453007,-0.9335804264972016
RGI60-11.02837,2000-01-01_2020-01-01,32000.0,-0.5963718926974675,0.4007490312965724,11,True,RGI60-11.02837,0.032,3341,3692,3523,49.7,329,168,7.59825,45.9731,0.8571673007021121,-0.5150380749100545
RGI60-11.02838,2000-01-01_2020-01-01,575000.0,-0.9115,0.2796,11,False,RGI60-11.02838,0.575,2641,3432,2943,26.0,62,1222,7.06878,45.9624,0.46947156278589086,0.8829475928589269
RGI60-11.02839,2000-01-01_2020-01-01,35000.0,-0.2892,0.3961,11,False,RGI60-11.02839,0.035,3273,3404,3337,33.1,147,190,7.45102,45.9708,-0.8386705679454239,0.5446390350150273
RGI60-11.02840,2000-01-01_2020-01-01,340000.0,-0.3078,0.1884,11,False,RGI60-11.02840,0.34,3208,3624,3542,27.1,139,755,7.32181,45.9654,-0.754709580222772,0.6560590289905073
RGI60-11.02841,2000-01-01_2020-01-01,248000.0,-0.8394,0.2777,11,False,RGI60-11.02841,0.248,2984,3321,3156,28.3,252,787,7.57666,45.9695,-0.30901699437494756,-0.9510565162951535
RGI60-11.02842,2000-01-01_2020-01-01,66000.0,-0.5442,0.3944,11,False,RGI60-11.02842,0.066,3324,3561,3452,25.8,217,543,7.44078,45.968,-0.7986355100472928,-0.6018150231520484
RGI60-11.02843,2000-01-01_2020-01-01,5880000.0,-0.3532,0.1288,11,False,RGI60-11.02843,5.88,2534,3985,3331,21.5,263,3915,7.58672,45.9573,-0.12186934340514717,-0.9925461516413221
RGI60-11.02844,2000-01-01_2020-01-01,67000.0,-0.599,0.4253,11,False,RGI60-11.02844,0.067,3059,3341,3173,35.8,167,354,7.66446,45.9707,-0.9743700647852351,0.2249510543438652
RGI60-11.02845,2000-01-01_2020-01-01,129000.0,-0.8242,0.3601,11,False,RGI60-11.02845,0.129,3084,3548,3306,42.6,178,501,7.64688,45.9686,-0.9993908270190958,0.03489949670250114
RGI60-11.02846,2000-01-01_2020-01-01,14000.0,-0.5963718926974675,0.4007490312965724,11,True,RGI60-11.02846,0.014,3395,3486,3460,32.9,185,141,7.63046,45.97,-0.9961946980917455,-0.08715574274765794
RGI60-11.02847,2000-01-01_2020-01-01,24000.0,-0.0631,0.2996,11,False,RGI60-11.02847,0.024,3459,3592,3515,30.4,219,212,7.63969,45.9696,-0.7771459614569708,-0.6293203910498376
RGI60-11.02848,2000-01-01_2020-01-01,26000.0,-1.1026,0.9807,11,False,RGI60-11.02848,0.026,2618,2803,2744,41.8,36,237,7.08095,45.9604,0.8090169943749475,0.5877852522924731
RGI60-11.02849,2000-01-01_2020-01-01,99000.0,-0.6048,0.3014,11,False,RGI60-11.02849,0.099,3095,3215,3182,19.8,83,358,7.54666,45.9658,0.12186934340514749,0.992546151641322
RGI60-11.02850,2000-01-01_2020-01-01,11000.0,-0.5963718926974675,0.4007490312965724,11,True,RGI60-11.02850,0.011,3011,3055,3026,21.6,144,106,7.45287,45.9664,-0.8090169943749473,0.5877852522924732
RGI60-11.02851,2000-01-01_2020-01-01,894000.0,-1.0311,0.2342,11,False,RGI60-11.02851,0.894,2649,3335,2975,25.5,177,1841,7.62111,45.9633,-0.9986295347545738,0.05233595624294381
RGI60-11.02852,2000-01-01_2020-01-01,28000.0,-0.2488,0.4115,11,False,RGI60-11.02852,0.028,3360,3520,3423,40.4,178,158,7.64119,45.9685,-0.9993908270190958,0.03489949670250114
RGI60-11.02853,2000-01-01_2020-01-01,102000.0,-0.9478,0.5268,11,False,RGI60-11.02853,0.102,2969,3228,3092,38.1,162,255,7.65638,45.9675,-0.9510565162951535,0.3090169943749475
RGI60-11.02854,2000-01-01_2020-01-01,68000.0,-0.7175,0.3816,11,False,RGI60-11.02854,0.068,3139,3255,3213,25.2,61,270,7.67507,45.9679,0.4848096202463371,0.8746197071393957
RGI60-11.02855,2000-01-01_2020-01-01,419000.0,-1.1918,0.344,11,False,RGI60-11.02855,0.419,2746,3337,2889,24.9,102,1284,7.06912,45.9553,-0.20791169081775934,0.9781476007338057
RGI60-11.02856,2000-01-01_2020-01-01,88000.0,-0.9371,0.4708,11,False,RGI60-11.02856,0.088,2968,3272,3052,38.7,172,309,7.63513,45.9668,-0.9902680687415704,0.13917310096006533
RGI60-11.02857,2000-01-01_2020-01-01,63000.0,-0.132,0.2476,11,False,RGI60-11.02857,0.063,3501,3594,3541,21.3,162,230,7.3175,45.9623,-0.9510565162951535,0.3090169943749475
RGI60-11.02858,2000-01-01_2020-01-01,4446000.0,-0.7317,0.1906,11,False,RGI60-11.02858,4.446,1797,4487,2833,27.3,42,5968,7.89835,45.9415,0.7431448254773942,0.6691306063588582
RGI60-11.02859,2000-01-01_2020-01-01,374000.0,-0.4272,0.2033,11,False,RGI60-11.02859,0.374,2973,3454,3281,30.5,149,1006,7.05249,45.9555,-0.8571673007021122,0.5150380749100544
RGI60-11.02860,2000-01-01_2020-01-01,412000.0,-0.8211,0.2332,11,False,RGI60-11.02860,0.412,3096,3405,3254,18.8,111,1118,7.43681,45.9608,-0.35836794954530027,0.9335804264972017
RGI60-11.02861,2000-01-01_2020-01-01,715000.0,-0.4094,0.1945,11,False,RGI60-11.02861,0.715,2708,3715,3262,33.9,137,1288,7.60893,45.9574,-0.7313537016191705,0.6819983600624985
RGI60-11.02862,2000-01-01_2020-01-01,12000.0,-0.5963718926974675,0.4007490312965724,11,True,RGI60-11.02862,0.012,3127,3255,3182,47.5,260,125,7.25754,45.9582,-0.17364817766693033,-0.984807753012208
RGI60-11.02863,2000-01-01_2020-01-01,305000.0,-0.4249,0.1935,11,False,RGI60-11.02863,0.305,3122,3444,3328,18.6,103,1037,7.49992,45.9588,-0.22495105434386503,0.9743700647852352
RGI60-11.02864,2000-01-01_2020-01-01,1044000.0,-0.6764,0.1913,11,False,RGI60-11.02864,1.044,2583,3554,2947,27.8,121,1945,7.04919,45.9488,-0.5150380749100543,0.8571673007021123
RGI60-11.02865,2000-01-01_2020-01-01,211000.0,-0.5138,0.2589,11,False,RGI60-11.02865,0.211,3057,3424,3318,22.7,288,583,7.42523,45.9586,0.30901699437494723,-0.9510565162951536
RGI60-11.02866,2000-01-01_2020-01-01,2160000.0,-0.9345,0.1816,11,False,RGI60-11.02866,2.16,2611,3240,2795,20.0,60,2196,7.33093,45.9466,0.5000000000000001,0.8660254037844386
RGI60-11.02867,2000-01-01_2020-01-01,264000.0,-0.7622,0.3584,11,False,RGI60-11.02867,0.264,2966,3393,3194,24.1,259,855,7.52005,45.9558,-0.1908089953765446,-0.981627183447664
RGI60-11.02868,2000-01-01_2020-01-01,11000.0,-0.5963718926974675,0.4007490312965724,11,True,RGI60-11.02868,0.011,3260,3317,3282,33.8,288,90,7.67642,45.9607,0.30901699437494723,-0.9510565162951536
RGI60-11.02869,2000-01-01_2020-01-01,1488000.0,-0.4142,0.1521,11,False,RGI60-11.02869,1.488,2901,3870,3292,22.6,311,2271,7.83472,45.9543,0.656059028990507,-0.7547095802227722
RGI60-11.02870,2000-01-01_2020-01-01,447000.0,-0.7088,0.2614,11,False,RGI60-11.02870,0.447,2652,3325,2957,33.1,74,927,7.88588,45.9581,0.27563735581699916,0.9612616959383189
RGI60-11.02871,2000-01-01_2020-01-01,59000.0,-0.4872,0.3948,11,False,RGI60-11.02871,0.059,3335,3425,3395,23.1,27,175,7.68082,45.9579,0.8910065241883679,0.45399049973954675
RGI60-11.02872,2000-01-01_2020-01-01,1269000.0,-1.1391,0.2392,11,False,RGI60-11.02872,1.269,2861,3475,3106,19.0,165,2040,7.52618,45.948,-0.9659258262890682,0.258819045102521
RGI60-11.02873,2000-01-01_2020-01-01,137000.0,-0.6709,0.3342,11,False,RGI60-11.02873,0.137,3240,3433,3366,25.3,175,280,7.48502,45.9534,-0.9961946980917455,0.0871557427476582
RGI60-11.02874,2000-01-01_2020-01-01,19000.0,-0.5963718926974675,0.4007490312965724,11,True,RGI60-11.02874,0.019,3466,3535,3512,23.8,297,158,7.5374,45.9551,0.45399049973954664,-0.891006524188368
RGI60-11.02875,2000-01-01_2020-01-01,14000.0,-0.4988,0.8036,11,False,RGI60-11.02875,0.014,3580,3761,3708,53.4,357,146,7.85403,45.9585,0.9986295347545738,-0.05233595624294437
RGI60-11.02876,2000-01-01_2020-01-01,15000.0,-0.2899,0.423,11,False,RGI60-11.02876,0.015,3295,3397,3355,39.7,216,90,7.67896,45.9569,-0.8090169943749475,-0.587785252292473
RGI60-11.02877,2000-01-01_2020-01-01,22000.0,-0.5963718926974675,0.4007490312965724,11,True,RGI60-11.02877,0.022,3037,3178,3106,40.6,308,160,7.41636,45.951,0.6156614753256585,-0.7880107536067218
RGI60-11.02878,2000-01-01_2020-01-01,269000.0,-0.7663,0.2713,11,False,RGI60-11.02878,0.269,3000,3254,3138,24.7,96,818,7.47858,45.9466,-0.10452846326765355,0.9945218953682733
RGI60-11.02879,2000-01-01_2020-01-01,165000.0,-0.0073,0.1923,11,False,RGI60-11.02879,0.165,2953,3290,3141,23.1,339,702,7.7885,45.9509,0.9335804264972015,-0.35836794954530077
RGI60-11.02880,2000-01-01_2020-01-01,54000.0,-0.8951,0.6539,11,False,RGI60-11.02880,0.054,2919,3163,3018,39.7,14,313,7.79251,45.9519,0.9702957262759965,0.24192189559966773
RGI60-11.02881,2000-01-01_2020-01-01,45000.0,0.2354,0.5017,11,False,RGI60-11.02881,0.045,3761,4078,4013,40.8,72,270,7.31154,45.9446,0.30901699437494745,0.9510565162951535
RGI60-11.02882,2000-01-01_2020-01-01,20000.0,-0.5963718926974675,0.4007490312965724,11,True,RGI60-11.02882,0.02,2817,2876,2834,19.5,38,135,7.32488,45.946,0.7880107536067219,0.6156614753256583
RGI60-11.02883,2000-01-01_2020-01-01,548000.0,-0.7668,0.3025,11,False,RGI60-11.02883,0.548,2267,3524,2846,34.6,76,1944,7.88943,45.9489,0.24192189559966767,0.9702957262759965
RGI60-11.02884,2000-01-01_2020-01-01,2213000.0,-0.6822,0.1834,11,False,RGI60-11.02884,2.213,2070,3708,2751,31.3,62,3012,7.0521,45.9338,0.46947156278589086,0.8829475928589269
RGI60-11.02885,2000-01-01_2020-01-01,13000.0,-0.5963718926974675,0.4007490312965724,11,True,RGI60-11.02885,0.013,3496,3565,3537,26.3,25,112,7.47077,45.9482,0.9063077870366499,0.42261826174069944
RGI60-11.02886,2000-01-01_2020-01-01,31000.0,-0.3318,0.3831,11,False,RGI60-11.02886,0.031,3154,3270,3211,29.8,285,212,7.51492,45.9481,0.2588190451025203,-0.9659258262890684
RGI60-11.02887,2000-01-01_2020-01-01,36000.0,-0.3227,0.6428,11,False,RGI60-11.02887,0.036,3353,3484,3421,36.7,259,168,7.4682,45.9471,-0.1908089953765446,-0.981627183447664
RGI60-11.02888,2000-01-01_2020-01-01,45000.0,-1.2194,0.6195,11,False,RGI60-11.02888,0.045,3090,3216,3161,27.3,208,280,7.40413,45.9459,-0.8829475928589269,-0.46947156278589086
RGI60-11.02889,2000-01-01_2020-01-01,290000.0,-0.4651,0.2791,11,False,RGI60-11.02889,0.29,3233,3792,3663,36.4,34,616,7.32031,45.9396,0.8290375725550417,0.5591929034707469
RGI60-11.02890,2000-01-01_2020-01-01,6904000.0,-1.0982,0.176,11,False,RGI60-11.02890,6.904,2369,4190,3057,19.4,73,5756,7.32284,45.9244,0.29237170472273677,0.9563047559630354
RGI60-11.02891,2000-01-01_2020-01-01,24000.0,-0.3582,0.5098,11,False,RGI60-11.02891,0.024,3314,3442,3371,41.3,252,146,7.46885,45.9439,-0.30901699437494756,-0.9510565162951535
RGI60-11.02892,2000-01-01_2020-01-01,14000.0,-0.5963718926974675,0.4007490312965724,11,True,RGI60-11.02892,0.014,3317,3404,3384,23.1,258,152,7.27631,45.9401,-0.2079116908177598,-0.9781476007338056
RGI60-11.02893,2000-01-01_2020-01-01,14000.0,-0.5963718926974675,0.4007490312965724,11,True,RGI60-11.02893,0.014,3524,3644,3588,44.5,301,127,7.58982,45.9431,0.5150380749100542,-0.8571673007021123
RGI60-11.02894,2000-01-01_2020-01-01,21000.0,-0.5963718926974675,0.4007490312965724,11,True,RGI60-11.02894,0.021,4287,4507,4372,45.2,83,160,7.87133,45.9439,0.12186934340514749,0.992546151641322
RGI60-11.02895,2000-01-01_2020-01-01,256000.0,-0.2853,0.1943,11,False,RGI60-11.02895,0.256,3179,3431,3300,23.8,297,478,7.70619,45.9396,0.45399049973954664,-0.891006524188368
RGI60-11.02896,2000-01-01_2020-01-01,18000.0,-0.8775,0.881,11,False,RGI60-11.02896,0.018,2916,2968,2949,13.4,284,206,7.26901,45.9371,0.24192189559966742,-0.9702957262759966
RGI60-11.02897,2000-01-01_2020-01-01,354000.0,-0.3537,0.2082,11,False,RGI60-11.02897,0.354,2812,3346,3150,30.4,296,905,7.57916,45.9381,0.4383711467890774,-0.898794046299167
RGI60-11.02898,2000-01-01_2020-01-01,1842000.0,-0.7515,0.1801,11,False,RGI60-11.02898,1.842,2659,3403,3060,21.1,330,2023,7.42981,45.9264,0.8660254037844384,-0.5000000000000004
RGI60-11.02899,2000-01-01_2020-01-01,17000.0,0.0559,0.5134,11,False,RGI60-11.02899,0.017,3853,4045,3936,50.2,220,180,7.29809,45.9348,-0.766044443118978,-0.6427876096865393
RGI60-11.02900,2000-01-01_2020-01-01,56000.0,-0.7279,0.473,11,False,RGI60-11.02900,0.056,3154,3376,3242,28.1,201,425,7.27709,45.9334,-0.9335804264972017,-0.35836794954530043
RGI60-11.02901,2000-01-01_2020-01-01,925000.0,-0.2521,0.1593,11,False,RGI60-11.02901,0.925,3005,3816,3388,25.2,236,1420,7.29038,45.927,-0.5591929034707466,-0.8290375725550418
RGI60-11.02902,2000-01-01_2020-01-01,6785000.0,-0.3465,0.1228,11,False,RGI60-11.02902,6.785,2572,4162,3659,22.5,188,4545,7.76432,45.9293,-0.9902680687415703,-0.13917310096006552
RGI60-11.02903,2000-01-01_2020-01-01,63000.0,-0.3074,0.6256,11,False,RGI60-11.02903,0.063,4253,4530,4451,37.0,93,158,7.86985,45.9395,-0.05233595624294384,0.9986295347545738
RGI60-11.02904,2000-01-01_2020-01-01,447000.0,-1.0252,0.2506,11,False,RGI60-11.02904,0.447,3002,3361,3131,23.9,136,786,7.33465,45.9325,-0.7193398003386513,0.6946583704589971
RGI60-11.02905,2000-01-01_2020-01-01,16000.0,-1.0218,1.0761,11,False,RGI60-11.02905,0.016,2598,2748,2663,41.6,33,160,7.06216,45.9293,0.838670567945424,0.5446390350150271
RGI60-11.02906,2000-01-01_2020-01-01,27000.0,-1.0025,1.0386,11,False,RGI60-11.02906,0.027,2539,2754,2657,39.1,311,292,7.93264,45.9397,0.656059028990507,-0.7547095802227722
RGI60-11.02907,2000-01-01_2020-01-01,23000.0,-0.8524,0.7144,11,False,RGI60-11.02907,0.023,3132,3193,3160,27.5,220,125,7.27965,45.9311,-0.766044443118978,-0.6427876096865393
RGI60-11.02908,2000-01-01_2020-01-01,28000.0,-0.5963718926974675,0.4007490312965724,11,True,RGI60-11.02908,0.028,2769,2888,2804,25.8,70,230,7.4848,45.933,0.3420201433256688,0.9396926207859083
RGI60-11.02909,2000-01-01_2020-01-01,1460000.0,-0.6777,0.1762,11,False,RGI60-11.02909,1.46,2479,3541,2858,30.1,98,1777,7.06063,45.9199,-0.13917310096006535,0.9902680687415704
RGI60-11.02910,2000-01-01_2020-01-01,1252000.0,-0.6237,0.2163,11,False,RGI60-11.02910,1.252,2375,3445,2985,33.2,358,1836,7.91822,45.9288,0.9993908270190958,-0.034899496702500823
RGI60-11.02911,2000-01-01_2020-01-01,73000.0,-0.4996,0.4989,11,False,RGI60-11.02911,0.073,2745,3041,2823,40.3,16,301,7.48819,45.931,0.9612616959383189,0.27563735581699916
RGI60-11.02912,2000-01-01_2020-01-01,92000.0,0.574,0.7255,11,False,RGI60-11.02912,0.092,3354,4191,3960,52.3,23,622,7.82314,45.9298,0.9205048534524404,0.39073112848927377
RGI60-11.02913,2000-01-01_2020-01-01,75000.0,-0.7691,0.3661,11,False,RGI60-11.02913,0.075,3163,3287,3220,22.2,220,269,7.47547,45.9303,-0.766044443118978,-0.6427876096865393
RGI60-11.02914,2000-01-01_2020-01-01,909000.0,-0.6399,0.171,11,False,RGI60-11.02914,0.909,3004,3538,3227,20.5,272,1385,7.70413,45.9296,0.03489949670250128,-0.9993908270190958
RGI60-11.02915,2000-01-01_2020-01-01,135000.0,-0.8078,0.3225,11,False,RGI60-11.02915,0.135,3019,3331,3117,38.0,267,426,7.581,45.9298,-0.052335956242944306,-0.9986295347545738
RGI60-11.02916,2000-01-01_2020-01-01,3206000.0,-0.6775,0.151,11,False,RGI60-11.02916,3.206,2101,3641,3105,23.4,149,3924,7.04408,45.9099,-0.8571673007021122,0.5150380749100544
RGI60-11.02917,2000-01-01_2020-01-01,29000.0,-0.2152,0.5156,11,False,RGI60-11.02917,0.029,2955,3081,3029,28.2,327,255,7.92884,45.9314,0.838670567945424,-0.544639035015027
RGI60-11.02918,2000-01-01_2020-01-01,3570000.0,-0.4051,0.1345,11,False,RGI60-11.02918,3.57,3030,3866,3560,21.1,215,2408,7.7237,45.9176,-0.8191520442889918,-0.5735764363510462
RGI60-11.02919,2000-01-01_2020-01-01,125000.0,0.0083,0.4773,11,False,RGI60-11.02919,0.125,3648,4363,4055,53.4,16,407,7.83061,45.928,0.9612616959383189,0.27563735581699916
RGI60-11.02920,2000-01-01_2020-01-01,354000.0,-0.8915,0.313,11,False,RGI60-11.02920,0.354,2821,3431,2985,27.4,345,1157,7.5776,45.9207,0.9659258262890683,-0.2588190451025207
RGI60-11.02921,2000-01-01_2020-01-01,321000.0,-0.5603,0.2039,11,False,RGI60-11.02921,0.321,3129,3459,3322,19.3,179,971,7.29271,45.9172,-0.9998476951563913,0.01745240643728344
RGI60-11.02922,2000-01-01_2020-01-01,10404000.0,-0.4269,0.1211,11,False,RGI60-11.02922,10.404,2395,4465,3779,23.4,205,5734,7.83422,45.8983,-0.90630778703665,-0.4226182617406993
RGI60-11.02923,2000-01-01_2020-01-01,12000.0,-0.5963718926974675,0.4007490312965724,11,True,RGI60-11.02923,0.012,4248,4388,4317,46.6,26,100,7.83246,45.9256,0.898794046299167,0.4383711467890774
RGI60-11.02924,2000-01-01_2020-01-01,3647000.0,-0.7658,0.1832,11,False,RGI60-11.02924,3.647,2517,3605,2956,23.2,119,2572,7.02179,45.8995,-0.484809620246337,0.8746197071393959
RGI60-11.02925,2000-01-01_2020-01-01,898000.0,-0.5703,0.1707,11,False,RGI60-11.02925,0.898,2814,3214,3041,18.3,342,1082,7.41068,45.9153,0.9510565162951535,-0.3090169943749477
RGI60-11.02926,2000-01-01_2020-01-01,222000.0,-0.6044,0.2839,11,False,RGI60-11.02926,0.222,3004,3433,3126,26.8,196,766,7.05903,45.9111,-0.9612616959383189,-0.275637355816999
RGI60-11.02927,2000-01-01_2020-01-01,1885000.0,-0.7385,0.1831,11,False,RGI60-11.02927,1.885,2422,3711,3184,21.4,35,3760,7.26255,45.9001,0.8191520442889918,0.573576436351046
RGI60-11.02928,2000-01-01_2020-01-01,1538000.0,-0.6613,0.1902,11,False,RGI60-11.02928,1.538,2707,4155,3140,28.3,135,2438,7.89524,45.9174,-0.7071067811865475,0.7071067811865476
RGI60-11.02929,2000-01-01_2020-01-01,556000.0,-0.8029,0.2682,11,False,RGI60-11.02929,0.556,2956,3651,3152,25.8,190,807,7.90966,45.9213,-0.984807753012208,-0.17364817766693047
RGI60-11.02930,2000-01-01_2020-01-01,605000.0,-0.5851,0.1745,11,False,RGI60-11.02930,0.605,2575,2856,2710,12.9,14,1440,7.36373,45.9129,0.9702957262759965,0.24192189559966773
RGI60-11.02931,2000-01-01_2020-01-01,63000.0,-0.3606,0.5107,11,False,RGI60-11.02931,0.063,2968,3212,3091,36.7,94,313,7.92787,45.9236,-0.06975647374412533,0.9975640502598242
RGI60-11.02932,2000-01-01_2020-01-01,20000.0,-0.44,0.6272,11,False,RGI60-11.02932,0.02,3112,3265,3189,41.4,72,158,7.58801,45.9203,0.30901699437494745,0.9510565162951535
RGI60-11.02933,2000-01-01_2020-01-01,38000.0,0.1867,0.357,11,False,RGI60-11.02933,0.038,4180,4333,4289,28.8,88,230,7.87484,45.9221,0.03489949670250108,0.9993908270190958
RGI60-11.02934,2000-01-01_2020-01-01,2044000.0,-0.4054,0.1545,11,False,RGI60-11.02934,2.044,2897,4157,3534,28.1,244,2882,7.78249,45.9133,-0.43837114678907774,-0.8987940462991668
RGI60-11.02935,2000-01-01_2020-01-01,69000.0,-1.014,0.5051,11,False,RGI60-11.02935,0.069,3070,3238,3176,21.6,207,431,7.29707,45.9145,-0.8910065241883679,-0.45399049973954664
RGI60-11.02936,2000-01-01_2020-01-01,17000.0,-0.2658,0.5261,11,False,RGI60-11.02936,0.017,3283,3376,3332,23.8,316,261,7.42126,45.9165,0.7193398003386509,-0.6946583704589976
RGI60-11.02937,2000-01-01_2020-01-01,27000.0,-0.6022,0.5171,11,False,RGI60-11.02937,0.027,3095,3210,3143,32.3,112,168,7.34854,45.9156,-0.37460659341591207,0.9271838545667874
RGI60-11.02938,2000-01-01_2020-01-01,158000.0,-1.2793,0.4749,11,False,RGI60-11.02938,0.158,2750,3067,2886,28.4,333,782,7.56777,45.9156,0.8910065241883678,-0.45399049973954697
RGI60-11.02939,2000-01-01_2020-01-01,1144000.0,-0.7375,0.206,11,False,RGI60-11.02939,1.144,2612,3692,2995,22.8,348,2484,7.25089,45.9036,0.9781476007338056,-0.20791169081775987
RGI60-11.02940,2000-01-01_2020-01-01,18000.0,-0.4801,0.5111,11,False,RGI60-11.02940,0.018,3129,3226,3178,32.4,142,226,7.28631,45.913,-0.7880107536067219,0.6156614753256584
RGI60-11.02941,2000-01-01_2020-01-01,108000.0,-0.2176,0.2547,11,False,RGI60-11.02941,0.108,4235,4388,4308,23.6,184,225,7.86885,45.9188,-0.9975640502598242,-0.06975647374412527
RGI60-11.02942,2000-01-01_2020-01-01,50000.0,-0.2451,0.4761,11,False,RGI60-11.02942,0.05,4022,4332,4183,52.1,138,304,7.87465,45.9193,-0.7431448254773941,0.6691306063588583
RGI60-11.02943,2000-01-01_2020-01-01,42000.0,-0.5971,0.4627,11,False,RGI60-11.02943,0.042,3270,3407,3374,26.4,294,270,7.41989,45.9132,0.40673664307579976,-0.9135454576426011
RGI60-11.02944,2000-01-01_2020-01-01,87000.0,-0.6119,0.3352,11,False,RGI60-11.02944,0.087,3290,3407,3372,19.7,126,285,7.4221,45.9119,-0.587785252292473,0.8090169943749475
RGI60-11.02945,2000-01-01_2020-01-01,206000.0,-0.5565,0.2804,11,False,RGI60-11.02945,0.206,2736,3221,2880,33.8,315,732,7.5538,45.9127,0.7071067811865474,-0.7071067811865477
RGI60-11.02946,2000-01-01_2020-01-01,14000.0,-0.7172,0.8946,11,False,RGI60-11.02946,0.014,3118,3248,3200,35.8,338,177,7.56002,45.9136,0.9271838545667873,-0.37460659341591235
RGI60-11.02947,2000-01-01_2020-01-01,1843000.0,-0.3769,0.1468,11,False,RGI60-11.02947,1.843,3049,4081,3644,22.8,181,2173,7.79792,45.908,-0.9998476951563913,-0.017452406437283637
RGI60-11.02948,2000-01-01_2020-01-01,25000.0,-0.5963718926974675,0.4007490312965724,11,True,RGI60-11.02948,0.025,2707,2831,2757,35.8,42,202,7.93831,45.9166,0.7431448254773942,0.6691306063588582
RGI60-11.02949,2000-01-01_2020-01-01,227000.0,-0.7859,0.2821,11,False,RGI60-11.02949,0.227,3030,3344,3217,23.9,172,852,7.41492,45.9079,-0.9902680687415704,0.13917310096006533
RGI60-11.02950,2000-01-01_2020-01-01,1838000.0,-0.4444,0.2462,11,False,RGI60-11.02950,1.838,2480,4001,3241,31.5,117,2701,7.87784,45.9081,-0.45399049973954675,0.8910065241883679
RGI60-11.02951,2000-01-01_2020-01-01,17000.0,-0.6166,0.6422,11,False,RGI60-11.02951,0.017,3122,3189,3158,27.7,259,177,7.40356,45.9092,-0.1908089953765446,-0.981627183447664
RGI60-11.02952,2000-01-01_2020-01-01,31000.0,-0.9792,0.7728,11,False,RGI60-11.02952,0.031,3432,3659,3545,43.2,122,230,7.88084,45.9152,-0.5299192642332048,0.8480480961564261
RGI60-11.02953,2000-01-01_2020-01-01,61000.0,-1.0753,0.7079,11,False,RGI60-11.02953,0.061,2840,3128,3003,30.8,25,477,7.58924,45.9101,0.9063077870366499,0.42261826174069944
RGI60-11.02954,2000-01-01_2020-01-01,249000.0,-0.8356,0.2943,11,False,RGI60-11.02954,0.249,2798,3152,3016,24.5,80,810,7.37324,45.9068,0.17364817766693041,0.984807753012208
RGI60-11.02955,2000-01-01_2020-01-01,15000.0,-0.5963718926974675,0.4007490312965724,11,True,RGI60-11.02955,0.015,3224,3367,3299,41.0,127,160,7.88412,45.9142,-0.6018150231520484,0.7986355100472927
RGI60-11.02956,2000-01-01_2020-01-01,32000.0,-0.7225,0.4971,11,False,RGI60-11.02956,0.032,3300,3374,3345,23.9,238,146,7.40804,45.9079,-0.529919264233205,-0.848048096156426
RGI60-11.02957,2000-01-01_2020-01-01,18000.0,-0.5963718926974675,0.4007490312965724,11,True,RGI60-11.02957,0.018,3066,3117,3097,20.8,47,146,7.58538,45.9098,0.6819983600624985,0.7313537016191705
RGI60-11.02958,2000-01-01_2020-01-01,19000.0,-0.5963718926974675,0.4007490312965724,11,True,RGI60-11.02958,0.019,3063,3147,3098,31.6,281,127,7.23622,45.904,0.1908089953765451,-0.9816271834476639
RGI60-11.02959,2000-01-01_2020-01-01,36000.0,-0.5176,0.5538,11,False,RGI60-11.02959,0.036,3831,3971,3908,37.8,174,230,7.83399,45.9115,-0.9945218953682733,0.10452846326765373
RGI60-11.02960,2000-01-01_2020-01-01,15000.0,-0.5963718926974675,0.4007490312965724,11,True,RGI60-11.02960,0.015,3312,3345,3333,15.2,65,90,7.5555,45.9074,0.42261826174069944,0.9063077870366499
RGI60-11.02961,2000-01-01_2020-01-01,12000.0,-0.5963718926974675,0.4007490312965724,11,True,RGI60-11.02961,0.012,3017,3031,3025,14.3,184,125,7.39558,45.9053,-0.9975640502598242,-0.06975647374412527
RGI60-11.02962,2000-01-01_2020-01-01,17000.0,-0.2509,0.5045,11,False,RGI60-11.02962,0.017,3037,3163,3105,40.1,149,168,7.01114,45.8985,-0.8571673007021122,0.5150380749100544
RGI60-11.02963,2000-01-01_2020-01-01,23000.0,-0.7099,0.6641,11,False,RGI60-11.02963,0.023,3406,3473,3439,34.9,210,125,7.78323,45.9088,-0.8660254037844386,-0.5000000000000001
RGI60-11.02964,2000-01-01_2020-01-01,727000.0,-0.7947,0.2207,11,False,RGI60-11.02964,0.727,2864,3463,3206,19.3,208,1101,7.37072,45.893,-0.8829475928589269,-0.46947156278589086
RGI60-11.02965,2000-01-01_2020-01-01,16000.0,-0.5963718926974675,0.4007490312965724,11,True,RGI60-11.02965,0.016,3144,3291,3199,42.6,236,125,7.23847,45.9002,-0.5591929034707466,-0.8290375725550418
RGI60-11.02966,2000-01-01_2020-01-01,23000.0,-0.5963718926974675,0.4007490312965724,11,True,RGI60-11.02966,0.023,3358,3506,3438,42.6,56,158,7.24548,45.9004,0.5591929034707468,0.8290375725550417
RGI60-11.02967,2000-01-01_2020-01-01,126000.0,-1.0824,0.3798,11,False,RGI60-11.02967,0.126,2697,2871,2765,18.0,344,534,7.38702,45.9006,0.9612616959383189,-0.27563735581699894
RGI60-11.02968,2000-01-01_2020-01-01,946000.0,-0.8035,0.201,11,False,RGI60-11.02968,0.946,3098,4091,3451,25.3,193,2328,7.85917,45.8979,-0.9743700647852352,-0.22495105434386498
RGI60-11.02969,2000-01-01_2020-01-01,58000.0,-0.0849,0.301,11,False,RGI60-11.02969,0.058,3510,3656,3630,23.7,262,280,7.24555,45.894,-0.13917310096006583,-0.9902680687415703
RGI60-11.02970,2000-01-01_2020-01-01,673000.0,-1.1301,0.2255,11,False,RGI60-11.02970,0.673,3129,3713,3388,21.8,162,1354,7.86912,45.8965,-0.9510565162951535,0.3090169943749475
RGI60-11.02971,2000-01-01_2020-01-01,12000.0,-0.5963718926974675,0.4007490312965724,11,True,RGI60-11.02971,0.012,3215,3442,3314,60.6,29,-9,7.00705,45.8895,0.8746197071393957,0.48480962024633706
RGI60-11.02972,2000-01-01_2020-01-01,77000.0,-0.573,0.3519,11,False,RGI60-11.02972,0.077,2983,3129,3037,23.8,294,326,7.23669,45.8922,0.40673664307579976,-0.9135454576426011
RGI60-11.02973,2000-01-01_2020-01-01,150000.0,0.0513,0.1997,11,False,RGI60-11.02973,0.15,3262,3712,3647,25.7,216,782,7.24832,45.891,-0.8090169943749475,-0.587785252292473
RGI60-11.02974,2000-01-01_2020-01-01,64000.0,-0.5581,0.3715,11,False,RGI60-11.02974,0.064,3006,3167,3129,19.0,42,270,7.37579,45.8939,0.7431448254773942,0.6691306063588582
RGI60-11.02975,2000-01-01_2020-01-01,28000.0,-0.6972,0.5964,11,False,RGI60-11.02975,0.028,3322,3422,3368,29.5,164,237,7.7947,45.8984,-0.9612616959383189,0.2756373558169992
RGI60-11.02976,2000-01-01_2020-01-01,103000.0,-1.2293,0.8261,11,False,RGI60-11.02976,0.103,3440,3634,3568,31.4,162,325,7.00786,45.8855,-0.9510565162951535,0.3090169943749475
RGI60-11.02977,2000-01-01_2020-01-01,14000.0,-0.5963718926974675,0.4007490312965724,11,True,RGI60-11.02977,0.014,3250,3306,3265,16.5,140,125,7.79713,45.8972,-0.7660444431189779,0.6427876096865395
RGI60-11.02978,2000-01-01_2020-01-01,298000.0,-0.6359,0.3295,11,False,RGI60-11.02978,0.298,2612,3582,3121,37.3,181,1436,7.01786,45.8798,-0.9998476951563913,-0.017452406437283637
RGI60-11.02979,2000-01-01_2020-01-01,2249000.0,-0.6671,0.1919,11,False,RGI60-11.02979,2.249,2454,3552,2982,32.6,122,1851,7.00714,45.8729,-0.5299192642332048,0.8480480961564261
RGI60-11.02980,2000-01-01_2020-01-01,99000.0,-0.8095,0.432,11,False,RGI60-11.02980,0.099,3105,3270,3200,20.4,258,559,7.84108,45.8931,-0.2079116908177598,-0.9781476007338056
RGI60-11.02981,2000-01-01_2020-01-01,192000.0,-1.2854,0.4888,11,False,RGI60-11.02981,0.192,2614,3291,2911,38.5,120,980,7.02734,45.8808,-0.4999999999999998,0.8660254037844387
RGI60-11.02982,2000-01-01_2020-01-01,23000.0,-0.5795,0.7366,11,False,RGI60-11.02982,0.023,2455,2636,2528,24.8,330,372,7.54485,45.8905,0.8660254037844384,-0.5000000000000004
RGI60-11.02983,2000-01-01_2020-01-01,95000.0,-0.396,0.3477,11,False,RGI60-11.02983,0.095,2753,3143,2954,43.0,337,463,7.54791,45.8859,0.9205048534524403,-0.3907311284892739
RGI60-11.02984,2000-01-01_2020-01-01,12000.0,-0.5963718926974675,0.4007490312965724,11,True,RGI60-11.02984,0.012,2722,2905,2813,43.6,12,158,7.54358,45.8868,0.9781476007338057,0.20791169081775934
RGI60-11.02985,2000-01-01_2020-01-01,12000.0,-0.5963718926974675,0.4007490312965724,11,True,RGI60-11.02985,0.012,3166,3193,3184,17.4,181,90,7.862,45.8885,-0.9998476951563913,-0.017452406437283637
RGI60-11.02986,2000-01-01_2020-01-01,23000.0,-1.0468,1.0547,11,False,RGI60-11.02986,0.023,2625,2835,2744,42.8,100,237,7.02924,45.8759,-0.1736481776669303,0.984807753012208
RGI60-11.02987,2000-01-01_2020-01-01,69000.0,-0.7572,0.367,11,False,RGI60-11.02987,0.069,3187,3316,3276,21.1,289,348,7.54815,45.8817,0.3255681544571563,-0.945518575599317
RGI60-11.02988,2000-01-01_2020-01-01,81000.0,-1.5564,0.6119,11,False,RGI60-11.02988,0.081,2813,2902,2861,15.1,0,357,7.53516,45.8798,1.0,0.0
RGI60-11.02989,2000-01-01_2020-01-01,50000.0,-0.7703,0.4906,11,False,RGI60-11.02989,0.05,2959,3148,3054,36.4,58,280,7.5531,45.8782,0.5299192642332049,0.8480480961564261
RGI60-11.02990,2000-01-01_2020-01-01,112000.0,-0.5892,0.3418,11,False,RGI60-11.02990,0.112,2955,3185,3077,25.2,327,624,7.4936,45.8756,0.838670567945424,-0.544639035015027
RGI60-11.02991,2000-01-01_2020-01-01,1680000.0,-0.303,0.1546,11,False,RGI60-11.02991,1.68,2519,4130,3076,32.5,173,2116,6.97697,45.8588,-0.992546151641322,0.12186934340514755
RGI60-11.02992,2000-01-01_2020-01-01,13000.0,-0.5963718926974675,0.4007490312965724,11,True,RGI60-11.02992,0.013,3059,3105,3079,21.0,291,141,7.53964,45.8764,0.3583679495453004,-0.9335804264972017
RGI60-11.02993,2000-01-01_2020-01-01,75000.0,-0.5963718926974675,0.4007490312965724,11,True,RGI60-11.02993,0.075,3155,3367,3283,32.1,5,329,7.49057,45.8733,0.9961946980917455,0.08715574274765817
RGI60-11.02994,2000-01-01_2020-01-01,90000.0,-0.4879,0.3742,11,False,RGI60-11.02994,0.09,2972,3425,3214,43.1,191,431,6.99677,45.8626,-0.981627183447664,-0.19080899537654472
RGI60-11.02995,2000-01-01_2020-01-01,16000.0,-0.5963718926974675,0.4007490312965724,11,True,RGI60-11.02995,0.016,3266,3383,3306,34.8,56,214,7.49334,45.8716,0.5591929034707468,0.8290375725550417
RGI60-11.02996,2000-01-01_2020-01-01,127000.0,-0.5179,0.3654,11,False,RGI60-11.02996,0.127,2483,3190,2767,39.4,146,896,6.99437,45.8582,-0.8290375725550416,0.5591929034707469
RGI60-11.02997,2000-01-01_2020-01-01,111000.0,-0.5026,0.3655,11,False,RGI60-11.02997,0.111,2663,3029,2833,31.0,51,641,7.10347,45.8626,0.6293203910498375,0.7771459614569709
RGI60-11.02998,2000-01-01_2020-01-01,32000.0,-0.3919,0.5137,11,False,RGI60-11.02998,0.032,3425,3754,3567,44.6,173,335,6.95329,45.8587,-0.992546151641322,0.12186934340514755
RGI60-11.02999,2000-01-01_2020-01-01,40000.0,-0.5121,0.4352,11,False,RGI60-11.02999,0.04,2614,2706,2647,31.1,4,152,7.11325,45.8622,0.9975640502598242,0.0697564737441253
RGI60-11.03000,2000-01-01_2020-01-01,641000.0,-0.4951,0.1881,11,False,RGI60-11.03000,0.641,2620,3301,2893,30.6,158,1087,6.95462,45.8507,-0.9271838545667873,0.37460659341591224
RGI60-11.03001,2000-01-01_2020-01-01,7818000.0,-0.2618,0.123,11,False,RGI60-11.03001,7.818,1383,4766,3138,26.3,120,7072,6.898,45.8297,-0.4999999999999998,0.8660254037844387
RGI60-11.03002,2000-01-01_2020-01-01,691000.0,-0.4313,0.1694,11,False,RGI60-11.03002,0.691,2692,3419,3069,28.3,146,1363,6.92621,45.8416,-0.8290375725550416,0.5591929034707469
RGI60-11.03003,2000-01-01_2020-01-01,12000.0,-0.5707,0.813,11,False,RGI60-11.03003,0.012,2775,2866,2822,37.0,104,125,6.94994,45.8449,-0.24192189559966779,0.9702957262759965
RGI60-11.03004,2000-01-01_2020-01-01,67000.0,-0.6795,0.4427,11,False,RGI60-11.03004,0.067,2716,3052,2869,42.0,172,432,6.94163,45.8433,-0.9902680687415704,0.13917310096006533
RGI60-11.03005,2000-01-01_2020-01-01,10986000.0,-0.4943,0.1328,11,False,RGI60-11.03005,10.986,1736,4776,2926,23.7,168,9042,6.84583,45.8129,-0.9781476007338057,0.20791169081775931
RGI60-11.03006,2000-01-01_2020-01-01,207000.0,-0.6243,0.3012,11,False,RGI60-11.03006,0.207,2721,3386,3031,35.3,137,1012,6.91983,45.8371,-0.7313537016191705,0.6819983600624985
RGI60-11.03007,2000-01-01_2020-01-01,13000.0,-0.5963718926974675,0.4007490312965724,11,True,RGI60-11.03007,0.013,2929,3010,2983,32.9,173,125,6.90333,45.8326,-0.992546151641322,0.12186934340514755
RGI60-11.03008,2000-01-01_2020-01-01,14000.0,0.6956,0.8655,11,False,RGI60-11.03008,0.014,4158,4363,4244,47.0,219,215,6.85699,45.8298,-0.7771459614569708,-0.6293203910498376
RGI60-11.03009,2000-01-01_2020-01-01,23000.0,-0.5963718926974675,0.4007490312965724,11,True,RGI60-11.03009,0.023,3964,4138,4072,50.4,73,135,6.8784,45.829,0.29237170472273677,0.9563047559630354
RGI60-11.03010,2000-01-01_2020-01-01,126000.0,0.425,0.2833,11,False,RGI60-11.03010,0.126,3088,3433,3312,30.1,157,551,6.81302,45.8236,-0.9205048534524404,0.39073112848927377
RGI60-11.03011,2000-01-01_2020-01-01,77000.0,-0.2783,0.3441,11,False,RGI60-11.03011,0.077,3143,3509,3344,40.0,246,472,6.84115,45.8235,-0.4067366430758001,-0.913545457642601
RGI60-11.03012,2000-01-01_2020-01-01,12000.0,-0.5963718926974675,0.4007490312965724,11,True,RGI60-11.03012,0.012,3051,3202,3125,48.7,85,125,6.89255,45.8254,0.08715574274765814,0.9961946980917455
RGI60-11.03013,2000-01-01_2020-01-01,1053000.0,-0.0695,0.1511,11,False,RGI60-11.03013,1.053,2384,3698,3087,30.2,154,2654,6.88598,45.8124,-0.898794046299167,0.4383711467890773
RGI60-11.03014,2000-01-01_2020-01-01,1250000.0,-0.2097,0.1589,11,False,RGI60-11.03014,1.25,2404,3972,3097,30.5,157,2783,6.87276,45.8091,-0.9205048534524404,0.39073112848927377
RGI60-11.03015,2000-01-01_2020-01-01,15000.0,-0.5963718926974675,0.4007490312965724,11,True,RGI60-11.03015,0.015,2865,2994,2924,38.0,350,127,7.05904,45.8177,0.984807753012208,-0.1736481776669304
RGI60-11.03016,2000-01-01_2020-01-01,12000.0,-0.5963718926974675,0.4007490312965724,11,True,RGI60-11.03016,0.012,3620,3699,3648,41.1,261,141,6.8594,45.8111,-0.15643446504023104,-0.9876883405951377
RGI60-11.03017,2000-01-01_2020-01-01,40000.0,-0.5879,0.5379,11,False,RGI60-11.03017,0.04,2907,3058,2971,37.3,161,182,6.8811,45.8092,-0.9455185755993168,0.3255681544571566
RGI60-11.03018,2000-01-01_2020-01-01,18000.0,0.0289,0.4172,11,False,RGI60-11.03018,0.018,3290,3402,3338,44.5,186,79,6.86269,45.8065,-0.9945218953682733,-0.1045284632676535
RGI60-11.03019,2000-01-01_2020-01-01,361000.0,-0.1302,0.2417,11,False,RGI60-11.03019,0.361,3284,3881,3705,35.3,23,694,6.81778,45.7966,0.9205048534524404,0.39073112848927377
RGI60-11.03020,2000-01-01_2020-01-01,3654000.0,-0.2179,0.1254,11,False,RGI60-11.03020,3.654,2198,3757,3165,26.4,128,3270,6.81815,45.7844,-0.6156614753256583,0.788010753606722
RGI60-11.03021,2000-01-01_2020-01-01,112000.0,0.1044,0.217,11,False,RGI60-11.03021,0.112,3083,3371,3246,24.1,152,739,6.83552,45.7891,-0.882947592858927,0.4694715627858907
RGI60-11.03022,2000-01-01_2020-01-01,518000.0,-0.7991,0.2298,11,False,RGI60-11.03022,0.518,2480,3214,2792,28.4,122,1580,6.81408,45.7704,-0.5299192642332048,0.8480480961564261
RGI60-11.03023,2000-01-01_2020-01-01,14000.0,-0.5963718926974675,0.4007490312965724,11,True,RGI60-11.03023,0.014,3123,3209,3175,37.3,123,146,6.80631,45.7679,-0.5446390350150271,0.838670567945424
RGI60-11.03024,2000-01-01_2020-01-01,16000.0,0.4542,0.6732,11,False,RGI60-11.03024,0.016,3001,3091,3050,38.7,126,152,6.80653,45.7655,-0.587785252292473,0.8090169943749475
RGI60-11.03025,2000-01-01_2020-01-01,22000.0,0.229,0.3844,11,False,RGI60-11.03025,0.022,2809,2937,2860,28.3,148,255,6.80957,45.7652,-0.848048096156426,0.5299192642332049
RGI60-11.03026,2000-01-01_2020-01-01,247000.0,-0.7021,0.284,11,False,RGI60-11.03026,0.247,2818,3036,2930,18.9,75,515,6.81889,45.7367,0.25881904510252074,0.9659258262890683
RGI60-11.03027,2000-01-01_2020-01-01,411000.0,-0.856,0.2545,11,False,RGI60-11.03027,0.411,2830,3031,2907,19.4,68,618,6.81437,45.7248,0.37460659341591196,0.9271838545667874
RGI60-11.03028,2000-01-01_2020-01-01,419000.0,-0.5167,0.2084,11,False,RGI60-11.03028,0.419,2627,3039,2933,21.3,34,1049,6.82451,45.7149,0.8290375725550417,0.5591929034707469
RGI60-11.03029,2000-01-01_2020-01-01,301000.0,-0.9377,0.2546,11,False,RGI60-11.03029,0.301,2687,2900,2800,18.5,28,664,6.83536,45.7048,0.882947592858927,0.4694715627858908
RGI60-11.03030,2000-01-01_2020-01-01,177000.0,-0.7291,0.2707,11,False,RGI60-11.03030,0.177,2708,2942,2814,20.3,28,607,6.84246,45.7025,0.882947592858927,0.4694715627858908
RGI60-11.03031,2000-01-01_2020-01-01,19000.0,-0.5963718926974675,0.4007490312965724,11,True,RGI60-11.03031,0.019,2853,2919,2880,24.6,132,202,6.83112,45.6997,-0.6691306063588582,0.7431448254773942
RGI60-11.03032,2000-01-01_2020-01-01,15000.0,-0.5963718926974675,0.4007490312965724,11,True,RGI60-11.03032,0.015,2719,2782,2749,33.1,92,71,6.84518,45.6978,-0.034899496702500955,0.9993908270190958
RGI60-11.03033,2000-01-01_2020-01-01,16000.0,-0.5963718926974675,0.4007490312965724,11,True,RGI60-11.03033,0.016,2749,2812,2783,23.9,26,158,6.99334,45.6983,0.898794046299167,0.4383711467890774
RGI60-11.03034,2000-01-01_2020-01-01,17000.0,-0.2816,0.3541,11,False,RGI60-11.03034,0.017,2900,2962,2932,24.7,61,127,6.9957,45.6943,0.4848096202463371,0.8746197071393957
RGI60-11.03035,2000-01-01_2020-01-01,83000.0,-0.6957,0.4973,11,False,RGI60-11.03035,0.083,2614,2969,2761,35.2,36,497,7.02389,45.6772,0.8090169943749475,0.5877852522924731
RGI60-11.03036,2000-01-01_2020-01-01,71000.0,-0.74,0.4153,11,False,RGI60-11.03036,0.071,2971,3308,3063,34.7,35,487,7.39004,45.6803,0.8191520442889918,0.573576436351046
RGI60-11.03037,2000-01-01_2020-01-01,72000.0,-0.5537,0.3697,11,False,RGI60-11.03037,0.072,2965,3180,3097,29.8,25,422,7.02895,45.674,0.9063077870366499,0.42261826174069944
RGI60-11.03038,2000-01-01_2020-01-01,349000.0,-1.0226,0.2661,11,False,RGI60-11.03038,0.349,2924,3141,3005,14.1,298,807,7.02129,45.6714,0.4694715627858904,-0.8829475928589271
RGI60-11.03039,2000-01-01_2020-01-01,8113000.0,-0.9089,0.1433,11,False,RGI60-11.03039,8.113,2545,3402,2986,13.4,339,4602,7.00146,45.6483,0.9335804264972015,-0.35836794954530077
RGI60-11.03040,2000-01-01_2020-01-01,13000.0,-0.5963718926974675,0.4007490312965724,11,True,RGI60-11.03040,0.013,3116,3153,3125,18.7,292,125,7.02278,45.6677,0.37460659341591196,-0.9271838545667874
RGI60-11.03041,2000-01-01_2020-01-01,88000.0,-0.9893,0.4146,11,False,RGI60-11.03041,0.088,2659,2804,2709,23.7,17,326,6.90775,45.6639,0.9563047559630354,0.29237170472273677
RGI60-11.03042,2000-01-01_2020-01-01,146000.0,-0.633,0.2665,11,False,RGI60-11.03042,0.146,2668,2896,2802,20.7,34,552,6.91932,45.662,0.8290375725550417,0.5591929034707469
RGI60-11.03043,2000-01-01_2020-01-01,40000.0,-0.4338,0.3518,11,False,RGI60-11.03043,0.04,2959,3047,3003,19.0,304,280,7.02011,45.6647,0.559192903470747,-0.8290375725550416
RGI60-11.03044,2000-01-01_2020-01-01,20000.0,-0.8314,0.6841,11,False,RGI60-11.03044,0.02,2836,2900,2877,22.2,341,103,6.91364,45.6621,0.9455185755993168,-0.3255681544571567
RGI60-11.03045,2000-01-01_2020-01-01,364000.0,-0.8032,0.237,11,False,RGI60-11.03045,0.364,2792,3259,2982,24.3,46,1138,7.02522,45.6555,0.6946583704589973,0.7193398003386512
RGI60-11.03046,2000-01-01_2020-01-01,70000.0,-0.781,0.4412,11,False,RGI60-11.03046,0.07,2921,3101,2986,26.8,319,336,7.01602,45.6573,0.7547095802227719,-0.6560590289905074
RGI60-11.03047,2000-01-01_2020-01-01,1403000.0,-0.5713,0.1615,11,False,RGI60-11.03047,1.403,2720,3340,3090,20.2,53,1600,7.03011,45.6488,0.6018150231520484,0.7986355100472928
RGI60-11.03048,2000-01-01_2020-01-01,33000.0,-0.7742,0.5248,11,False,RGI60-11.03048,0.033,2703,2787,2739,30.0,353,135,6.96452,45.6559,0.9925461516413221,-0.12186934340514723
RGI60-11.03049,2000-01-01_2020-01-01,131000.0,-0.8915,0.343,11,False,RGI60-11.03049,0.131,2821,3012,2932,20.4,69,611,6.97359,45.6538,0.3583679495453004,0.9335804264972017
RGI60-11.03050,2000-01-01_2020-01-01,23000.0,-0.1729,0.3122,11,False,RGI60-11.03050,0.023,2935,3016,2998,16.5,58,266,6.97336,45.6508,0.5299192642332049,0.8480480961564261
RGI60-11.03051,2000-01-01_2020-01-01,89000.0,-1.2123,0.5634,11,False,RGI60-11.03051,0.089,2996,3289,3135,38.7,113,388,7.02622,45.6377,-0.3907311284892738,0.9205048534524403
RGI60-11.03052,2000-01-01_2020-01-01,361000.0,-0.7641,0.2689,11,False,RGI60-11.03052,0.361,3039,3411,3226,30.6,119,542,7.021,45.6319,-0.484809620246337,0.8746197071393959
RGI60-11.03053,2000-01-01_2020-01-01,203000.0,-0.9269,0.3205,11,False,RGI60-11.03053,0.203,2983,3214,3071,21.5,1,717,7.10606,45.6341,0.9998476951563913,0.01745240643728351
RGI60-11.03054,2000-01-01_2020-01-01,92000.0,-0.8524,0.4161,11,False,RGI60-11.03054,0.092,2901,3069,2973,24.1,84,434,7.02586,45.6286,0.10452846326765346,0.9945218953682733
RGI60-11.03055,2000-01-01_2020-01-01,39000.0,-0.9072,0.6547,11,False,RGI60-11.03055,0.039,2908,3129,3045,36.4,321,316,6.98694,45.628,0.7771459614569706,-0.6293203910498378
RGI60-11.03056,2000-01-01_2020-01-01,36000.0,-0.3294,0.4328,11,False,RGI60-11.03056,0.036,3022,3172,3095,44.4,165,175,7.0013,45.6287,-0.9659258262890682,0.258819045102521
RGI60-11.03057,2000-01-01_2020-01-01,35000.0,-0.7703,0.5794,11,False,RGI60-11.03057,0.035,2910,3041,2973,35.4,324,177,6.98205,45.6265,0.8090169943749473,-0.5877852522924734
RGI60-11.03058,2000-01-01_2020-01-01,11000.0,-0.9516,1.0083,11,False,RGI60-11.03058,0.011,3114,3158,3140,28.2,205,112,6.98939,45.6264,-0.90630778703665,-0.4226182617406993
RGI60-11.03059,2000-01-01_2020-01-01,55000.0,-0.3973,0.3369,11,False,RGI60-11.03059,0.055,2828,3010,2894,34.1,150,251,6.99825,45.6254,-0.8660254037844387,0.49999999999999994
RGI60-11.03060,2000-01-01_2020-01-01,42000.0,-0.6712,0.485,11,False,RGI60-11.03060,0.042,2684,2854,2755,33.5,155,316,7.00284,45.6253,-0.9063077870366499,0.4226182617406995
RGI60-11.03061,2000-01-01_2020-01-01,58000.0,-0.7137,0.5736,11,False,RGI60-11.03061,0.058,2655,2854,2739,19.0,111,687,6.98877,45.6208,-0.35836794954530027,0.9335804264972017
RGI60-11.03062,2000-01-01_2020-01-01,259000.0,-0.7306,0.2377,11,False,RGI60-11.03062,0.259,3003,3217,3113,18.2,317,680,7.46778,45.6227,0.7313537016191707,-0.6819983600624983
RGI60-11.03063,2000-01-01_2020-01-01,28000.0,-0.2137,0.4914,11,False,RGI60-11.03063,0.028,2992,3125,3046,30.5,28,251,7.47984,45.6236,0.882947592858927,0.4694715627858908
RGI60-11.03064,2000-01-01_2020-01-01,59000.0,-0.3676,0.3293,11,False,RGI60-11.03064,0.059,2981,3083,3027,21.8,339,270,7.10059,45.6165,0.9335804264972015,-0.35836794954530077
RGI60-11.03065,2000-01-01_2020-01-01,12000.0,-0.5963718926974675,0.4007490312965724,11,True,RGI60-11.03065,0.012,2987,3022,3000,16.6,328,112,7.41543,45.62,0.8480480961564258,-0.529919264233205
RGI60-11.03066,2000-01-01_2020-01-01,2102000.0,-0.6011,0.1551,11,False,RGI60-11.03066,2.102,2882,3665,3332,18.2,28,3168,7.27338,45.5964,0.882947592858927,0.4694715627858908
RGI60-11.03067,2000-01-01_2020-01-01,473000.0,-0.3381,0.1775,11,False,RGI60-11.03067,0.473,2899,3458,3216,27.0,355,925,7.26398,45.6035,0.9961946980917455,-0.08715574274765832
RGI60-11.03068,2000-01-01_2020-01-01,135000.0,-0.5305,0.3053,11,False,RGI60-11.03068,0.135,3080,3447,3322,28.9,353,635,7.24746,45.5991,0.9925461516413221,-0.12186934340514723
RGI60-11.03069,2000-01-01_2020-01-01,14000.0,-0.5963718926974675,0.4007490312965724,11,True,RGI60-11.03069,0.014,3677,3824,3759,46.7,322,125,7.255,45.5972,0.788010753606722,-0.6156614753256582
RGI60-11.03070,2000-01-01_2020-01-01,35000.0,-1.2763,0.8468,11,False,RGI60-11.03070,0.035,2742,2862,2793,32.7,38,190,6.98187,45.5911,0.7880107536067219,0.6156614753256583
RGI60-11.03071,2000-01-01_2020-01-01,299000.0,-0.9008,0.296,11,False,RGI60-11.03071,0.299,2801,3171,2975,23.6,59,878,6.98362,45.5868,0.5150380749100542,0.8571673007021123
RGI60-11.03072,2000-01-01_2020-01-01,18000.0,-0.5963718926974675,0.4007490312965724,11,True,RGI60-11.03072,0.018,3024,3135,3085,39.2,51,135,6.98375,45.5837,0.6293203910498375,0.7771459614569709
RGI60-11.03073,2000-01-01_2020-01-01,86000.0,-0.7159,0.3705,11,False,RGI60-11.03073,0.086,2984,3168,3091,28.5,30,340,6.99573,45.5776,0.8660254037844387,0.49999999999999994
RGI60-11.03074,2000-01-01_2020-01-01,81000.0,-0.9338,0.4307,11,False,RGI60-11.03074,0.081,2869,3055,2971,23.7,345,435,7.08177,45.5777,0.9659258262890683,-0.2588190451025207
RGI60-11.03075,2000-01-01_2020-01-01,27000.0,-1.2182,0.9214,11,False,RGI60-11.03075,0.027,3070,3188,3150,30.8,25,152,7.08038,45.5753,0.9063077870366499,0.42261826174069944
RGI60-11.03076,2000-01-01_2020-01-01,36000.0,-0.2739,0.2732,11,False,RGI60-11.03076,0.036,2987,3026,2996,10.2,194,202,7.00227,45.5729,-0.9702957262759965,-0.2419218955996675
RGI60-11.03077,2000-01-01_2020-01-01,591000.0,-1.0111,0.2348,11,False,RGI60-11.03077,0.591,2703,3163,2928,22.3,26,1400,7.09038,45.5688,0.898794046299167,0.4383711467890774
RGI60-11.03078,2000-01-01_2020-01-01,57000.0,-0.4309,0.3358,11,False,RGI60-11.03078,0.057,2795,2897,2840,21.3,10,270,7.52377,45.5789,0.984807753012208,0.17364817766693033
RGI60-11.03079,2000-01-01_2020-01-01,49000.0,-0.6129,0.3714,11,False,RGI60-11.03079,0.049,2988,3085,3026,19.6,296,236,7.07962,45.571,0.4383711467890774,-0.898794046299167
RGI60-11.03080,2000-01-01_2020-01-01,159000.0,-0.9626,0.355,11,False,RGI60-11.03080,0.159,2917,3203,3037,26.3,295,633,7.07821,45.5672,0.4226182617406996,-0.9063077870366498
RGI60-11.03081,2000-01-01_2020-01-01,1836000.0,-0.7445,0.1829,11,False,RGI60-11.03081,1.836,2602,3518,3004,24.9,327,1967,7.06603,45.5595,0.838670567945424,-0.544639035015027
RGI60-11.03082,2000-01-01_2020-01-01,85000.0,-0.7611,0.4505,11,False,RGI60-11.03082,0.085,3059,3246,3129,21.5,24,479,7.28118,45.5678,0.9135454576426009,0.4067366430758002
RGI60-11.03083,2000-01-01_2020-01-01,199000.0,-0.7204,0.297,11,False,RGI60-11.03083,0.199,3015,3313,3117,22.0,19,719,7.28735,45.5636,0.9455185755993168,0.3255681544571567
RGI60-11.03084,2000-01-01_2020-01-01,516000.0,-0.6356,0.1816,11,False,RGI60-11.03084,0.516,3128,3454,3286,19.9,292,905,7.27894,45.5592,0.37460659341591196,-0.9271838545667874
RGI60-11.03085,2000-01-01_2020-01-01,18000.0,-0.7371,0.8066,11,False,RGI60-11.03085,0.018,2706,2827,2756,35.8,112,177,7.0879,45.5586,-0.37460659341591207,0.9271838545667874
RGI60-11.03086,2000-01-01_2020-01-01,373000.0,-0.4434,0.1807,11,False,RGI60-11.03086,0.373,3180,3486,3322,23.8,61,684,7.28973,45.5575,0.4848096202463371,0.8746197071393957
RGI60-11.03087,2000-01-01_2020-01-01,234000.0,-0.4375,0.2207,11,False,RGI60-11.03087,0.234,2949,3359,3147,28.3,19,849,6.99419,45.5514,0.9455185755993168,0.3255681544571567
RGI60-11.03088,2000-01-01_2020-01-01,13000.0,-0.5963718926974675,0.4007490312965724,11,True,RGI60-11.03088,0.013,3232,3326,3276,37.5,163,146,7.07445,45.5533,-0.9563047559630355,0.2923717047227366
RGI60-11.03089,2000-01-01_2020-01-01,113000.0,-1.1052,0.52,11,False,RGI60-11.03089,0.113,2732,2933,2816,26.0,71,406,7.00227,45.5492,0.32556815445715676,0.9455185755993167
RGI60-11.03090,2000-01-01_2020-01-01,526000.0,-0.6368,0.1987,11,False,RGI60-11.03090,0.526,2895,3354,3138,20.5,346,1333,7.26548,45.5488,0.9702957262759965,-0.24192189559966787
RGI60-11.03091,2000-01-01_2020-01-01,198000.0,-0.8471,0.3061,11,False,RGI60-11.03091,0.198,2982,3295,3131,22.9,335,806,7.27377,45.5521,0.90630778703665,-0.4226182617406992
RGI60-11.03092,2000-01-01_2020-01-01,223000.0,-0.5865,0.2354,11,False,RGI60-11.03092,0.223,2986,3317,3145,22.7,333,763,7.35909,45.5525,0.8910065241883678,-0.45399049973954697
RGI60-11.03093,2000-01-01_2020-01-01,11000.0,-0.2465,0.5211,11,False,RGI60-11.03093,0.011,2721,2775,2741,24.6,320,106,7.4346,45.5529,0.7660444431189778,-0.6427876096865396
RGI60-11.03094,2000-01-01_2020-01-01,17000.0,-0.5253,0.6251,11,False,RGI60-11.03094,0.017,3219,3354,3282,32.9,63,202,7.27819,45.5485,0.4539904997395468,0.8910065241883678
RGI60-11.03095,2000-01-01_2020-01-01,30000.0,-0.3547,0.4487,11,False,RGI60-11.03095,0.03,2863,2965,2897,30.0,326,146,7.41252,45.5504,0.8290375725550418,-0.5591929034707466
RGI60-11.03096,2000-01-01_2020-01-01,17000.0,-0.5611,0.6175,11,False,RGI60-11.03096,0.017,3209,3300,3243,27.7,290,202,7.35755,45.5485,0.342020143325669,-0.9396926207859083
RGI60-11.03097,2000-01-01_2020-01-01,180000.0,-0.8588,0.3401,11,False,RGI60-11.03097,0.18,2864,3160,3011,21.7,316,719,7.41139,45.5474,0.7193398003386509,-0.6946583704589976
RGI60-11.03098,2000-01-01_2020-01-01,42000.0,-0.2314,0.236,11,False,RGI60-11.03098,0.042,3341,3377,3364,12.3,145,202,7.06763,45.5433,-0.8191520442889919,0.5735764363510459
RGI60-11.03099,2000-01-01_2020-01-01,117000.0,-0.6465,0.3074,11,False,RGI60-11.03099,0.117,2975,3190,3095,24.2,319,464,7.05765,45.5399,0.7547095802227719,-0.6560590289905074
RGI60-11.03100,2000-01-01_2020-01-01,399000.0,-0.485,0.2123,11,False,RGI60-11.03100,0.399,2964,3501,3254,24.5,310,1159,7.35351,45.5414,0.6427876096865393,-0.7660444431189781
RGI60-11.03101,2000-01-01_2020-01-01,1179000.0,-0.3636,0.1513,11,False,RGI60-11.03101,1.179,3013,3743,3488,17.7,67,2227,7.27904,45.5398,0.3907311284892737,0.9205048534524404
RGI60-11.03102,2000-01-01_2020-01-01,640000.0,-0.7374,0.2009,11,False,RGI60-11.03102,0.64,2799,3548,3236,31.5,44,1287,6.9972,45.5334,0.7193398003386512,0.6946583704589973
RGI60-11.03103,2000-01-01_2020-01-01,1111000.0,-0.5788,0.1789,11,False,RGI60-11.03103,1.111,3052,3762,3255,23.6,293,1170,7.26227,45.5364,0.3907311284892735,-0.9205048534524405
RGI60-11.03104,2000-01-01_2020-01-01,22000.0,0.0151,0.2142,11,False,RGI60-11.03104,0.022,3236,3267,3248,13.5,178,135,7.06677,45.5389,-0.9993908270190958,0.03489949670250114
RGI60-11.03105,2000-01-01_2020-01-01,13000.0,-0.5963718926974675,0.4007490312965724,11,True,RGI60-11.03105,0.013,3200,3239,3223,16.3,193,125,7.06999,45.5378,-0.9743700647852352,-0.22495105434386498
RGI60-11.03106,2000-01-01_2020-01-01,14000.0,-0.5963718926974675,0.4007490312965724,11,True,RGI60-11.03106,0.014,3299,3446,3348,33.9,319,224,7.35716,45.5416,0.7547095802227719,-0.6560590289905074
RGI60-11.03107,2000-01-01_2020-01-01,547000.0,-0.6386,0.2513,11,False,RGI60-11.03107,0.547,2744,3231,2988,29.4,343,907,7.40325,45.5376,0.9563047559630353,-0.29237170472273716
RGI60-11.03108,2000-01-01_2020-01-01,330000.0,-0.4489,0.2236,11,False,RGI60-11.03108,0.33,3014,3335,3192,22.4,355,784,7.15523,45.5317,0.9961946980917455,-0.08715574274765832
RGI60-11.03109,2000-01-01_2020-01-01,13000.0,-0.3994,0.4508,11,False,RGI60-11.03109,0.013,2743,2775,2755,15.4,352,106,7.40222,45.541,0.9902680687415703,-0.13917310096006588
RGI60-11.03110,2000-01-01_2020-01-01,5319000.0,-0.3241,0.1295,11,False,RGI60-11.03110,5.319,2728,3928,3440,20.3,51,3354,7.28505,45.5249,0.6293203910498375,0.7771459614569709
RGI60-11.03111,2000-01-01_2020-01-01,2919000.0,-0.4462,0.1447,11,False,RGI60-11.03111,2.919,2630,3566,3199,23.0,316,2047,7.34311,45.5289,0.7193398003386509,-0.6946583704589976
RGI60-11.03112,2000-01-01_2020-01-01,23000.0,-0.0316,0.2776,11,False,RGI60-11.03112,0.023,3459,3527,3498,22.7,227,230,6.9907,45.529,-0.6819983600624986,-0.7313537016191705
RGI60-11.03113,2000-01-01_2020-01-01,25000.0,-0.1106,0.3261,11,False,RGI60-11.03113,0.025,3090,3179,3154,20.9,38,202,7.40788,45.5355,0.7880107536067219,0.6156614753256583
RGI60-11.03114,2000-01-01_2020-01-01,2008000.0,-0.2891,0.1455,11,False,RGI60-11.03114,2.008,2732,3981,3343,26.1,308,3059,7.25634,45.5228,0.6156614753256585,-0.7880107536067218
RGI60-11.03115,2000-01-01_2020-01-01,66000.0,-0.6181,0.3849,11,False,RGI60-11.03115,0.066,3007,3190,3096,30.7,53,320,7.00516,45.526,0.6018150231520484,0.7986355100472928
RGI60-11.03116,2000-01-01_2020-01-01,452000.0,-0.7297,0.2653,11,False,RGI60-11.03116,0.452,2886,3417,3231,31.6,324,743,7.05025,45.5226,0.8090169943749473,-0.5877852522924734
RGI60-11.03117,2000-01-01_2020-01-01,202000.0,-0.8119,0.2868,11,False,RGI60-11.03117,0.202,3092,3315,3168,22.1,69,584,7.05956,45.5253,0.3583679495453004,0.9335804264972017
RGI60-11.03118,2000-01-01_2020-01-01,782000.0,-0.8393,0.2219,11,False,RGI60-11.03118,0.782,2754,3273,2896,19.3,7,1615,7.37992,45.5241,0.992546151641322,0.12186934340514748
RGI60-11.03119,2000-01-01_2020-01-01,221000.0,-0.7269,0.2471,11,False,RGI60-11.03119,0.221,3124,3370,3262,19.5,60,687,7.15084,45.5244,0.5000000000000001,0.8660254037844386
RGI60-11.03120,2000-01-01_2020-01-01,795000.0,-0.6339,0.2347,11,False,RGI60-11.03120,0.795,2612,3350,2904,29.6,1,1194,7.31329,45.5207,0.9998476951563913,0.01745240643728351
RGI60-11.03121,2000-01-01_2020-01-01,23000.0,-0.5493,0.5832,11,False,RGI60-11.03121,0.023,3394,3455,3432,30.7,54,90,7.00321,45.5219,0.5877852522924731,0.8090169943749475
RGI60-11.03122,2000-01-01_2020-01-01,119000.0,-0.6978,0.3514,11,False,RGI60-11.03122,0.119,3171,3482,3301,29.7,117,582,7.36427,45.5261,-0.45399049973954675,0.8910065241883679
RGI60-11.03123,2000-01-01_2020-01-01,189000.0,-0.6447,0.2723,11,False,RGI60-11.03123,0.189,2748,3064,2909,33.9,312,472,7.32295,45.5238,0.6691306063588578,-0.7431448254773946
RGI60-11.03124,2000-01-01_2020-01-01,3708000.0,-1.0892,0.1737,11,False,RGI60-11.03124,3.708,2578,3283,2947,16.5,8,3760,7.02505,45.5051,0.9902680687415704,0.13917310096006544
RGI60-11.03125,2000-01-01_2020-01-01,107000.0,-0.5912,0.2724,11,False,RGI60-11.03125,0.107,3062,3262,3143,23.5,272,453,7.04369,45.5178,0.03489949670250128,-0.9993908270190958
RGI60-11.03126,2000-01-01_2020-01-01,136000.0,-1.3716,0.4814,11,False,RGI60-11.03126,0.136,3102,3312,3203,22.8,214,588,7.36446,45.5218,-0.8290375725550417,-0.5591929034707467
RGI60-11.03127,2000-01-01_2020-01-01,23000.0,-0.8016,0.6749,11,False,RGI60-11.03127,0.023,3243,3311,3272,22.5,144,125,7.05214,45.5184,-0.8090169943749473,0.5877852522924732
RGI60-11.03128,2000-01-01_2020-01-01,16000.0,-0.0314,0.6492,11,False,RGI60-11.03128,0.016,3309,3506,3424,47.4,352,160,7.33609,45.5229,0.9902680687415703,-0.13917310096006588
RGI60-11.03129,2000-01-01_2020-01-01,38000.0,-0.3636,0.3882,11,False,RGI60-11.03129,0.038,3242,3418,3329,35.3,162,255,7.35685,45.5225,-0.9510565162951535,0.3090169943749475
RGI60-11.03130,2000-01-01_2020-01-01,42000.0,-0.517,0.4415,11,False,RGI60-11.03130,0.042,2982,3108,3040,29.2,346,195,7.13703,45.5182,0.9702957262759965,-0.24192189559966787
RGI60-11.03131,2000-01-01_2020-01-01,15000.0,-0.2284,0.5126,11,False,RGI60-11.03131,0.015,3261,3358,3310,33.7,111,127,7.00736,45.5153,-0.35836794954530027,0.9335804264972017
RGI60-11.03132,2000-01-01_2020-01-01,226000.0,-0.5364,0.2264,11,False,RGI60-11.03132,0.226,3084,3518,3282,28.5,197,835,7.33543,45.5177,-0.9563047559630354,-0.29237170472273677
RGI60-11.03133,2000-01-01_2020-01-01,49000.0,-0.5581,0.4121,11,False,RGI60-11.03133,0.049,3232,3413,3330,39.4,266,206,7.36785,45.5189,-0.06975647374412558,-0.9975640502598242
RGI60-11.03134,2000-01-01_2020-01-01,14000.0,-0.5963718926974675,0.4007490312965724,11,True,RGI60-11.03134,0.014,3262,3359,3310,37.7,87,146,7.00717,45.5137,0.052335956242943966,0.9986295347545738
RGI60-11.03135,2000-01-01_2020-01-01,345000.0,-1.1291,0.3082,11,False,RGI60-11.03135,0.345,2969,3172,3075,17.2,64,957,7.38984,45.5181,0.43837114678907746,0.898794046299167
RGI60-11.03136,2000-01-01_2020-01-01,49000.0,-1.6303,0.9106,11,False,RGI60-11.03136,0.049,3177,3367,3294,40.2,41,206,7.30548,45.517,0.754709580222772,0.6560590289905073
RGI60-11.03137,2000-01-01_2020-01-01,40000.0,-0.5139,0.4085,11,False,RGI60-11.03137,0.04,2997,3118,3069,24.7,289,293,7.04145,45.5123,0.3255681544571563,-0.945518575599317
RGI60-11.03138,2000-01-01_2020-01-01,31000.0,-1.5296,1.1082,11,False,RGI60-11.03138,0.031,3290,3402,3357,21.1,142,280,7.30396,45.5154,-0.7880107536067219,0.6156614753256584
RGI60-11.03139,2000-01-01_2020-01-01,22000.0,-0.3159,0.4746,11,False,RGI60-11.03139,0.022,3288,3408,3349,41.1,157,175,7.3284,45.5164,-0.9205048534524404,0.39073112848927377
RGI60-11.03140,2000-01-01_2020-01-01,301000.0,-0.8572,0.2579,11,False,RGI60-11.03140,0.301,3149,3435,3241,26.1,174,675,7.29417,45.5124,-0.9945218953682733,0.10452846326765373
RGI60-11.03141,2000-01-01_2020-01-01,62000.0,-1.1396,0.7037,11,False,RGI60-11.03141,0.062,3046,3259,3122,31.8,113,280,7.3299,45.5134,-0.3907311284892738,0.9205048534524403
RGI60-11.03142,2000-01-01_2020-01-01,50000.0,1.4995,0.8593,11,False,RGI60-11.03142,0.05,3412,3549,3494,33.2,167,212,7.32179,45.5129,-0.9743700647852351,0.2249510543438652
RGI60-11.03143,2000-01-01_2020-01-01,39000.0,-1.3283,0.8194,11,False,RGI60-11.03143,0.039,3071,3186,3108,30.6,223,255,7.31555,45.5122,-0.7313537016191706,-0.6819983600624984
RGI60-11.03144,2000-01-01_2020-01-01,29000.0,0.0005,0.3654,11,False,RGI60-11.03144,0.029,3535,3664,3613,32.7,182,177,7.28539,45.5115,-0.9993908270190958,-0.0348994967025009
RGI60-11.03145,2000-01-01_2020-01-01,101000.0,-0.2408,0.3036,11,False,RGI60-11.03145,0.101,3227,3652,3500,36.7,68,560,7.0036,45.5053,0.37460659341591196,0.9271838545667874
RGI60-11.03146,2000-01-01_2020-01-01,664000.0,-0.8819,0.2674,11,False,RGI60-11.03146,0.664,3200,3550,3323,18.2,152,1258,7.27134,45.5054,-0.882947592858927,0.4694715627858907
RGI60-11.03147,2000-01-01_2020-01-01,2750000.0,-1.0126,0.1861,11,False,RGI60-11.03147,2.75,2718,3245,3065,15.0,337,1996,7.0547,45.4958,0.9205048534524403,-0.3907311284892739
RGI60-11.03148,2000-01-01_2020-01-01,1562000.0,-0.7678,0.1835,11,False,RGI60-11.03148,1.562,2909,3630,3153,22.6,328,1530,7.25047,45.5009,0.8480480961564258,-0.529919264233205
RGI60-11.03149,2000-01-01_2020-01-01,54000.0,-1.3191,0.6572,11,False,RGI60-11.03149,0.054,3136,3208,3179,17.8,155,202,7.28929,45.5071,-0.9063077870366499,0.4226182617406995
RGI60-11.03150,2000-01-01_2020-01-01,31000.0,-0.0122,0.3286,11,False,RGI60-11.03150,0.031,3339,3521,3427,31.9,169,336,7.00482,45.5014,-0.981627183447664,0.19080899537654497
RGI60-11.03151,2000-01-01_2020-01-01,57000.0,-0.6722,0.4315,11,False,RGI60-11.03151,0.057,3294,3433,3338,33.0,91,202,7.26694,45.5014,-0.017452406437283477,0.9998476951563913
RGI60-11.03152,2000-01-01_2020-01-01,20000.0,-0.0099,0.2963,11,False,RGI60-11.03152,0.02,2979,3038,3006,20.7,332,125,7.11669,45.4992,0.882947592858927,-0.4694715627858908
RGI60-11.03153,2000-01-01_2020-01-01,12000.0,-0.5963718926974675,0.4007490312965724,11,True,RGI60-11.03153,0.012,3321,3392,3355,29.6,297,141,7.26018,45.5011,0.45399049973954664,-0.891006524188368
RGI60-11.03154,2000-01-01_2020-01-01,3120000.0,-1.0625,0.1761,11,False,RGI60-11.03154,3.12,2707,3397,3047,14.5,46,3780,7.06183,45.4812,0.6946583704589973,0.7193398003386512
RGI60-11.03155,2000-01-01_2020-01-01,13000.0,-0.5963718926974675,0.4007490312965724,11,True,RGI60-11.03155,0.013,3283,3402,3340,39.8,91,127,7.26742,45.4981,-0.017452406437283477,0.9998476951563913
RGI60-11.03156,2000-01-01_2020-01-01,460000.0,-0.567,0.1981,11,False,RGI60-11.03156,0.46,2837,3243,3007,23.4,307,970,7.23483,45.4915,0.6018150231520479,-0.798635510047293
RGI60-11.03157,2000-01-01_2020-01-01,33000.0,-1.0823,0.8474,11,False,RGI60-11.03157,0.033,3192,3375,3291,34.9,107,276,7.25272,45.4956,-0.29237170472273666,0.9563047559630355
RGI60-11.03158,2000-01-01_2020-01-01,12000.0,-0.5963718926974675,0.4007490312965724,11,True,RGI60-11.03158,0.012,3150,3187,3168,20.7,290,103,7.11734,45.4937,0.342020143325669,-0.9396926207859083
RGI60-11.03159,2000-01-01_2020-01-01,11000.0,-0.5963718926974675,0.4007490312965724,11,True,RGI60-11.03159,0.011,3032,3139,3057,24.8,151,212,7.25819,45.4954,-0.8746197071393957,0.48480962024633717
RGI60-11.03160,2000-01-01_2020-01-01,11000.0,-0.5963718926974675,0.4007490312965724,11,True,RGI60-11.03160,0.011,3392,3490,3423,37.7,248,-9,7.24395,45.4924,-0.3746065934159123,-0.9271838545667873
RGI60-11.03161,2000-01-01_2020-01-01,76000.0,-1.1806,0.6846,11,False,RGI60-11.03161,0.076,3058,3283,3140,42.5,156,250,7.24472,45.4889,-0.9135454576426008,0.40673664307580043
RGI60-11.03162,2000-01-01_2020-01-01,74000.0,-0.577,0.3941,11,False,RGI60-11.03162,0.074,2762,2908,2812,21.9,309,320,7.2263,45.4849,0.6293203910498375,-0.7771459614569708
RGI60-11.03163,2000-01-01_2020-01-01,50000.0,-0.4834,0.4792,11,False,RGI60-11.03163,0.05,3233,3440,3342,36.4,354,321,7.04472,45.4818,0.9945218953682733,-0.10452846326765342
RGI60-11.03164,2000-01-01_2020-01-01,1987000.0,-0.6693,0.1794,11,False,RGI60-11.03164,1.987,2704,3292,3017,20.6,325,1598,7.10022,45.4738,0.8191520442889916,-0.5735764363510465
RGI60-11.03165,2000-01-01_2020-01-01,211000.0,-0.5642,0.2265,11,False,RGI60-11.03165,0.211,2981,3269,3147,22.9,40,657,7.11736,45.4783,0.766044443118978,0.6427876096865393
RGI60-11.03166,2000-01-01_2020-01-01,491000.0,-0.8941,0.2691,11,False,RGI60-11.03166,0.491,2671,3141,2948,21.7,345,1183,7.2204,45.4757,0.9659258262890683,-0.2588190451025207
RGI60-11.03167,2000-01-01_2020-01-01,201000.0,-0.6523,0.2964,11,False,RGI60-11.03167,0.201,2816,3130,2997,20.3,338,902,7.08262,45.4738,0.9271838545667873,-0.37460659341591235
RGI60-11.03168,2000-01-01_2020-01-01,16000.0,-0.2046,0.7722,11,False,RGI60-11.03168,0.016,3265,3361,3304,40.5,292,125,7.22992,45.4792,0.37460659341591196,-0.9271838545667874
RGI60-11.03169,2000-01-01_2020-01-01,93000.0,-0.716,0.3364,11,False,RGI60-11.03169,0.093,2850,2978,2932,19.6,23,334,7.10759,45.4506,0.9205048534524404,0.39073112848927377
RGI60-11.03170,2000-01-01_2020-01-01,95000.0,-0.5893,0.371,11,False,RGI60-11.03170,0.095,2673,2857,2733,33.0,47,334,7.11753,45.4452,0.6819983600624985,0.7313537016191705
RGI60-11.03171,2000-01-01_2020-01-01,302000.0,-0.4225,0.201,11,False,RGI60-11.03171,0.302,2904,3281,3164,22.4,64,701,7.11723,45.4375,0.43837114678907746,0.898794046299167
RGI60-11.03172,2000-01-01_2020-01-01,25000.0,-1.4896,1.1735,11,False,RGI60-11.03172,0.025,2928,3042,2979,38.8,42,200,7.12433,45.4322,0.7431448254773942,0.6691306063588582
RGI60-11.03173,2000-01-01_2020-01-01,68000.0,-0.2864,0.3472,11,False,RGI60-11.03173,0.068,2733,2902,2804,28.9,7,300,7.14588,45.4282,0.992546151641322,0.12186934340514748
RGI60-11.03174,2000-01-01_2020-01-01,1068000.0,-0.5897,0.1918,11,False,RGI60-11.03174,1.068,2825,3253,3026,26.9,40,808,7.16507,45.4182,0.766044443118978,0.6427876096865393
RGI60-11.03175,2000-01-01_2020-01-01,110000.0,-0.417,0.3183,11,False,RGI60-11.03175,0.11,2602,2882,2717,26.9,17,523,7.18289,45.4136,0.9563047559630354,0.29237170472273677
RGI60-11.03176,2000-01-01_2020-01-01,167000.0,-0.5253,0.2676,11,False,RGI60-11.03176,0.167,3095,3419,3264,37.6,149,403,7.18597,45.4003,-0.8571673007021122,0.5150380749100544
RGI60-11.03177,2000-01-01_2020-01-01,23000.0,-0.1298,0.3311,11,False,RGI60-11.03177,0.023,2825,2918,2853,25.1,134,202,7.18754,45.3942,-0.6946583704589974,0.7193398003386511
RGI60-11.03178,2000-01-01_2020-01-01,108000.0,-0.6564,0.3032,11,False,RGI60-11.03178,0.108,2977,3193,3078,25.3,102,459,7.18108,45.3932,-0.20791169081775934,0.9781476007338057
RGI60-11.03179,2000-01-01_2020-01-01,120000.0,-1.081,0.4365,11,False,RGI60-11.03179,0.12,2732,3200,2882,41.1,111,516,7.16454,45.3718,-0.35836794954530027,0.9335804264972017
RGI60-11.03180,2000-01-01_2020-01-01,267000.0,-0.8692,0.2857,11,False,RGI60-11.03180,0.267,2736,3183,2891,32.7,78,699,7.16523,45.3659,0.20791169081775945,0.9781476007338056
RGI60-11.03181,2000-01-01_2020-01-01,57000.0,-1.1748,0.552,11,False,RGI60-11.03181,0.057,3068,3215,3135,29.0,145,270,7.13696,45.3476,-0.8191520442889919,0.5735764363510459
RGI60-11.03182,2000-01-01_2020-01-01,3108000.0,-0.7197,0.1694,11,False,RGI60-11.03182,3.108,2599,3462,3048,23.5,11,2335,7.11603,45.3349,0.981627183447664,0.1908089953765448
RGI60-11.03183,2000-01-01_2020-01-01,11000.0,-0.5963718926974675,0.4007490312965724,11,True,RGI60-11.03183,0.011,3082,3127,3105,18.7,83,127,7.13473,45.3437,0.12186934340514749,0.992546151641322
RGI60-11.03184,2000-01-01_2020-01-01,781000.0,-0.5588,0.184,11,False,RGI60-11.03184,0.781,2758,3397,3159,23.1,18,1519,7.14118,45.3358,0.9510565162951535,0.3090169943749474
RGI60-11.03185,2000-01-01_2020-01-01,254000.0,-0.6223,0.2436,11,False,RGI60-11.03185,0.254,2973,3361,3188,22.7,19,955,7.15749,45.3339,0.9455185755993168,0.3255681544571567
RGI60-11.03186,2000-01-01_2020-01-01,28000.0,-0.7772,0.7855,11,False,RGI60-11.03186,0.028,3131,3386,3233,42.5,33,255,7.15145,45.334,0.838670567945424,0.5446390350150271
RGI60-11.03187,2000-01-01_2020-01-01,19000.0,-0.0926,0.408,11,False,RGI60-11.03187,0.019,3447,3518,3481,29.4,94,112,7.10601,45.3309,-0.06975647374412533,0.9975640502598242
RGI60-11.03188,2000-01-01_2020-01-01,13000.0,-0.5963718926974675,0.4007490312965724,11,True,RGI60-11.03188,0.013,3500,3568,3548,28.4,3,103,7.14893,45.3316,0.9986295347545738,0.052335956242943835
RGI60-11.03189,2000-01-01_2020-01-01,55000.0,-0.1855,0.3694,11,False,RGI60-11.03189,0.055,3428,3619,3556,37.9,335,285,7.14353,45.3298,0.90630778703665,-0.4226182617406992
RGI60-11.03190,2000-01-01_2020-01-01,597000.0,-0.6045,0.185,11,False,RGI60-11.03190,0.597,3118,3466,3284,20.0,166,1041,7.13295,45.3262,-0.9702957262759965,0.24192189559966773
RGI60-11.03191,2000-01-01_2020-01-01,51000.0,-0.5442,0.357,11,False,RGI60-11.03191,0.051,3181,3361,3267,29.8,227,292,7.1227,45.3262,-0.6819983600624986,-0.7313537016191705
RGI60-11.03192,2000-01-01_2020-01-01,15000.0,-0.544,0.6371,11,False,RGI60-11.03192,0.015,3140,3218,3179,26.4,148,206,7.11899,45.3247,-0.848048096156426,0.5299192642332049
RGI60-11.03193,2000-01-01_2020-01-01,256000.0,-0.8199,0.3026,11,False,RGI60-11.03193,0.256,2887,3260,3083,24.5,77,844,7.12328,45.3067,0.22495105434386492,0.9743700647852352
RGI60-11.03194,2000-01-01_2020-01-01,16000.0,-1.2214,1.1538,11,False,RGI60-11.03194,0.016,2809,2931,2871,46.7,42,135,7.14138,45.264,0.7431448254773942,0.6691306063588582
RGI60-11.03195,2000-01-01_2020-01-01,68000.0,-0.6544,0.3638,11,False,RGI60-11.03195,0.068,3364,3511,3450,23.7,0,280,7.13335,45.262,1.0,0.0
RGI60-11.03196,2000-01-01_2020-01-01,18000.0,-0.5963718926974675,0.4007490312965724,11,True,RGI60-11.03196,0.018,3011,3064,3029,15.8,262,202,7.10458,45.2412,-0.13917310096006583,-0.9902680687415703
RGI60-11.03197,2000-01-01_2020-01-01,31000.0,-0.1224,0.279,11,False,RGI60-11.03197,0.031,3059,3146,3093,19.5,324,309,7.09974,45.2365,0.8090169943749473,-0.5877852522924734
RGI60-11.03198,2000-01-01_2020-01-01,31000.0,-0.4772,0.5065,11,False,RGI60-11.03198,0.031,3311,3383,3344,25.4,5,79,7.07412,45.2059,0.9961946980917455,0.08715574274765817
RGI60-11.03199,2000-01-01_2020-01-01,12000.0,-0.5963718926974675,0.4007490312965724,11,True,RGI60-11.03199,0.012,2784,2877,2846,41.0,17,103,6.78237,45.1123,0.9563047559630354,0.29237170472273677
RGI60-11.03200,2000-01-01_2020-01-01,38000.0,0.255,0.522,11,False,RGI60-11.03200,0.038,2812,2964,2910,39.1,24,152,6.78519,45.1109,0.9135454576426009,0.4067366430758002
RGI60-11.03201,2000-01-01_2020-01-01,11000.0,-0.5963718926974675,0.4007490312965724,11,True,RGI60-11.03201,0.011,2801,2939,2896,39.7,31,182,6.78859,45.1102,0.8571673007021123,0.5150380749100542
RGI60-11.03202,2000-01-01_2020-01-01,35000.0,-0.2996,0.5208,11,False,RGI60-11.03202,0.035,2769,2945,2870,36.3,24,250,6.79134,45.1092,0.9135454576426009,0.4067366430758002
RGI60-11.03203,2000-01-01_2020-01-01,18000.0,-0.5963718926974675,0.4007490312965724,11,True,RGI60-11.03203,0.018,2924,3039,2982,45.9,59,79,6.62955,45.1028,0.5150380749100542,0.8571673007021123
RGI60-11.03204,2000-01-01_2020-01-01,21000.0,-0.5963718926974675,0.4007490312965724,11,True,RGI60-11.03204,0.021,2383,2648,2557,43.3,63,325,1.088500977,42.798625946,0.4539904997395468,0.8910065241883678
RGI60-11.03205,2000-01-01_2020-01-01,77000.0,-0.1088,0.4272,11,False,RGI60-11.03205,0.077,2925,3133,2984,41.6,31,257,0.666092038,42.626838684,0.8571673007021123,0.5150380749100542
RGI60-11.03206,2000-01-01_2020-01-01,67000.0,-1.3928,0.7076,11,False,RGI60-11.03206,0.067,3046,3325,3185,41.8,70,305,0.658785105,42.632011414,0.3420201433256688,0.9396926207859083
RGI60-11.03207,2000-01-01_2020-01-01,15000.0,-0.5963718926974675,0.4007490312965724,11,True,RGI60-11.03207,0.015,3176,3284,3235,42.8,278,141,0.654111862,42.632976532,0.13917310096006547,-0.9902680687415704
RGI60-11.03208,2000-01-01_2020-01-01,622000.0,-0.7374,0.2384,11,False,RGI60-11.03208,0.622,2955,3271,3148,22.9,38,720,0.646031618,42.641357422,0.7880107536067219,0.6156614753256583
RGI60-11.03209,2000-01-01_2020-01-01,260000.0,-0.5935,0.2426,11,False,RGI60-11.03209,0.26,2899,3202,3103,24.4,14,709,0.639342666,42.648979187,0.9702957262759965,0.24192189559966773
RGI60-11.03210,2000-01-01_2020-01-01,54000.0,-0.4021,0.4036,11,False,RGI60-11.03210,0.054,2984,3150,3072,31.9,15,309,0.632565618,42.652107239,0.9659258262890683,0.25881904510252074
RGI60-11.03211,2000-01-01_2020-01-01,50000.0,-0.6876,0.4762,11,False,RGI60-11.03211,0.05,2727,2870,2811,32.3,0,215,0.555278361,42.700157166,1.0,0.0
RGI60-11.03212,2000-01-01_2020-01-01,40000.0,-0.5325,0.4219,11,False,RGI60-11.03212,0.04,2794,2961,2880,33.1,340,257,0.511459589,42.693187714,0.9396926207859084,-0.3420201433256686
RGI60-11.03213,2000-01-01_2020-01-01,105000.0,-0.5726,0.3671,11,False,RGI60-11.03213,0.105,2822,3031,2917,26.9,54,404,0.494304121,42.694480896,0.5877852522924731,0.8090169943749475
RGI60-11.03214,2000-01-01_2020-01-01,20000.0,-0.4228,0.3953,11,False,RGI60-11.03214,0.02,2974,3024,3001,17.5,354,127,0.490498245,42.696220398,0.9945218953682733,-0.10452846326765342
RGI60-11.03215,2000-01-01_2020-01-01,26000.0,-0.6773,0.5794,11,False,RGI60-11.03215,0.026,2856,2907,2895,12.8,351,202,0.480292678,42.70085907,0.9876883405951377,-0.1564344650402311
RGI60-11.03216,2000-01-01_2020-01-01,10000.0,-0.5963718926974675,0.4007490312965724,11,True,RGI60-11.03216,0.01,3110,3165,3147,34.6,121,-9,0.438703239,42.656570435,-0.5150380749100543,0.8571673007021123
RGI60-11.03217,2000-01-01_2020-01-01,57000.0,-0.8829,0.5953,11,False,RGI60-11.03217,0.057,2891,3134,3028,38.6,57,403,0.437355816,42.661071777,0.5446390350150271,0.838670567945424
RGI60-11.03218,2000-01-01_2020-01-01,84000.0,-1.0953,0.4735,11,False,RGI60-11.03218,0.084,2935,3153,3019,41.3,337,237,0.42819345,42.653945923,0.9205048534524403,-0.3907311284892739
RGI60-11.03219,2000-01-01_2020-01-01,42000.0,-0.62,0.4973,11,False,RGI60-11.03219,0.042,2404,2553,2470,24.9,18,365,0.142223626,42.726146698,0.9510565162951535,0.3090169943749474
RGI60-11.03220,2000-01-01_2020-01-01,41000.0,-0.3833,0.3814,11,False,RGI60-11.03220,0.041,2713,2852,2783,34.9,320,215,0.129816025,42.717735291,0.7660444431189778,-0.6427876096865396
RGI60-11.03221,2000-01-01_2020-01-01,54000.0,-0.871,0.5701,11,False,RGI60-11.03221,0.054,3006,3170,3101,36.2,36,141,0.033971794,42.678588867,0.8090169943749475,0.5877852522924731
RGI60-11.03222,2000-01-01_2020-01-01,308000.0,-0.8877,0.2934,11,False,RGI60-11.03222,0.308,2742,2982,2874,28.8,32,456,0.039654583,42.679336548,0.848048096156426,0.5299192642332049
RGI60-11.03223,2000-01-01_2020-01-01,23000.0,-0.5963718926974675,0.4007490312965724,11,True,RGI60-11.03223,0.023,2841,2999,2890,35.6,62,190,0.018435251,42.693416595,0.46947156278589086,0.8829475928589269
RGI60-11.03224,2000-01-01_2020-01-01,22000.0,-0.7605,0.7157,11,False,RGI60-11.03224,0.022,2725,2886,2774,34.5,47,215,0.026602559,42.689346313,0.6819983600624985,0.7313537016191705
RGI60-11.03225,2000-01-01_2020-01-01,52000.0,-1.2603,0.942,11,False,RGI60-11.03225,0.052,2419,2584,2491,31.1,36,275,0.034118384,42.703136444,0.8090169943749475,0.5877852522924731
RGI60-11.03226,2000-01-01_2020-01-01,35000.0,0.7632,0.7143,11,False,RGI60-11.03226,0.035,2533,2675,2606,47.4,355,125,0.02125987,42.705322266,0.9961946980917455,-0.08715574274765832
RGI60-11.03227,2000-01-01_2020-01-01,46000.0,-1.0584,0.77,11,False,RGI60-11.03227,0.046,2342,2547,2471,43.9,353,250,0.015287263,42.705482483,0.9925461516413221,-0.12186934340514723
RGI60-11.03228,2000-01-01_2020-01-01,83000.0,-1.7388,0.6653,11,False,RGI60-11.03228,0.083,2614,2749,2682,27.8,1,302,-0.039683387,42.695419312,0.9998476951563913,0.01745240643728351
RGI60-11.03229,2000-01-01_2020-01-01,87000.0,-1.6006,0.601,11,False,RGI60-11.03229,0.087,2659,2900,2833,31.7,351,364,-0.057456039,42.695129395,0.9876883405951377,-0.1564344650402311
RGI60-11.03230,2000-01-01_2020-01-01,27000.0,-0.1317,0.675,11,False,RGI60-11.03230,0.027,2764,2951,2871,35.9,356,261,-0.137717813,42.775856018,0.9975640502598242,-0.06975647374412564
RGI60-11.03231,2000-01-01_2020-01-01,130000.0,-0.5094,0.4545,11,False,RGI60-11.03231,0.13,2314,2791,2477,40.3,12,509,-0.144214809,42.779716492,0.9781476007338057,0.20791169081775934
RGI60-11.03232,2000-01-01_2020-01-01,449000.0,-1.1682,0.3202,11,False,RGI60-11.03232,0.449,2798,3221,3094,17.6,97,1162,-0.141221896,42.771190643,-0.12186934340514737,0.9925461516413221
RGI60-11.03233,2000-01-01_2020-01-01,53000.0,-0.5322,0.4312,11,False,RGI60-11.03233,0.053,2729,2981,2845,35.6,356,384,-0.258848548,42.783802032,0.9975640502598242,-0.06975647374412564
RGI60-11.03234,2000-01-01_2020-01-01,25000.0,-0.3462,0.6479,11,False,RGI60-11.03234,0.025,2914,3035,2971,34.6,45,226,-0.286944628,42.83864212,0.7071067811865476,0.7071067811865476
RGI60-11.03235,2000-01-01_2020-01-01,151000.0,-0.5963718926974675,0.4007490312965724,11,True,RGI60-11.03235,0.151,2149,2364,2241,27.0,10,400,12.907,46.612,0.984807753012208,0.17364817766693033
RGI60-11.03236,2000-01-01_2020-01-01,11000.0,-0.5963718926974675,0.4007490312965724,11,True,RGI60-11.03236,0.011,2533,2593,2556,45.0,56,100,13.844254442,46.377947939,0.5591929034707468,0.8290375725550417
RGI60-11.03237,2000-01-01_2020-01-01,15000.0,-0.5963718926974675,0.4007490312965724,11,True,RGI60-11.03237,0.015,2306,2402,2372,36.0,355,127,14.553,46.364,0.9961946980917455,-0.08715574274765832
RGI60-11.03238,2000-01-01_2020-01-01,19000.0,-0.5963718926974675,0.4007490312965724,11,True,RGI60-11.03238,0.019,2124,2374,2311,31.8,8,242,19.0675,43.115,0.9902680687415704,0.13917310096006544
RGI60-11.03239,2000-01-01_2020-01-01,97000.0,-0.7315,0.4784,11,False,RGI60-11.03239,0.097,1793,1864,1812,18.4,115,360,19.807626777,42.46583915,-0.42261826174069933,0.90630778703665
RGI60-11.03240,2000-01-01_2020-01-01,49000.0,-1.7067,0.8805,11,False,RGI60-11.03240,0.049,2200,2320,2250,27.3,145,280,19.815450011,42.447352658,-0.8191520442889919,0.5735764363510459
RGI60-11.03241,2000-01-01_2020-01-01,33000.0,-1.0368,0.8886,11,False,RGI60-11.03241,0.033,2724,2840,2791,18.7,348,415,13.56671,42.47054,0.9781476007338056,-0.20791169081775987
RGI60-11.03242,2000-01-01_2020-01-01,102000.0,0.267,0.3357,11,False,RGI60-11.03242,0.102,2666,2881,2738,26.1,214,600,7.410000076,44.117000335,-0.8290375725550417,-0.5591929034707467
RGI60-11.03243,2000-01-01_2020-01-01,89000.0,-0.5372,0.5065,11,False,RGI60-11.03243,0.089,2586,2833,2724,29.7,310,415,7.381999883,44.125999703,0.6427876096865393,-0.7660444431189781
RGI60-11.03244,2000-01-01_2020-01-01,111000.0,-0.1449,0.3764,11,False,RGI60-11.03244,0.111,2314,2524,2450,30.7,315,600,7.370999944,44.126000285,0.7071067811865474,-0.7071067811865477
RGI60-11.03245,2000-01-01_2020-01-01,15000.0,-0.4456,0.6294,11,False,RGI60-11.03245,0.015,2129,2176,2147,19.1,321,100,7.363999838,44.124000042,0.7771459614569706,-0.6293203910498378
RGI60-11.03246,2000-01-01_2020-01-01,351000.0,-0.0043,0.1829,11,False,RGI60-11.03246,0.351,2492,2835,2583,7.5,150,1060,10.982920789,47.415938932,-0.8660254037844387,0.49999999999999994
RGI60-11.03247,2000-01-01_2020-01-01,29000.0,-0.1484,0.3229,11,False,RGI60-11.03247,0.029,2583,2651,2625,18.7,43,190,10.973305067,47.400649446,0.7313537016191705,0.6819983600624985
RGI60-11.03248,2000-01-01_2020-01-01,20000.0,0.0667,0.3033,11,False,RGI60-11.03248,0.02,2592,2634,2612,27.9,117,210,10.976373252,47.398996467,-0.45399049973954675,0.8910065241883679
RGI60-11.03249,2000-01-01_2020-01-01,223000.0,-1.1188,0.4056,11,False,RGI60-11.03249,0.223,2253,2678,2399,29.7,49,780,10.99304939,47.423950848,0.6560590289905073,0.754709580222772
RGI60-11.03250,2000-01-01_2020-01-01,28000.0,-0.2725,0.5799,11,False,RGI60-11.03250,0.028,1974,2215,2095,25.9,36,370,12.866014911,47.574639999,0.8090169943749475,0.5877852522924731
RGI60-11.03251,2000-01-01_2020-01-01,47000.0,-0.2944,0.6114,11,False,RGI60-11.03251,0.047,2259,2446,2352,48.6,19,100,12.866638189,47.571169259,0.9455185755993168,0.3255681544571567
RGI60-11.03252,2000-01-01_2020-01-01,58000.0,-0.3513,0.3734,11,False,RGI60-11.03252,0.058,1997,2151,2031,15.3,52,400,12.9292,47.5551,0.6156614753256583,0.788010753606722
RGI60-11.03253,2000-01-01_2020-01-01,24000.0,-0.5963718926974675,0.4007490312965724,11,True,RGI60-11.03253,0.024,2602,2803,2718,43.0,347,238,6.217,44.97,0.9743700647852351,-0.22495105434386534
RGI60-11.03254,2000-01-01_2020-01-01,958000.0,-0.3924,0.2314,11,False,RGI60-11.03254,0.958,2522,3881,3522,30.8,61,2649,6.408,44.9,0.4848096202463371,0.8746197071393957
RGI60-11.03255,2000-01-01_2020-01-01,50000.0,-1.8543,1.0736,11,False,RGI60-11.03255,0.05,2781,3135,2982,51.0,44,372,6.335,45.019,0.7193398003386512,0.6946583704589973
RGI60-11.03256,2000-01-01_2020-01-01,111000.0,-0.2562,0.2511,11,False,RGI60-11.03256,0.111,3144,3393,3320,24.3,215,517,7.056,45.469,-0.8191520442889918,-0.5735764363510462
RGI60-11.03257,2000-01-01_2020-01-01,54000.0,-0.3787,0.3539,11,False,RGI60-11.03257,0.054,3143,3286,3196,22.7,53,388,6.931,45.182,0.6018150231520484,0.7986355100472928
RGI60-11.03258,2000-01-01_2020-01-01,378000.0,-0.5899,0.2601,11,False,RGI60-11.03258,0.378,2737,3409,3145,37.5,259,971,6.994,45.896,-0.1908089953765446,-0.981627183447664
RGI60-11.03259,2000-01-01_2020-01-01,1363000.0,-0.3204,0.1372,11,False,RGI60-11.03259,1.363,3128,3549,3415,14.0,326,2501,6.747,45.337,0.8290375725550418,-0.5591929034707466
RGI60-11.03260,2000-01-01_2020-01-01,150000.0,-0.1424,0.2092,11,False,RGI60-11.03260,0.15,3085,3415,3263,32.2,162,518,6.87,45.507,-0.9510565162951535,0.3090169943749475
RGI60-11.03261,2000-01-01_2020-01-01,485000.0,-0.5535,0.2008,11,False,RGI60-11.03261,0.485,2493,3386,2920,29.3,49,1750,6.883,45.518,0.6560590289905073,0.754709580222772
RGI60-11.03262,2000-01-01_2020-01-01,454000.0,-0.4349,0.1873,11,False,RGI60-11.03262,0.454,2769,3431,3128,32.4,300,959,6.857,45.512,0.5000000000000001,-0.8660254037844386
RGI60-11.03263,2000-01-01_2020-01-01,719000.0,-0.4125,0.1839,11,False,RGI60-11.03263,0.719,2271,3351,2786,34.5,282,1900,6.951,45.939,0.20791169081775943,-0.9781476007338056
RGI60-11.03264,2000-01-01_2020-01-01,2283000.0,-0.8515,0.1759,11,False,RGI60-11.03264,2.283,2475,3535,2689,19.6,16,2938,6.416,44.959,0.9612616959383189,0.27563735581699916
RGI60-11.03265,2000-01-01_2020-01-01,206000.0,-0.5055,0.2709,11,False,RGI60-11.03265,0.206,2543,2917,2650,34.2,330,799,6.88,45.886,0.8660254037844384,-0.5000000000000004
RGI60-11.03266,2000-01-01_2020-01-01,469000.0,-1.0321,0.2856,11,False,RGI60-11.03266,0.469,2713,3200,3017,25.1,306,993,6.141,45.161,0.5877852522924729,-0.8090169943749476
RGI60-11.03267,2000-01-01_2020-01-01,50000.0,0.1641,0.6053,11,False,RGI60-11.03267,0.05,2735,3036,2890,35.3,98,518,6.116,44.918,-0.13917310096006535,0.9902680687415704
RGI60-11.03268,2000-01-01_2020-01-01,125000.0,-0.9324,0.4309,11,False,RGI60-11.03268,0.125,2999,3237,3139,29.0,20,434,6.268,45.01,0.9396926207859084,0.3420201433256687
RGI60-11.03269,2000-01-01_2020-01-01,15000.0,-0.5963718926974675,0.4007490312965724,11,True,RGI60-11.03269,0.015,3067,3160,3101,22.6,183,133,6.38,44.858,-0.9986295347545738,-0.052335956242943564
RGI60-11.03270,2000-01-01_2020-01-01,500000.0,-0.7345,0.2336,11,False,RGI60-11.03270,0.5,3147,3716,3372,28.7,177,1101,6.391,44.89,-0.9986295347545738,0.05233595624294381
RGI60-11.03271,2000-01-01_2020-01-01,43000.0,-0.5963718926974675,0.4007490312965724,11,True,RGI60-11.03271,0.043,3114,3222,3174,29.1,73,434,6.285,44.987,0.29237170472273677,0.9563047559630354
RGI60-11.03272,2000-01-01_2020-01-01,1228000.0,-0.4753,0.2793,11,False,RGI60-11.03272,1.228,2299,3456,2787,31.4,12,2151,6.284,45.012,0.9781476007338057,0.20791169081775934
RGI60-11.03273,2000-01-01_2020-01-01,265000.0,-0.473,0.1919,11,False,RGI60-11.03273,0.265,2993,3214,3079,19.9,266,542,6.776,45.488,-0.06975647374412558,-0.9975640502598242
RGI60-11.03274,2000-01-01_2020-01-01,30000.0,-0.2627,0.4,11,False,RGI60-11.03274,0.03,2678,2758,2720,27.8,312,206,6.965,45.648,0.6691306063588578,-0.7431448254773946
RGI60-11.03275,2000-01-01_2020-01-01,33000.0,-0.5963718926974675,0.4007490312965724,11,True,RGI60-11.03275,0.033,3121,3384,3275,50.9,9,272,6.223,44.966,0.9876883405951378,0.15643446504023087
RGI60-11.03276,2000-01-01_2020-01-01,26000.0,-0.4593,0.715,11,False,RGI60-11.03276,0.026,2402,2627,2520,43.7,330,222,6.785,45.822,0.8660254037844384,-0.5000000000000004
RGI60-11.03277,2000-01-01_2020-01-01,57000.0,-0.1176,0.2218,11,False,RGI60-11.03277,0.057,2900,2986,2942,17.7,22,391,7.009,45.389,0.9271838545667874,0.374606593415912
RGI60-11.03278,2000-01-01_2020-01-01,169000.0,-0.4614,0.2775,11,False,RGI60-11.03278,0.169,3116,3483,3317,40.1,193,657,6.324,44.995,-0.9743700647852352,-0.22495105434386498
RGI60-11.03279,2000-01-01_2020-01-01,27000.0,-0.2136,0.4959,11,False,RGI60-11.03279,0.027,2172,2322,2266,33.5,324,132,6.808,46.102,0.8090169943749473,-0.5877852522924734
RGI60-11.03280,2000-01-01_2020-01-01,512000.0,-0.4766,0.2123,11,False,RGI60-11.03280,0.512,2615,3744,2973,33.5,334,1564,6.823,45.859,0.8987940462991668,-0.4383711467890778
RGI60-11.03281,2000-01-01_2020-01-01,17000.0,-0.5963718926974675,0.4007490312965724,11,True,RGI60-11.03281,0.017,2420,2515,2466,28.0,67,204,6.371,45.46,0.3907311284892737,0.9205048534524404
RGI60-11.03282,2000-01-01_2020-01-01,119000.0,-1.4527,0.7421,11,False,RGI60-11.03282,0.119,3111,3456,3296,38.0,308,519,6.279,44.902,0.6156614753256585,-0.7880107536067218
RGI60-11.03283,2000-01-01_2020-01-01,23000.0,-0.3965,0.5939,11,False,RGI60-11.03283,0.023,2901,3008,2970,30.5,319,236,6.235,44.914,0.7547095802227719,-0.6560590289905074
RGI60-11.03284,2000-01-01_2020-01-01,405000.0,-0.377,0.2115,11,False,RGI60-11.03284,0.405,2482,3479,3015,39.6,240,1520,6.955,45.927,-0.5000000000000004,-0.8660254037844385
RGI60-11.03285,2000-01-01_2020-01-01,90000.0,-0.5009,0.7761,11,False,RGI60-11.03285,0.09,2676,3183,2960,34.2,18,945,6.149,44.931,0.9510565162951535,0.3090169943749474
RGI60-11.03286,2000-01-01_2020-01-01,72000.0,-0.4468,0.321,11,False,RGI60-11.03286,0.072,3011,3170,3075,19.9,291,506,6.774,45.495,0.3583679495453004,-0.9335804264972017
RGI60-11.03287,2000-01-01_2020-01-01,37000.0,-0.5963718926974675,0.4007490312965724,11,True,RGI60-11.03287,0.037,2606,2806,2686,29.4,78,357,6.341,44.834,0.20791169081775945,0.9781476007338056
RGI60-11.03288,2000-01-01_2020-01-01,241000.0,-0.9096,0.2903,11,False,RGI60-11.03288,0.241,2644,3058,2877,31.5,62,595,6.888,45.514,0.46947156278589086,0.8829475928589269
RGI60-11.03289,2000-01-01_2020-01-01,47000.0,-0.8494,0.5739,11,False,RGI60-11.03289,0.047,2768,2998,2871,41.7,149,235,6.115,44.905,-0.8571673007021122,0.5150380749100544
RGI60-11.03290,2000-01-01_2020-01-01,368000.0,-0.5284,0.2709,11,False,RGI60-11.03290,0.368,2381,3683,3025,44.4,355,1422,6.831,45.863,0.9961946980917455,-0.08715574274765832
RGI60-11.03291,2000-01-01_2020-01-01,66000.0,-0.4207,0.3525,11,False,RGI60-11.03291,0.066,3214,3379,3302,28.9,4,247,7.001,45.25,0.9975640502598242,0.0697564737441253
RGI60-11.03292,2000-01-01_2020-01-01,823000.0,-0.4356,0.1744,11,False,RGI60-11.03292,0.823,2754,3799,3404,30.5,252,1725,6.811,45.402,-0.30901699437494756,-0.9510565162951535
RGI60-11.03293,2000-01-01_2020-01-01,231000.0,-0.5963718926974675,0.4007490312965724,11,True,RGI60-11.03293,0.231,3099,3408,3274,28.7,179,796,6.338,44.825,-0.9998476951563913,0.01745240643728344
RGI60-11.03294,2000-01-01_2020-01-01,53000.0,-0.3636,0.4098,11,False,RGI60-11.03294,0.053,2734,2942,2805,30.6,310,416,6.297,44.784,0.6427876096865393,-0.7660444431189781
RGI60-11.03295,2000-01-01_2020-01-01,600000.0,-0.7716,0.2097,11,False,RGI60-11.03295,0.6,2592,3016,2798,17.4,354,1127,6.843,45.417,0.9945218953682733,-0.10452846326765342
RGI60-11.03296,2000-01-01_2020-01-01,223000.0,0.0605,0.2206,11,False,RGI60-11.03296,0.223,2709,3392,2942,41.1,252,775,6.799,45.837,-0.30901699437494756,-0.9510565162951535
RGI60-11.03297,2000-01-01_2020-01-01,2109000.0,-0.568,0.1489,11,False,RGI60-11.03297,2.109,2786,3564,3236,19.8,309,2159,6.988,45.515,0.6293203910498375,-0.7771459614569708
RGI60-11.03298,2000-01-01_2020-01-01,428000.0,-1.3069,0.3276,11,False,RGI60-11.03298,0.428,2550,3063,2810,28.2,36,1083,6.12,44.915,0.8090169943749475,0.5877852522924731
RGI60-11.03299,2000-01-01_2020-01-01,16000.0,-0.5963718926974675,0.4007490312965724,11,True,RGI60-11.03299,0.016,2872,2921,2888,16.6,267,221,7.098,45.457,-0.052335956242944306,-0.9986295347545738
RGI60-11.03300,2000-01-01_2020-01-01,32000.0,-1.108,0.9452,11,False,RGI60-11.03300,0.032,2877,3132,2978,45.3,84,181,6.361,45.0,0.10452846326765346,0.9945218953682733
RGI60-11.03301,2000-01-01_2020-01-01,100000.0,-0.5963718926974675,0.4007490312965724,11,True,RGI60-11.03301,0.1,3302,3527,3485,31.6,314,411,7.0,45.895,0.6946583704589973,-0.7193398003386511
RGI60-11.03302,2000-01-01_2020-01-01,20000.0,-0.5963718926974675,0.4007490312965724,11,True,RGI60-11.03302,0.02,3054,3180,3135,33.7,96,157,6.285,44.99,-0.10452846326765355,0.9945218953682733
RGI60-11.03303,2000-01-01_2020-01-01,878000.0,-0.6433,0.1735,11,False,RGI60-11.03303,0.878,2871,3610,3158,22.9,301,1936,6.993,45.521,0.5150380749100542,-0.8571673007021123
RGI60-11.03304,2000-01-01_2020-01-01,49000.0,-0.1794,0.496,11,False,RGI60-11.03304,0.049,2880,3159,3027,39.5,251,368,6.217,44.849,-0.32556815445715664,-0.9455185755993168
RGI60-11.03305,2000-01-01_2020-01-01,176000.0,-0.9906,0.4608,11,False,RGI60-11.03305,0.176,2734,3187,2939,37.3,150,813,6.312,44.785,-0.8660254037844387,0.49999999999999994
RGI60-11.03306,2000-01-01_2020-01-01,66000.0,-0.5963718926974675,0.4007490312965724,11,True,RGI60-11.03306,0.066,2985,3238,3085,41.8,104,309,6.114,44.934,-0.24192189559966779,0.9702957262759965
RGI60-11.03307,2000-01-01_2020-01-01,249000.0,-0.5358,0.2265,11,False,RGI60-11.03307,0.249,2849,3118,2977,24.7,341,562,6.606,45.268,0.9455185755993168,-0.3255681544571567
RGI60-11.03308,2000-01-01_2020-01-01,4153000.0,-1.0337,0.1977,11,False,RGI60-11.03308,4.153,2120,3682,2761,22.6,34,4701,6.383,44.906,0.8290375725550417,0.5591929034707469
RGI60-11.03309,2000-01-01_2020-01-01,61000.0,-0.9589,0.8228,11,False,RGI60-11.03309,0.061,3111,3360,3247,31.2,99,555,6.394,44.858,-0.1564344650402308,0.9876883405951378
RGI60-11.03310,2000-01-01_2020-01-01,15000.0,-0.5963718926974675,0.4007490312965724,11,True,RGI60-11.03310,0.015,3036,3187,3125,39.8,290,181,6.112,44.909,0.342020143325669,-0.9396926207859083
RGI60-11.03311,2000-01-01_2020-01-01,118000.0,-0.7058,0.4658,11,False,RGI60-11.03311,0.118,3084,3514,3287,39.8,177,616,6.26,44.995,-0.9986295347545738,0.05233595624294381
RGI60-11.03312,2000-01-01_2020-01-01,752000.0,-0.2221,0.1681,11,False,RGI60-11.03312,0.752,2983,3702,3381,31.4,347,1159,7.048,45.284,0.9743700647852351,-0.22495105434386534
RGI60-11.03313,2000-01-01_2020-01-01,198000.0,-0.1181,0.2586,11,False,RGI60-11.03313,0.198,2470,2799,2575,32.3,102,611,6.928,45.905,-0.20791169081775934,0.9781476007338057
RGI60-11.03314,2000-01-01_2020-01-01,72000.0,-0.1344,0.29,11,False,RGI60-11.03314,0.072,2751,3002,2918,30.1,357,424,6.406,44.709,0.9986295347545738,-0.05233595624294437
RGI60-11.03315,2000-01-01_2020-01-01,108000.0,-0.5705,0.469,11,False,RGI60-11.03315,0.108,2671,3199,2992,33.9,20,986,6.393,44.967,0.9396926207859084,0.3420201433256687
RGI60-11.03316,2000-01-01_2020-01-01,76000.0,-0.7258,0.5295,11,False,RGI60-11.03316,0.076,2834,3108,2942,34.9,357,394,6.862,44.55,0.9986295347545738,-0.05233595624294437
RGI60-11.03317,2000-01-01_2020-01-01,29000.0,-0.5963718926974675,0.4007490312965724,11,True,RGI60-11.03317,0.029,3117,3311,3212,50.1,314,321,6.909,45.897,0.6946583704589973,-0.7193398003386511
RGI60-11.03318,2000-01-01_2020-01-01,17000.0,-0.5963718926974675,0.4007490312965724,11,True,RGI60-11.03318,0.017,2816,2999,2896,44.5,284,206,6.143,44.914,0.24192189559966742,-0.9702957262759966
RGI60-11.03319,2000-01-01_2020-01-01,669000.0,-0.6197,0.2621,11,False,RGI60-11.03319,0.669,2845,3549,3114,37.0,289,971,6.321,44.965,0.3255681544571563,-0.945518575599317
RGI60-11.03320,2000-01-01_2020-01-01,124000.0,-0.8563,0.4975,11,False,RGI60-11.03320,0.124,2793,3234,2959,35.8,95,671,6.34,45.124,-0.08715574274765824,0.9961946980917455
RGI60-11.03321,2000-01-01_2020-01-01,175000.0,-0.5963718926974675,0.4007490312965724,11,True,RGI60-11.03321,0.175,2851,3040,2923,26.4,231,446,6.33,44.793,-0.6293203910498378,-0.7771459614569706
RGI60-11.03322,2000-01-01_2020-01-01,176000.0,-0.7385,0.293,11,False,RGI60-11.03322,0.176,2722,3086,2919,27.4,30,751,6.782,45.419,0.8660254037844387,0.49999999999999994
RGI60-11.03323,2000-01-01_2020-01-01,10000.0,-0.898,1.1328,11,False,RGI60-11.03323,0.01,2554,2630,2595,27.4,16,127,5.93,45.041,0.9612616959383189,0.27563735581699916
RGI60-11.03324,2000-01-01_2020-01-01,26000.0,-0.351,0.5575,11,False,RGI60-11.03324,0.026,2945,3135,3037,44.8,175,196,6.245,44.966,-0.9961946980917455,0.0871557427476582
RGI60-11.03325,2000-01-01_2020-01-01,138000.0,-0.0327,0.2525,11,False,RGI60-11.03325,0.138,2773,2992,2874,33.0,302,464,7.127,45.347,0.5299192642332047,-0.8480480961564261
RGI60-11.03326,2000-01-01_2020-01-01,184000.0,-0.3601,0.2805,11,False,RGI60-11.03326,0.184,2921,3340,3153,32.1,319,711,7.072,45.236,0.7547095802227719,-0.6560590289905074
RGI60-11.03327,2000-01-01_2020-01-01,34000.0,-0.2632,0.3852,11,False,RGI60-11.03327,0.034,2963,3118,3012,26.6,190,330,6.235,44.965,-0.984807753012208,-0.17364817766693047
RGI60-11.03328,2000-01-01_2020-01-01,246000.0,-0.235,0.2261,11,False,RGI60-11.03328,0.246,2658,3185,2900,40.9,291,1226,6.329,44.919,0.3583679495453004,-0.9335804264972017
RGI60-11.03329,2000-01-01_2020-01-01,40000.0,-0.4123,0.4485,11,False,RGI60-11.03329,0.04,2972,3167,3063,30.2,325,381,6.61,45.281,0.8191520442889916,-0.5735764363510465
RGI60-11.03330,2000-01-01_2020-01-01,38000.0,-0.0816,0.5683,11,False,RGI60-11.03330,0.038,2596,2769,2661,40.1,35,796,6.197,44.744,0.8191520442889918,0.573576436351046
RGI60-11.03331,2000-01-01_2020-01-01,60000.0,0.6169,0.6374,11,False,RGI60-11.03331,0.06,2773,3033,2908,31.6,244,427,6.144,44.903,-0.43837114678907774,-0.8987940462991668
RGI60-11.03332,2000-01-01_2020-01-01,184000.0,-0.6154,0.3667,11,False,RGI60-11.03332,0.184,2586,2986,2798,31.6,6,787,6.21,44.747,0.9945218953682733,0.10452846326765347
RGI60-11.03333,2000-01-01_2020-01-01,230000.0,-0.6701,0.364,11,False,RGI60-11.03333,0.23,2630,3101,2871,30.2,331,918,6.676,45.274,0.8746197071393959,-0.4848096202463369
RGI60-11.03334,2000-01-01_2020-01-01,35000.0,-1.1413,0.6975,11,False,RGI60-11.03334,0.035,2886,3040,2969,34.2,157,267,6.289,44.871,-0.9205048534524404,0.39073112848927377
RGI60-11.03335,2000-01-01_2020-01-01,56000.0,-0.8844,0.7735,11,False,RGI60-11.03335,0.056,2901,3255,3062,43.8,310,505,6.277,44.909,0.6427876096865393,-0.7660444431189781
RGI60-11.03336,2000-01-01_2020-01-01,46000.0,-0.6391,0.4944,11,False,RGI60-11.03336,0.046,3135,3287,3200,36.4,151,55,6.349,44.998,-0.8746197071393957,0.48480962024633717
RGI60-11.03337,2000-01-01_2020-01-01,21000.0,-0.5963718926974675,0.4007490312965724,11,True,RGI60-11.03337,0.021,2854,2956,2913,44.6,331,84,6.153,45.175,0.8746197071393959,-0.4848096202463369
RGI60-11.03338,2000-01-01_2020-01-01,53000.0,-0.3702,0.556,11,False,RGI60-11.03338,0.053,2378,2572,2451,39.9,46,313,6.158,45.307,0.6946583704589973,0.7193398003386512
RGI60-11.03339,2000-01-01_2020-01-01,1445000.0,-0.2299,0.1386,11,False,RGI60-11.03339,1.445,2547,3665,3128,26.4,210,2512,6.794,45.769,-0.8660254037844386,-0.5000000000000001
RGI60-11.03340,2000-01-01_2020-01-01,54000.0,-0.5526,0.3242,11,False,RGI60-11.03340,0.054,3268,3387,3321,22.0,130,285,6.894,45.327,-0.6427876096865394,0.766044443118978
RGI60-11.03341,2000-01-01_2020-01-01,301000.0,-0.6971,0.2439,11,False,RGI60-11.03341,0.301,2958,3420,3178,27.2,358,818,6.851,45.543,0.9993908270190958,-0.034899496702500823
RGI60-11.03342,2000-01-01_2020-01-01,51000.0,-0.4638,0.3488,11,False,RGI60-11.03342,0.051,3264,3388,3317,26.8,179,206,6.344,44.997,-0.9998476951563913,0.01745240643728344
RGI60-11.03343,2000-01-01_2020-01-01,191000.0,-0.5801,0.2898,11,False,RGI60-11.03343,0.191,2757,3229,3000,31.3,335,868,6.431,44.963,0.90630778703665,-0.4226182617406992
RGI60-11.03344,2000-01-01_2020-01-01,149000.0,0.017,0.1805,11,False,RGI60-11.03344,0.149,3043,3346,3170,21.1,203,985,6.776,45.799,-0.9205048534524404,-0.39073112848927355
RGI60-11.03345,2000-01-01_2020-01-01,90000.0,-0.9496,0.5024,11,False,RGI60-11.03345,0.09,2669,2900,2796,37.2,88,417,6.419,44.898,0.03489949670250108,0.9993908270190958
RGI60-11.03346,2000-01-01_2020-01-01,58000.0,-0.2996,0.2827,11,False,RGI60-11.03346,0.058,3188,3355,3244,17.9,124,630,6.921,45.382,-0.5591929034707467,0.8290375725550417
RGI60-11.03347,2000-01-01_2020-01-01,681000.0,-0.702,0.2007,11,False,RGI60-11.03347,0.681,2798,3422,3048,26.6,317,1484,6.948,45.337,0.7313537016191707,-0.6819983600624983
RGI60-11.03348,2000-01-01_2020-01-01,361000.0,-0.3723,0.1893,11,False,RGI60-11.03348,0.361,2918,3186,2991,18.3,58,876,7.067,45.282,0.5299192642332049,0.8480480961564261
RGI60-11.03349,2000-01-01_2020-01-01,182000.0,-0.6687,0.4788,11,False,RGI60-11.03349,0.182,2577,3143,2852,40.0,9,839,6.155,44.93,0.9876883405951378,0.15643446504023087
RGI60-11.03350,2000-01-01_2020-01-01,74000.0,-0.5963718926974675,0.4007490312965724,11,True,RGI60-11.03350,0.074,3016,3314,3163,46.5,10,266,6.354,45.003,0.984807753012208,0.17364817766693033
RGI60-11.03351,2000-01-01_2020-01-01,78000.0,-0.5947,0.5467,11,False,RGI60-11.03351,0.078,2709,3022,2863,33.8,55,789,6.455,44.957,0.573576436351046,0.8191520442889918
RGI60-11.03352,2000-01-01_2020-01-01,69000.0,-0.1558,0.2138,11,False,RGI60-11.03352,0.069,3101,3210,3166,13.6,209,392,6.985,45.58,-0.8746197071393959,-0.48480962024633695
RGI60-11.03353,2000-01-01_2020-01-01,18000.0,-0.4192,0.5195,11,False,RGI60-11.03353,0.018,3405,3565,3474,46.3,228,178,6.356,44.907,-0.6691306063588581,-0.7431448254773944
RGI60-11.03354,2000-01-01_2020-01-01,33000.0,-0.1008,0.2369,11,False,RGI60-11.03354,0.033,2915,2992,2938,20.7,40,218,7.009,45.383,0.766044443118978,0.6427876096865393
RGI60-11.03355,2000-01-01_2020-01-01,19000.0,-0.5963718926974675,0.4007490312965724,11,True,RGI60-11.03355,0.019,2843,2948,2897,43.1,120,139,6.259,44.856,-0.4999999999999998,0.8660254037844387
RGI60-11.03356,2000-01-01_2020-01-01,386000.0,-0.2899,0.1869,11,False,RGI60-11.03356,0.386,2843,3783,3268,32.6,239,1746,7.008,45.954,-0.5150380749100544,-0.8571673007021121
RGI60-11.03357,2000-01-01_2020-01-01,11000.0,-0.5963718926974675,0.4007490312965724,11,True,RGI60-11.03357,0.011,2879,2942,2900,29.1,153,90,6.238,44.85,-0.8910065241883678,0.45399049973954686
RGI60-11.03358,2000-01-01_2020-01-01,13000.0,-0.2954,0.4029,11,False,RGI60-11.03358,0.013,3091,3155,3122,25.5,158,155,6.275,44.887,-0.9271838545667873,0.37460659341591224
RGI60-11.03359,2000-01-01_2020-01-01,484000.0,-0.3952,0.187,11,False,RGI60-11.03359,0.484,2850,3673,3301,31.5,268,1466,6.85,45.532,-0.03489949670250076,-0.9993908270190958
RGI60-11.03360,2000-01-01_2020-01-01,93000.0,-0.1072,0.3005,11,False,RGI60-11.03360,0.093,2825,3263,3051,31.8,19,858,7.065,45.432,0.9455185755993168,0.3255681544571567
RGI60-11.03361,2000-01-01_2020-01-01,373000.0,-0.5155,0.3108,11,False,RGI60-11.03361,0.373,2632,3311,2990,34.8,342,1210,6.109,44.936,0.9510565162951535,-0.3090169943749477
RGI60-11.03362,2000-01-01_2020-01-01,39000.0,0.165,0.3706,11,False,RGI60-11.03362,0.039,3099,3263,3197,35.1,253,284,6.261,44.961,-0.2923717047227371,-0.9563047559630353
RGI60-11.03363,2000-01-01_2020-01-01,121000.0,-1.0164,0.4743,11,False,RGI60-11.03363,0.121,2947,3267,3106,33.3,134,705,6.269,44.882,-0.6946583704589974,0.7193398003386511
RGI60-11.03364,2000-01-01_2020-01-01,442000.0,-0.6095,0.2817,11,False,RGI60-11.03364,0.442,3011,3657,3193,32.7,116,880,6.356,44.878,-0.4383711467890775,0.8987940462991669
RGI60-11.03365,2000-01-01_2020-01-01,111000.0,-1.0486,0.5616,11,False,RGI60-11.03365,0.111,2934,3425,3205,40.4,55,614,6.357,44.868,0.573576436351046,0.8191520442889918
RGI60-11.03366,2000-01-01_2020-01-01,76000.0,-0.858,0.6615,11,False,RGI60-11.03366,0.076,2530,3036,2775,40.6,319,764,6.101,44.936,0.7547095802227719,-0.6560590289905074
RGI60-11.03367,2000-01-01_2020-01-01,398000.0,-0.8337,0.2891,11,False,RGI60-11.03367,0.398,2464,3033,2635,26.7,337,1222,7.088,45.35,0.9205048534524403,-0.3907311284892739
RGI60-11.03368,2000-01-01_2020-01-01,79000.0,-1.1975,0.5492,11,False,RGI60-11.03368,0.079,2984,3320,3175,35.5,83,489,6.359,44.865,0.12186934340514749,0.992546151641322
RGI60-11.03369,2000-01-01_2020-01-01,249000.0,-0.8304,0.3492,11,False,RGI60-11.03369,0.249,2659,3200,2896,29.0,20,1068,6.865,45.542,0.9396926207859084,0.3420201433256687
RGI60-11.03370,2000-01-01_2020-01-01,13000.0,-0.5963718926974675,0.4007490312965724,11,True,RGI60-11.03370,0.013,2689,2777,2716,40.2,347,120,6.182,44.911,0.9743700647852351,-0.22495105434386534
RGI60-11.03371,2000-01-01_2020-01-01,191000.0,-0.5963718926974675,0.4007490312965724,11,True,RGI60-11.03371,0.191,2664,3119,2862,44.2,348,368,6.247,44.972,0.9781476007338056,-0.20791169081775987
RGI60-11.03372,2000-01-01_2020-01-01,89000.0,-0.0168,0.4219,11,False,RGI60-11.03372,0.089,2585,3113,2683,38.7,21,638,6.44,45.066,0.9335804264972017,0.35836794954530027
RGI60-11.03373,2000-01-01_2020-01-01,2013000.0,-0.83,0.1939,11,False,RGI60-11.03373,2.013,2843,3310,3092,13.9,281,2329,7.143,45.363,0.1908089953765451,-0.9816271834476639
RGI60-11.03374,2000-01-01_2020-01-01,86000.0,-0.5092,0.3702,11,False,RGI60-11.03374,0.086,2744,2982,2850,29.8,28,406,6.883,45.435,0.882947592858927,0.4694715627858908
RGI60-11.03375,2000-01-01_2020-01-01,27000.0,-0.5963718926974675,0.4007490312965724,11,True,RGI60-11.03375,0.027,3328,3483,3417,35.1,238,220,6.329,44.85,-0.529919264233205,-0.848048096156426
RGI60-11.03376,2000-01-01_2020-01-01,503000.0,-0.4253,0.1742,11,False,RGI60-11.03376,0.503,2951,3359,3163,21.5,152,1299,6.784,45.487,-0.882947592858927,0.4694715627858907
RGI60-11.03377,2000-01-01_2020-01-01,717000.0,-0.5101,0.1774,11,False,RGI60-11.03377,0.717,2997,3216,3073,7.4,20,2197,6.788,45.366,0.9396926207859084,0.3420201433256687
RGI60-11.03378,2000-01-01_2020-01-01,466000.0,-0.8875,0.3125,11,False,RGI60-11.03378,0.466,2864,3184,2990,23.5,346,895,6.856,45.134,0.9702957262759965,-0.24192189559966787
RGI60-11.03379,2000-01-01_2020-01-01,107000.0,-0.6619,0.5199,11,False,RGI60-11.03379,0.107,2454,2926,2622,47.9,325,482,6.072,44.94,0.8191520442889916,-0.5735764363510465
RGI60-11.03380,2000-01-01_2020-01-01,482000.0,-0.6514,0.5273,11,False,RGI60-11.03380,0.482,2469,3023,2715,34.7,4,560,6.169,44.9,0.9975640502598242,0.0697564737441253
RGI60-11.03381,2000-01-01_2020-01-01,59000.0,-0.5963718926974675,0.4007490312965724,11,True,RGI60-11.03381,0.059,3177,3555,3368,43.7,348,513,6.906,45.895,0.9781476007338056,-0.20791169081775987
RGI60-11.03382,2000-01-01_2020-01-01,91000.0,-1.2241,0.5801,11,False,RGI60-11.03382,0.091,3128,3403,3273,32.9,278,446,6.241,44.893,0.13917310096006547,-0.9902680687415704
RGI60-11.03383,2000-01-01_2020-01-01,52000.0,-0.6816,0.8113,11,False,RGI60-11.03383,0.052,3420,3761,3592,52.8,4,289,6.36,44.89,0.9975640502598242,0.0697564737441253
RGI60-11.03384,2000-01-01_2020-01-01,1150000.0,-0.7206,0.2133,11,False,RGI60-11.03384,1.15,2365,2913,2661,26.7,301,956,6.887,46.108,0.5150380749100542,-0.8571673007021123
RGI60-11.03385,2000-01-01_2020-01-01,281000.0,-0.3279,0.2549,11,False,RGI60-11.03385,0.281,2423,3340,2929,40.7,2,1101,6.345,45.004,0.9993908270190958,0.03489949670250097
RGI60-11.03386,2000-01-01_2020-01-01,253000.0,-0.5913,0.2476,11,False,RGI60-11.03386,0.253,2796,3223,3012,35.2,328,391,7.136,45.353,0.8480480961564258,-0.529919264233205
RGI60-11.03387,2000-01-01_2020-01-01,47000.0,-0.3939,0.5297,11,False,RGI60-11.03387,0.047,2692,3039,2831,41.1,19,410,6.384,44.977,0.9455185755993168,0.3255681544571567
RGI60-11.03388,2000-01-01_2020-01-01,221000.0,-0.4501,0.3091,11,False,RGI60-11.03388,0.221,2702,3526,3146,43.6,327,985,6.792,45.817,0.838670567945424,-0.544639035015027
RGI60-11.03389,2000-01-01_2020-01-01,1032000.0,-0.9262,0.206,11,False,RGI60-11.03389,1.032,2186,3055,2465,26.7,317,1746,6.889,45.892,0.7313537016191707,-0.6819983600624983
RGI60-11.03390,2000-01-01_2020-01-01,206000.0,-1.3195,0.62,11,False,RGI60-11.03390,0.206,2764,3280,2878,34.2,308,777,6.252,44.875,0.6156614753256585,-0.7880107536067218
RGI60-11.03391,2000-01-01_2020-01-01,56000.0,-0.6061,0.4951,11,False,RGI60-11.03391,0.056,3179,3546,3356,43.1,284,488,6.882,45.877,0.24192189559966742,-0.9702957262759966
RGI60-11.03392,2000-01-01_2020-01-01,15000.0,-0.5963718926974675,0.4007490312965724,11,True,RGI60-11.03392,0.015,3312,3410,3363,40.8,109,132,6.337,44.995,-0.32556815445715664,0.9455185755993168
RGI60-11.03393,2000-01-01_2020-01-01,532000.0,-0.6312,0.213,11,False,RGI60-11.03393,0.532,3096,3373,3324,13.7,21,1001,7.008,45.241,0.9335804264972017,0.35836794954530027
RGI60-11.03394,2000-01-01_2020-01-01,12000.0,-0.5963718926974675,0.4007490312965724,11,True,RGI60-11.03394,0.012,2674,2775,2728,42.3,72,150,6.084,44.937,0.30901699437494745,0.9510565162951535
RGI60-11.03395,2000-01-01_2020-01-01,25000.0,-0.5766,0.7901,11,False,RGI60-11.03395,0.025,2823,3019,2902,46.8,57,213,6.339,44.832,0.5446390350150271,0.838670567945424
RGI60-11.03396,2000-01-01_2020-01-01,262000.0,-0.2105,0.3332,11,False,RGI60-11.03396,0.262,2909,3162,3014,24.2,137,1174,6.348,44.814,-0.7313537016191705,0.6819983600624985
RGI60-11.03397,2000-01-01_2020-01-01,123000.0,-0.7407,0.398,11,False,RGI60-11.03397,0.123,3031,3254,3185,27.7,47,419,7.053,45.229,0.6819983600624985,0.7313537016191705
RGI60-11.03398,2000-01-01_2020-01-01,32000.0,-0.5963718926974675,0.4007490312965724,11,True,RGI60-11.03398,0.032,2674,2943,2841,51.1,105,198,6.345,44.805,-0.25881904510252085,0.9659258262890683
RGI60-11.03399,2000-01-01_2020-01-01,87000.0,-1.33,0.6139,11,False,RGI60-11.03399,0.087,2994,3263,3127,34.9,211,453,6.174,44.892,-0.8571673007021123,-0.5150380749100542
RGI60-11.03400,2000-01-01_2020-01-01,2305000.0,-0.8018,0.1651,11,False,RGI60-11.03400,2.305,2767,3491,3290,13.4,350,1959,6.904,45.335,0.984807753012208,-0.1736481776669304
RGI60-11.03401,2000-01-01_2020-01-01,27000.0,-0.1716,0.4241,11,False,RGI60-11.03401,0.027,3249,3407,3297,34.8,128,247,6.64,45.274,-0.6156614753256583,0.788010753606722
RGI60-11.03402,2000-01-01_2020-01-01,30000.0,-1.0411,0.8214,11,False,RGI60-11.03402,0.03,3272,3454,3382,37.2,185,243,6.269,44.973,-0.9961946980917455,-0.08715574274765794
RGI60-11.03403,2000-01-01_2020-01-01,104000.0,-0.8957,0.4452,11,False,RGI60-11.03403,0.104,2898,3197,3025,34.5,257,487,6.166,44.895,-0.22495105434386525,-0.9743700647852351
RGI60-11.03404,2000-01-01_2020-01-01,24000.0,-1.0073,1.0491,11,False,RGI60-11.03404,0.024,2528,2651,2603,34.7,40,222,5.994,45.174,0.766044443118978,0.6427876096865393
RGI60-11.03405,2000-01-01_2020-01-01,26000.0,-0.5963718926974675,0.4007490312965724,11,True,RGI60-11.03405,0.026,2718,2968,2821,40.1,5,208,6.079,44.949,0.9961946980917455,0.08715574274765817
RGI60-11.03406,2000-01-01_2020-01-01,59000.0,-0.367,0.3469,11,False,RGI60-11.03406,0.059,3329,3464,3393,27.7,72,346,7.081,45.227,0.30901699437494745,0.9510565162951535
RGI60-11.03407,2000-01-01_2020-01-01,66000.0,-0.7634,0.4968,11,False,RGI60-11.03407,0.066,2868,3197,3058,43.4,149,404,6.38,44.927,-0.8571673007021122,0.5150380749100544
RGI60-11.03408,2000-01-01_2020-01-01,123000.0,-0.52,0.4431,11,False,RGI60-11.03408,0.123,2803,3130,2907,32.9,321,491,6.886,45.163,0.7771459614569706,-0.6293203910498378
RGI60-11.03409,2000-01-01_2020-01-01,143000.0,-0.7421,0.4641,11,False,RGI60-11.03409,0.143,2510,2744,2634,31.6,339,510,6.887,45.995,0.9335804264972015,-0.35836794954530077
RGI60-11.03410,2000-01-01_2020-01-01,50000.0,-0.3894,0.426,11,False,RGI60-11.03410,0.05,3353,3470,3420,22.9,36,231,7.062,45.273,0.8090169943749475,0.5877852522924731
RGI60-11.03411,2000-01-01_2020-01-01,392000.0,-0.7635,0.2692,11,False,RGI60-11.03411,0.392,2586,3350,3060,30.0,44,1280,6.758,45.427,0.7193398003386512,0.6946583704589973
RGI60-11.03412,2000-01-01_2020-01-01,22000.0,-0.5963718926974675,0.4007490312965724,11,True,RGI60-11.03412,0.022,2817,2957,2860,43.3,16,285,6.36,45.004,0.9612616959383189,0.27563735581699916
RGI60-11.03413,2000-01-01_2020-01-01,44000.0,-1.1656,0.8429,11,False,RGI60-11.03413,0.044,3153,3369,3249,46.0,280,281,6.251,44.868,0.17364817766692997,-0.9848077530122081
RGI60-11.03414,2000-01-01_2020-01-01,15000.0,-1.1332,1.1547,11,False,RGI60-11.03414,0.015,2677,2844,2732,39.3,47,204,6.282,44.921,0.6819983600624985,0.7313537016191705
RGI60-11.03415,2000-01-01_2020-01-01,17000.0,-0.5963718926974675,0.4007490312965724,11,True,RGI60-11.03415,0.017,2685,2838,2750,44.2,160,155,6.226,44.847,-0.9396926207859083,0.3420201433256689
RGI60-11.03416,2000-01-01_2020-01-01,222000.0,-0.4901,0.3074,11,False,RGI60-11.03416,0.222,2747,3332,3172,33.5,353,773,6.389,44.864,0.9925461516413221,-0.12186934340514723
RGI60-11.03417,2000-01-01_2020-01-01,18000.0,-0.5963718926974675,0.4007490312965724,11,True,RGI60-11.03417,0.018,2770,2958,2873,36.9,50,227,6.315,44.89,0.6427876096865394,0.766044443118978
RGI60-11.03418,2000-01-01_2020-01-01,22000.0,-0.5963718926974675,0.4007490312965724,11,True,RGI60-11.03418,0.022,2962,3263,3120,49.8,23,259,6.919,45.906,0.9205048534524404,0.39073112848927377
RGI60-11.03419,2000-01-01_2020-01-01,20000.0,0.0663,0.2561,11,False,RGI60-11.03419,0.02,2819,2858,2826,9.0,98,297,7.012,45.396,-0.13917310096006535,0.9902680687415704
RGI60-11.03420,2000-01-01_2020-01-01,39000.0,0.0404,0.2346,11,False,RGI60-11.03420,0.039,2837,2910,2879,16.5,40,297,7.012,45.396,0.766044443118978,0.6427876096865393
RGI60-11.03421,2000-01-01_2020-01-01,52000.0,-0.9899,0.6744,11,False,RGI60-11.03421,0.052,3168,3438,3323,36.2,266,403,6.279,44.906,-0.06975647374412558,-0.9975640502598242
RGI60-11.03422,2000-01-01_2020-01-01,16000.0,-0.5963718926974675,0.4007490312965724,11,True,RGI60-11.03422,0.016,2722,2879,2789,43.9,20,281,6.028,44.984,0.9396926207859084,0.3420201433256687
RGI60-11.03423,2000-01-01_2020-01-01,176000.0,-0.5252,0.2736,11,False,RGI60-11.03423,0.176,2609,3015,2730,29.6,15,625,6.788,45.418,0.9659258262890683,0.25881904510252074
RGI60-11.03424,2000-01-01_2020-01-01,25000.0,-0.2507,0.3279,11,False,RGI60-11.03424,0.025,3042,3136,3083,18.0,241,370,6.353,44.904,-0.48480962024633684,-0.8746197071393959
RGI60-11.03425,2000-01-01_2020-01-01,321000.0,-0.8618,0.3112,11,False,RGI60-11.03425,0.321,2825,3232,2997,27.4,64,888,6.767,45.29,0.43837114678907746,0.898794046299167
RGI60-11.03426,2000-01-01_2020-01-01,16000.0,-0.5963718926974675,0.4007490312965724,11,True,RGI60-11.03426,0.016,2711,2853,2793,42.2,163,162,6.223,44.847,-0.9563047559630355,0.2923717047227366
RGI60-11.03427,2000-01-01_2020-01-01,2775000.0,-0.8394,0.1469,11,False,RGI60-11.03427,2.775,2661,3225,3034,11.2,355,2852,6.78,45.369,0.9961946980917455,-0.08715574274765832
RGI60-11.03428,2000-01-01_2020-01-01,10000.0,-0.5963718926974675,0.4007490312965724,11,True,RGI60-11.03428,0.01,3104,3202,3144,50.3,276,122,6.217,44.964,0.10452846326765299,-0.9945218953682734
RGI60-11.03429,2000-01-01_2020-01-01,157000.0,-0.4858,0.2425,11,False,RGI60-11.03429,0.157,2869,2979,2912,14.2,258,505,6.974,45.585,-0.2079116908177598,-0.9781476007338056
RGI60-11.03430,2000-01-01_2020-01-01,47000.0,-0.9863,0.8752,11,False,RGI60-11.03430,0.047,2879,3112,3016,46.1,117,161,6.785,45.359,-0.45399049973954675,0.8910065241883679
RGI60-11.03431,2000-01-01_2020-01-01,31000.0,-1.1552,0.9541,11,False,RGI60-11.03431,0.031,2786,3077,2968,42.7,39,302,6.185,44.882,0.7771459614569709,0.6293203910498374
RGI60-11.03432,2000-01-01_2020-01-01,121000.0,-0.6247,0.3538,11,False,RGI60-11.03432,0.121,3092,3480,3311,30.2,188,906,7.042,45.475,-0.9902680687415703,-0.13917310096006552
RGI60-11.03433,2000-01-01_2020-01-01,284000.0,-0.4563,0.267,11,False,RGI60-11.03433,0.284,2582,3026,2764,34.0,32,878,6.402,44.91,0.848048096156426,0.5299192642332049
RGI60-11.03434,2000-01-01_2020-01-01,77000.0,0.0808,0.2772,11,False,RGI60-11.03434,0.077,2536,2752,2616,28.8,334,377,6.866,46.052,0.8987940462991668,-0.4383711467890778
RGI60-11.03435,2000-01-01_2020-01-01,54000.0,-0.601,0.5278,11,False,RGI60-11.03435,0.054,3139,3412,3246,38.5,135,405,6.285,44.903,-0.7071067811865475,0.7071067811865476
RGI60-11.03436,2000-01-01_2020-01-01,13000.0,-0.1281,0.5296,11,False,RGI60-11.03436,0.013,2950,3109,3009,43.5,111,193,6.114,44.936,-0.35836794954530027,0.9335804264972017
RGI60-11.03437,2000-01-01_2020-01-01,1106000.0,-0.6765,0.2533,11,False,RGI60-11.03437,1.106,2527,3475,2953,34.3,14,1533,6.331,44.977,0.9702957262759965,0.24192189559966773
RGI60-11.03438,2000-01-01_2020-01-01,83000.0,-0.1801,0.2225,11,False,RGI60-11.03438,0.083,3044,3260,3175,20.2,266,575,6.819,45.856,-0.06975647374412558,-0.9975640502598242
RGI60-11.03439,2000-01-01_2020-01-01,179000.0,-0.6678,0.301,11,False,RGI60-11.03439,0.179,2836,3049,2959,23.3,337,507,6.609,45.309,0.9205048534524403,-0.3907311284892739
RGI60-11.03440,2000-01-01_2020-01-01,87000.0,-0.4029,0.2906,11,False,RGI60-11.03440,0.087,2712,2815,2776,18.7,45,363,6.116,45.243,0.7071067811865476,0.7071067811865476
RGI60-11.03441,2000-01-01_2020-01-01,37000.0,-0.2674,0.3799,11,False,RGI60-11.03441,0.037,3323,3475,3436,33.0,283,294,6.349,44.875,0.22495105434386492,-0.9743700647852352
RGI60-11.03442,2000-01-01_2020-01-01,48000.0,-0.2074,0.2328,11,False,RGI60-11.03442,0.048,3153,3206,3178,12.0,252,336,7.108,45.318,-0.30901699437494756,-0.9510565162951535
RGI60-11.03443,2000-01-01_2020-01-01,24000.0,-0.8208,0.7495,11,False,RGI60-11.03443,0.024,2785,2962,2881,33.5,218,304,6.248,44.849,-0.788010753606722,-0.6156614753256582
RGI60-11.03444,2000-01-01_2020-01-01,17000.0,-0.3935,0.4341,11,False,RGI60-11.03444,0.017,2714,2861,2779,45.7,159,124,6.229,44.849,-0.9335804264972017,0.3583679495453002
RGI60-11.03445,2000-01-01_2020-01-01,42000.0,-1.2143,1.1045,11,False,RGI60-11.03445,0.042,2884,3176,3081,37.2,65,416,6.178,44.893,0.42261826174069944,0.9063077870366499
RGI60-11.03446,2000-01-01_2020-01-01,263000.0,-0.5902,0.2467,11,False,RGI60-11.03446,0.263,2951,3241,3072,24.4,315,965,6.886,45.334,0.7071067811865474,-0.7071067811865477
RGI60-11.03447,2000-01-01_2020-01-01,347000.0,-0.222,0.2872,11,False,RGI60-11.03447,0.347,2457,3415,2943,43.1,321,1024,6.37,44.952,0.7771459614569706,-0.6293203910498378
RGI60-11.03448,2000-01-01_2020-01-01,55000.0,-0.5334,0.3663,11,False,RGI60-11.03448,0.055,3240,3493,3394,32.1,211,383,6.423,44.95,-0.8571673007021123,-0.5150380749100542
RGI60-11.03449,2000-01-01_2020-01-01,150000.0,-0.8886,0.4024,11,False,RGI60-11.03449,0.15,2339,2702,2534,37.3,331,542,6.862,45.976,0.8746197071393959,-0.4848096202463369
RGI60-11.03450,2000-01-01_2020-01-01,106000.0,-0.5968,0.4115,11,False,RGI60-11.03450,0.106,2580,2762,2690,20.4,82,600,6.877,45.985,0.13917310096006547,0.9902680687415704
RGI60-11.03451,2000-01-01_2020-01-01,554000.0,-0.3633,0.1699,11,False,RGI60-11.03451,0.554,2950,3449,3222,23.1,287,1010,6.725,45.299,0.2923717047227367,-0.9563047559630354
RGI60-11.03452,2000-01-01_2020-01-01,948000.0,-0.4785,0.1671,11,False,RGI60-11.03452,0.948,2463,3548,3282,28.0,62,2222,6.88,45.521,0.46947156278589086,0.8829475928589269
RGI60-11.03453,2000-01-01_2020-01-01,40000.0,-0.9671,0.7993,11,False,RGI60-11.03453,0.04,2847,3075,2920,36.4,86,383,6.336,44.835,0.06975647374412523,0.9975640502598242
RGI60-11.03454,2000-01-01_2020-01-01,93000.0,-0.5963718926974675,0.4007490312965724,11,True,RGI60-11.03454,0.093,2356,2655,2524,51.1,296,467,6.188,44.86,0.4383711467890774,-0.898794046299167
RGI60-11.03455,2000-01-01_2020-01-01,60000.0,0.0009,0.5339,11,False,RGI60-11.03455,0.06,2535,2898,2689,44.8,16,419,6.136,44.867,0.9612616959383189,0.27563735581699916
RGI60-11.03456,2000-01-01_2020-01-01,287000.0,-0.4529,0.2691,11,False,RGI60-11.03456,0.287,2635,3218,2871,32.9,287,1251,6.351,44.891,0.2923717047227367,-0.9563047559630354
RGI60-11.03457,2000-01-01_2020-01-01,37000.0,-0.4924,0.5723,11,False,RGI60-11.03457,0.037,2218,2393,2280,39.7,354,149,5.937,44.988,0.9945218953682733,-0.10452846326765342
RGI60-11.03458,2000-01-01_2020-01-01,71000.0,-0.4757,0.4285,11,False,RGI60-11.03458,0.071,2944,3184,3084,30.4,107,387,6.341,45.127,-0.29237170472273666,0.9563047559630355
RGI60-11.03459,2000-01-01_2020-01-01,164000.0,-0.7133,0.4369,11,False,RGI60-11.03459,0.164,2843,3065,2938,23.2,358,612,6.833,45.14,0.9993908270190958,-0.034899496702500823
RGI60-11.03460,2000-01-01_2020-01-01,58000.0,-0.565,0.4509,11,False,RGI60-11.03460,0.058,3232,3453,3402,25.7,16,318,7.07,45.252,0.9612616959383189,0.27563735581699916
RGI60-11.03461,2000-01-01_2020-01-01,41000.0,-0.2491,0.4188,11,False,RGI60-11.03461,0.041,2972,3255,3107,43.7,244,375,6.755,45.418,-0.43837114678907774,-0.8987940462991668
RGI60-11.03462,2000-01-01_2020-01-01,66000.0,-0.1423,0.4333,11,False,RGI60-11.03462,0.066,2658,2951,2774,36.5,332,455,6.242,44.782,0.882947592858927,-0.4694715627858908
RGI60-11.03463,2000-01-01_2020-01-01,50000.0,-0.5653,0.4416,11,False,RGI60-11.03463,0.05,3201,3413,3297,39.5,265,221,6.864,45.518,-0.08715574274765825,-0.9961946980917455
RGI60-11.03464,2000-01-01_2020-01-01,906000.0,-1.0419,0.2022,11,False,RGI60-11.03464,0.906,2356,2748,2475,16.3,335,1270,6.972,45.549,0.90630778703665,-0.4226182617406992
RGI60-11.03465,2000-01-01_2020-01-01,60000.0,-0.6356,0.5653,11,False,RGI60-11.03465,0.06,2393,2633,2473,30.9,62,445,6.137,45.273,0.46947156278589086,0.8829475928589269
RGI60-11.03466,2000-01-01_2020-01-01,7687000.0,-0.9738,0.161,11,False,RGI60-11.03466,7.687,2258,3715,2977,24.0,231,5010,6.992,45.913,-0.6293203910498378,-0.7771459614569706
RGI60-11.03467,2000-01-01_2020-01-01,104000.0,-0.1185,0.3757,11,False,RGI60-11.03467,0.104,3212,3667,3476,38.5,114,648,6.336,44.998,-0.40673664307580026,0.9135454576426009
RGI60-11.03468,2000-01-01_2020-01-01,350000.0,-0.9378,0.2788,11,False,RGI60-11.03468,0.35,2540,2875,2701,23.9,137,920,6.764,45.765,-0.7313537016191705,0.6819983600624985
RGI60-11.03469,2000-01-01_2020-01-01,59000.0,-1.045,0.7406,11,False,RGI60-11.03469,0.059,2934,3479,3247,48.1,322,512,6.348,44.885,0.788010753606722,-0.6156614753256582
RGI60-11.03470,2000-01-01_2020-01-01,108000.0,-0.4964,0.4933,11,False,RGI60-11.03470,0.108,2288,2655,2449,33.9,0,364,6.133,45.303,1.0,0.0
RGI60-11.03471,2000-01-01_2020-01-01,13000.0,-0.5963718926974675,0.4007490312965724,11,True,RGI60-11.03471,0.013,3571,3699,3639,45.7,208,112,6.306,45.004,-0.8829475928589269,-0.46947156278589086
RGI60-11.03472,2000-01-01_2020-01-01,314000.0,-0.0969,0.2826,11,False,RGI60-11.03472,0.314,2798,3206,3047,28.8,78,656,6.112,44.925,0.20791169081775945,0.9781476007338056
RGI60-11.03473,2000-01-01_2020-01-01,1983000.0,-1.0947,0.1907,11,False,RGI60-11.03473,1.983,2539,3425,3012,23.5,31,2721,6.367,44.861,0.8571673007021123,0.5150380749100542
RGI60-11.03474,2000-01-01_2020-01-01,56000.0,-0.2771,0.3721,11,False,RGI60-11.03474,0.056,2925,3171,3039,29.8,15,420,7.046,45.436,0.9659258262890683,0.25881904510252074
RGI60-11.03475,2000-01-01_2020-01-01,240000.0,-0.4118,0.2226,11,False,RGI60-11.03475,0.24,2861,3414,3165,27.3,288,994,6.955,45.946,0.30901699437494723,-0.9510565162951536
RGI60-11.03476,2000-01-01_2020-01-01,14000.0,-0.5963718926974675,0.4007490312965724,11,True,RGI60-11.03476,0.014,3082,3270,3165,53.3,238,99,6.35,44.941,-0.529919264233205,-0.848048096156426
RGI60-11.03477,2000-01-01_2020-01-01,47000.0,-0.064,0.9335,11,False,RGI60-11.03477,0.047,3182,3466,3329,39.6,250,365,6.321,44.959,-0.34202014332566855,-0.9396926207859084
RGI60-11.03478,2000-01-01_2020-01-01,379000.0,-0.6084,0.2181,11,False,RGI60-11.03478,0.379,2981,3363,3150,25.9,332,759,6.965,45.268,0.882947592858927,-0.4694715627858908
RGI60-11.03479,2000-01-01_2020-01-01,93000.0,-0.8045,0.5537,11,False,RGI60-11.03479,0.093,2980,3293,3088,41.6,271,377,6.345,44.877,0.01745240643728313,-0.9998476951563913
RGI60-11.03480,2000-01-01_2020-01-01,181000.0,-0.5806,0.2577,11,False,RGI60-11.03480,0.181,2871,3213,3033,21.3,348,939,7.083,45.437,0.9781476007338056,-0.20791169081775987
RGI60-11.03481,2000-01-01_2020-01-01,79000.0,-1.1669,0.6673,11,False,RGI60-11.03481,0.079,3118,3271,3165,28.7,184,461,6.246,44.886,-0.9975640502598242,-0.06975647374412527
RGI60-11.03482,2000-01-01_2020-01-01,312000.0,-0.4623,0.266,11,False,RGI60-11.03482,0.312,2980,3438,3212,22.9,287,1243,7.119,45.275,0.2923717047227367,-0.9563047559630354
RGI60-11.03483,2000-01-01_2020-01-01,134000.0,-0.8957,0.3358,11,False,RGI60-11.03483,0.134,2638,3014,2744,38.7,292,408,6.875,45.88,0.37460659341591196,-0.9271838545667874
RGI60-11.03484,2000-01-01_2020-01-01,566000.0,-0.5623,0.1876,11,False,RGI60-11.03484,0.566,2984,3532,3239,25.2,319,1388,6.974,45.273,0.7547095802227719,-0.6560590289905074
RGI60-11.03485,2000-01-01_2020-01-01,49000.0,0.0697,0.454,11,False,RGI60-11.03485,0.049,2672,3062,2894,39.7,274,611,6.338,44.813,0.06975647374412522,-0.9975640502598243
RGI60-11.03486,2000-01-01_2020-01-01,27000.0,-0.5963718926974675,0.4007490312965724,11,True,RGI60-11.03486,0.027,2468,2747,2646,41.0,346,379,6.125,45.28,0.9702957262759965,-0.24192189559966787
RGI60-11.03487,2000-01-01_2020-01-01,120000.0,-0.4688,0.3871,11,False,RGI60-11.03487,0.12,2855,3366,3117,40.0,159,810,6.342,44.847,-0.9335804264972017,0.3583679495453002
RGI60-11.03488,2000-01-01_2020-01-01,666000.0,-0.8514,0.2425,11,False,RGI60-11.03488,0.666,2346,2911,2566,24.4,246,1911,6.889,46.119,-0.4067366430758001,-0.913545457642601
RGI60-11.03489,2000-01-01_2020-01-01,441000.0,-0.3954,0.2282,11,False,RGI60-11.03489,0.441,2595,3105,2793,29.3,283,943,6.326,44.83,0.22495105434386492,-0.9743700647852352
RGI60-11.03490,2000-01-01_2020-01-01,10000.0,-0.2373,0.394,11,False,RGI60-11.03490,0.01,2802,2849,2821,25.8,275,141,6.845,46.02,0.08715574274765789,-0.9961946980917455
RGI60-11.03491,2000-01-01_2020-01-01,19000.0,-0.8642,0.9401,11,False,RGI60-11.03491,0.019,3060,3230,3126,43.7,125,199,6.283,44.893,-0.5735764363510462,0.8191520442889917
RGI60-11.03492,2000-01-01_2020-01-01,109000.0,-0.9597,0.4407,11,False,RGI60-11.03492,0.109,2839,3019,2921,27.0,355,464,6.869,45.136,0.9961946980917455,-0.08715574274765832
RGI60-11.03493,2000-01-01_2020-01-01,408000.0,-0.7972,0.3536,11,False,RGI60-11.03493,0.408,2581,3422,2841,34.8,26,1234,6.285,44.911,0.898794046299167,0.4383711467890774
RGI60-11.03494,2000-01-01_2020-01-01,185000.0,-0.4477,0.4279,11,False,RGI60-11.03494,0.185,2994,3458,3243,33.6,142,829,6.287,44.995,-0.7880107536067219,0.6156614753256584
RGI60-11.03495,2000-01-01_2020-01-01,37000.0,-0.7486,0.5952,11,False,RGI60-11.03495,0.037,2856,3050,2915,40.0,174,308,6.277,44.868,-0.9945218953682733,0.10452846326765373
RGI60-11.03496,2000-01-01_2020-01-01,58000.0,-0.1712,0.3448,11,False,RGI60-11.03496,0.058,3117,3282,3207,35.0,303,330,6.353,44.9,0.5446390350150266,-0.8386705679454243
RGI60-11.03497,2000-01-01_2020-01-01,50000.0,-0.5963718926974675,0.4007490312965724,11,True,RGI60-11.03497,0.05,2774,3092,2936,38.4,50,391,6.182,44.89,0.6427876096865394,0.766044443118978
RGI60-11.03498,2000-01-01_2020-01-01,98000.0,-1.1649,0.6359,11,False,RGI60-11.03498,0.098,2756,3169,2981,38.1,323,555,6.149,45.171,0.7986355100472928,-0.6018150231520483
RGI60-11.03499,2000-01-01_2020-01-01,16000.0,-0.5963718926974675,0.4007490312965724,11,True,RGI60-11.03499,0.016,2960,3139,3053,53.1,49,190,6.206,44.859,0.6560590289905073,0.754709580222772
RGI60-11.03500,2000-01-01_2020-01-01,126000.0,-0.8856,0.3813,11,False,RGI60-11.03500,0.126,3013,3194,3078,21.9,75,368,6.616,45.243,0.25881904510252074,0.9659258262890683
RGI60-11.03501,2000-01-01_2020-01-01,25000.0,0.3695,0.6668,11,False,RGI60-11.03501,0.025,2648,2788,2717,45.8,50,187,6.206,44.88,0.6427876096865394,0.766044443118978
RGI60-11.03502,2000-01-01_2020-01-01,14000.0,-0.5963718926974675,0.4007490312965724,11,True,RGI60-11.03502,0.014,2737,2783,2755,17.3,223,222,6.854,45.521,-0.7313537016191706,-0.6819983600624984
RGI60-11.03503,2000-01-01_2020-01-01,305000.0,-0.4165,0.3155,11,False,RGI60-11.03503,0.305,2346,3272,2763,37.7,18,1321,6.353,44.824,0.9510565162951535,0.3090169943749474
RGI60-11.03504,2000-01-01_2020-01-01,154000.0,-0.2324,0.2323,11,False,RGI60-11.03504,0.154,2917,3225,3024,28.6,343,450,6.968,45.352,0.9563047559630353,-0.29237170472273716
RGI60-11.03505,2000-01-01_2020-01-01,339000.0,-0.5902,0.3319,11,False,RGI60-11.03505,0.339,3165,3665,3391,30.7,126,942,6.336,44.968,-0.587785252292473,0.8090169943749475
RGI60-11.03506,2000-01-01_2020-01-01,381000.0,-0.4749,0.2073,11,False,RGI60-11.03506,0.381,3034,3321,3166,21.9,254,1194,7.148,45.42,-0.2756373558169989,-0.961261695938319
RGI60-11.03507,2000-01-01_2020-01-01,13000.0,-0.5963718926974675,0.4007490312965724,11,True,RGI60-11.03507,0.013,3255,3315,3285,30.7,215,145,6.254,44.967,-0.8191520442889918,-0.5735764363510462
RGI60-11.03508,2000-01-01_2020-01-01,10000.0,-0.5963718926974675,0.4007490312965724,11,True,RGI60-11.03508,0.01,3174,3237,3209,30.1,211,145,6.254,44.967,-0.8571673007021123,-0.5150380749100542
RGI60-11.03509,2000-01-01_2020-01-01,111000.0,-1.1045,0.6304,11,False,RGI60-11.03509,0.111,2612,2924,2726,36.3,330,325,6.231,44.772,0.8660254037844384,-0.5000000000000004
RGI60-11.03510,2000-01-01_2020-01-01,30000.0,-0.8921,0.7205,11,False,RGI60-11.03510,0.03,2969,3196,3085,49.2,70,187,6.241,44.904,0.3420201433256688,0.9396926207859083
RGI60-11.03511,2000-01-01_2020-01-01,105000.0,-0.6709,0.4044,11,False,RGI60-11.03511,0.105,2761,3420,3154,47.7,282,680,6.99,45.969,0.20791169081775943,-0.9781476007338056
RGI60-11.03512,2000-01-01_2020-01-01,140000.0,0.143,0.3961,11,False,RGI60-11.03512,0.14,3100,3505,3361,40.3,271,523,6.331,44.847,0.01745240643728313,-0.9998476951563913
RGI60-11.03513,2000-01-01_2020-01-01,191000.0,-0.3842,0.262,11,False,RGI60-11.03513,0.191,2777,3229,2984,31.0,261,892,6.342,44.818,-0.15643446504023104,-0.9876883405951377
RGI60-11.03514,2000-01-01_2020-01-01,10000.0,-0.4365,0.6968,11,False,RGI60-11.03514,0.01,2133,2170,2145,19.2,308,127,6.822,46.105,0.6156614753256585,-0.7880107536067218
RGI60-11.03515,2000-01-01_2020-01-01,16000.0,-0.5742,0.7387,11,False,RGI60-11.03515,0.016,2842,2998,2897,44.9,99,168,6.389,44.972,-0.1564344650402308,0.9876883405951378
RGI60-11.03516,2000-01-01_2020-01-01,135000.0,0.0287,0.4952,11,False,RGI60-11.03516,0.135,2959,3289,3088,32.4,111,557,6.111,44.929,-0.35836794954530027,0.9335804264972017
RGI60-11.03517,2000-01-01_2020-01-01,44000.0,-0.4654,0.4416,11,False,RGI60-11.03517,0.044,3259,3495,3435,35.1,348,333,6.859,45.538,0.9781476007338056,-0.20791169081775987
RGI60-11.03518,2000-01-01_2020-01-01,560000.0,-0.7072,0.2174,11,False,RGI60-11.03518,0.56,2298,3059,2512,28.8,310,1483,6.901,45.901,0.6427876096865393,-0.7660444431189781
RGI60-11.03519,2000-01-01_2020-01-01,112000.0,-0.1871,0.2506,11,False,RGI60-11.03519,0.112,2505,2981,2680,49.1,303,736,6.947,45.933,0.5446390350150266,-0.8386705679454243
RGI60-11.03520,2000-01-01_2020-01-01,953000.0,-0.5249,0.1833,11,False,RGI60-11.03520,0.953,2819,3554,3253,25.7,70,1355,6.766,45.335,0.3420201433256688,0.9396926207859083
RGI60-11.03521,2000-01-01_2020-01-01,141000.0,-0.8075,0.3691,11,False,RGI60-11.03521,0.141,2936,3405,3163,37.2,116,677,6.39,44.934,-0.4383711467890775,0.8987940462991669
RGI60-11.03522,2000-01-01_2020-01-01,447000.0,-0.879,0.3001,11,False,RGI60-11.03522,0.447,2801,3510,3173,30.4,308,1271,6.613,45.285,0.6156614753256585,-0.7880107536067218
RGI60-11.03523,2000-01-01_2020-01-01,10000.0,-0.5963718926974675,0.4007490312965724,11,True,RGI60-11.03523,0.01,2909,2950,2930,25.7,94,111,6.314,44.884,-0.06975647374412533,0.9975640502598242
RGI60-11.03524,2000-01-01_2020-01-01,574000.0,-0.5256,0.2208,11,False,RGI60-11.03524,0.574,2716,3347,3091,30.3,270,820,7.109,45.301,-1.8369701987210297e-16,-1.0
RGI60-11.03525,2000-01-01_2020-01-01,189000.0,-1.0516,0.4055,11,False,RGI60-11.03525,0.189,2508,2696,2558,18.0,135,573,6.765,45.407,-0.7071067811865475,0.7071067811865476
RGI60-11.03526,2000-01-01_2020-01-01,53000.0,-0.8323,0.5227,11,False,RGI60-11.03526,0.053,3155,3347,3295,27.7,237,384,6.222,44.852,-0.544639035015027,-0.8386705679454242
RGI60-11.03527,2000-01-01_2020-01-01,989000.0,-0.5508,0.189,11,False,RGI60-11.03527,0.989,3120,3577,3350,25.4,56,830,6.98,45.27,0.5591929034707468,0.8290375725550417
RGI60-11.03528,2000-01-01_2020-01-01,55000.0,-0.1425,0.2728,11,False,RGI60-11.03528,0.055,2804,3002,2895,23.0,284,471,6.847,46.024,0.24192189559966742,-0.9702957262759966
RGI60-11.03529,2000-01-01_2020-01-01,1690000.0,-0.3537,0.1481,11,False,RGI60-11.03529,1.69,2726,3539,3327,21.3,344,1764,6.985,45.538,0.9612616959383189,-0.27563735581699894
RGI60-11.03530,2000-01-01_2020-01-01,262000.0,-0.7478,0.2917,11,False,RGI60-11.03530,0.262,2844,3242,2987,25.3,355,743,7.07,45.432,0.9961946980917455,-0.08715574274765832
RGI60-11.03531,2000-01-01_2020-01-01,192000.0,-0.4085,0.2153,11,False,RGI60-11.03531,0.192,3152,3435,3336,22.5,333,561,6.997,45.242,0.8910065241883678,-0.45399049973954697
RGI60-11.03532,2000-01-01_2020-01-01,15000.0,-0.5963718926974675,0.4007490312965724,11,True,RGI60-11.03532,0.015,3139,3222,3173,31.7,154,185,6.352,44.818,-0.898794046299167,0.4383711467890773
RGI60-11.03533,2000-01-01_2020-01-01,26000.0,-0.9658,0.743,11,False,RGI60-11.03533,0.026,2950,3067,3042,30.3,59,162,6.181,44.883,0.5150380749100542,0.8571673007021123
RGI60-11.03534,2000-01-01_2020-01-01,91000.0,-0.5367,0.4037,11,False,RGI60-11.03534,0.091,3020,3339,3224,38.4,347,435,6.96,45.887,0.9743700647852351,-0.22495105434386534
RGI60-11.03535,2000-01-01_2020-01-01,334000.0,-0.4521,0.2468,11,False,RGI60-11.03535,0.334,2785,3064,2973,18.8,281,753,6.87,45.43,0.1908089953765451,-0.9816271834476639
RGI60-11.03536,2000-01-01_2020-01-01,734000.0,-0.6086,0.1956,11,False,RGI60-11.03536,0.734,2986,3310,3160,18.0,63,1159,6.322,45.109,0.4539904997395468,0.8910065241883678
RGI60-11.03537,2000-01-01_2020-01-01,106000.0,-0.755,0.427,11,False,RGI60-11.03537,0.106,2733,2944,2832,29.6,24,462,6.754,45.431,0.9135454576426009,0.4067366430758002
RGI60-11.03538,2000-01-01_2020-01-01,318000.0,-0.8135,0.3272,11,False,RGI60-11.03538,0.318,2999,3302,3163,25.9,248,808,6.259,44.882,-0.3746065934159123,-0.9271838545667873
RGI60-11.03539,2000-01-01_2020-01-01,676000.0,-1.1737,0.2689,11,False,RGI60-11.03539,0.676,2799,3257,3016,20.0,8,1282,7.09,45.233,0.9902680687415704,0.13917310096006544
RGI60-11.03540,2000-01-01_2020-01-01,123000.0,-0.7,0.2869,11,False,RGI60-11.03540,0.123,2922,3139,3030,21.5,316,463,7.078,45.434,0.7193398003386509,-0.6946583704589976
RGI60-11.03541,2000-01-01_2020-01-01,44000.0,-0.7005,0.6769,11,False,RGI60-11.03541,0.044,2805,2986,2919,32.3,346,426,6.755,45.771,0.9702957262759965,-0.24192189559966787
RGI60-11.03542,2000-01-01_2020-01-01,81000.0,-0.335,0.4919,11,False,RGI60-11.03542,0.081,2989,3393,3231,34.8,356,515,6.33,45.02,0.9975640502598242,-0.06975647374412564
RGI60-11.03543,2000-01-01_2020-01-01,121000.0,-0.3203,0.2984,11,False,RGI60-11.03543,0.121,3023,3368,3201,31.4,330,791,7.057,45.259,0.8660254037844384,-0.5000000000000004
RGI60-11.03544,2000-01-01_2020-01-01,21000.0,-0.3715,0.6661,11,False,RGI60-11.03544,0.021,2976,3204,3083,45.6,278,306,6.327,44.945,0.13917310096006547,-0.9902680687415704
RGI60-11.03545,2000-01-01_2020-01-01,23000.0,-0.2568,0.4635,11,False,RGI60-11.03545,0.023,3083,3228,3153,39.9,158,209,6.866,45.505,-0.9271838545667873,0.37460659341591224
RGI60-11.03546,2000-01-01_2020-01-01,3858000.0,-0.5967,0.1342,11,False,RGI60-11.03546,3.858,2688,3573,3283,19.2,130,3008,6.756,45.318,-0.6427876096865394,0.766044443118978
RGI60-11.03547,2000-01-01_2020-01-01,947000.0,-0.9899,0.2586,11,False,RGI60-11.03547,0.947,2622,3329,2911,25.1,270,1700,6.986,45.634,-1.8369701987210297e-16,-1.0
RGI60-11.03548,2000-01-01_2020-01-01,29000.0,-0.4637,0.5515,11,False,RGI60-11.03548,0.029,2891,3211,2983,43.3,160,314,6.371,44.924,-0.9396926207859083,0.3420201433256689
RGI60-11.03549,2000-01-01_2020-01-01,19000.0,-0.6824,0.729,11,False,RGI60-11.03549,0.019,3042,3109,3081,25.1,46,186,6.237,44.911,0.6946583704589973,0.7193398003386512
RGI60-11.03550,2000-01-01_2020-01-01,26000.0,-0.9109,1.0952,11,False,RGI60-11.03550,0.026,2517,2608,2559,39.1,338,100,5.956,45.173,0.9271838545667873,-0.37460659341591235
RGI60-11.03551,2000-01-01_2020-01-01,19000.0,-0.3661,0.4136,11,False,RGI60-11.03551,0.019,2935,3012,2959,22.0,134,225,6.366,44.852,-0.6946583704589974,0.7193398003386511
RGI60-11.03552,2000-01-01_2020-01-01,349000.0,-0.6594,0.2197,11,False,RGI60-11.03552,0.349,3092,3422,3240,22.6,164,901,6.631,45.271,-0.9612616959383189,0.2756373558169992
RGI60-11.03553,2000-01-01_2020-01-01,1182000.0,-0.6777,0.1874,11,False,RGI60-11.03553,1.182,2851,3435,3247,20.9,27,1197,6.45,44.934,0.8910065241883679,0.45399049973954675
RGI60-11.03554,2000-01-01_2020-01-01,15000.0,-0.1345,0.4497,11,False,RGI60-11.03554,0.015,2902,2967,2927,25.7,44,158,6.334,45.099,0.7193398003386512,0.6946583704589973
RGI60-11.03555,2000-01-01_2020-01-01,195000.0,-0.516,0.2782,11,False,RGI60-11.03555,0.195,2873,3130,2947,28.1,342,288,7.059,45.434,0.9510565162951535,-0.3090169943749477
RGI60-11.03556,2000-01-01_2020-01-01,2039000.0,-0.755,0.1819,11,False,RGI60-11.03556,2.039,2717,3419,3070,18.9,323,2141,7.101,45.442,0.7986355100472928,-0.6018150231520483
RGI60-11.03557,2000-01-01_2020-01-01,140000.0,-0.7035,0.3342,11,False,RGI60-11.03557,0.14,2922,3189,3049,29.8,77,560,6.311,44.879,0.22495105434386492,0.9743700647852352
RGI60-11.03558,2000-01-01_2020-01-01,917000.0,-0.7365,0.2045,11,False,RGI60-11.03558,0.917,2753,3434,3197,23.9,51,1677,6.457,44.928,0.6293203910498375,0.7771459614569709
RGI60-11.03559,2000-01-01_2020-01-01,34000.0,0.7371,0.9983,11,False,RGI60-11.03559,0.034,2646,2959,2848,44.4,1,328,6.162,44.931,0.9998476951563913,0.01745240643728351
RGI60-11.03560,2000-01-01_2020-01-01,38000.0,-0.5963718926974675,0.4007490312965724,11,True,RGI60-11.03560,0.038,2893,3104,3014,34.8,304,361,6.257,44.954,0.559192903470747,-0.8290375725550416
RGI60-11.03561,2000-01-01_2020-01-01,1031000.0,-0.5232,0.1787,11,False,RGI60-11.03561,1.031,2757,3488,3102,31.7,344,1074,6.862,45.413,0.9612616959383189,-0.27563735581699894
RGI60-11.03562,2000-01-01_2020-01-01,44000.0,-0.6162,0.4486,11,False,RGI60-11.03562,0.044,3139,3268,3197,21.5,114,365,6.399,44.862,-0.40673664307580026,0.9135454576426009
RGI60-11.03563,2000-01-01_2020-01-01,32000.0,-0.7959,0.6413,11,False,RGI60-11.03563,0.032,2619,2728,2670,29.9,86,219,6.133,45.281,0.06975647374412523,0.9975640502598242
RGI60-11.03564,2000-01-01_2020-01-01,36000.0,-0.5945,0.6653,11,False,RGI60-11.03564,0.036,2783,3085,2947,44.3,136,403,6.265,44.864,-0.7193398003386513,0.6946583704589971
RGI60-11.03565,2000-01-01_2020-01-01,27000.0,-0.5477,0.4835,11,False,RGI60-11.03565,0.027,2836,2992,2898,44.4,190,158,6.233,44.85,-0.984807753012208,-0.17364817766693047
RGI60-11.03566,2000-01-01_2020-01-01,11000.0,-0.5963718926974675,0.4007490312965724,11,True,RGI60-11.03566,0.011,2840,2894,2867,18.9,42,158,7.015,45.395,0.7431448254773942,0.6691306063588582
RGI60-11.03567,2000-01-01_2020-01-01,21000.0,-0.3367,0.4871,11,False,RGI60-11.03567,0.021,2522,2695,2587,36.5,97,253,6.746,45.748,-0.12186934340514737,0.9925461516413221
RGI60-11.03568,2000-01-01_2020-01-01,15000.0,-1.0307,0.9839,11,False,RGI60-11.03568,0.015,3144,3231,3192,35.9,309,128,6.851,44.548,0.6293203910498375,-0.7771459614569708
RGI60-11.03569,2000-01-01_2020-01-01,1250000.0,-0.6646,0.1671,11,False,RGI60-11.03569,1.25,2638,3305,2971,27.5,36,1233,6.763,45.424,0.8090169943749475,0.5877852522924731
RGI60-11.03570,2000-01-01_2020-01-01,36000.0,-0.6192,0.5584,11,False,RGI60-11.03570,0.036,3126,3263,3234,33.0,1,219,6.843,44.546,0.9998476951563913,0.01745240643728351
RGI60-11.03571,2000-01-01_2020-01-01,19000.0,-0.5963718926974675,0.4007490312965724,11,True,RGI60-11.03571,0.019,2904,3046,2984,46.0,135,178,6.254,44.852,-0.7071067811865475,0.7071067811865476
RGI60-11.03572,2000-01-01_2020-01-01,563000.0,-0.7232,0.2506,11,False,RGI60-11.03572,0.563,2701,3800,3232,31.2,78,2026,6.329,45.01,0.20791169081775945,0.9781476007338056
RGI60-11.03573,2000-01-01_2020-01-01,156000.0,-0.9961,0.4861,11,False,RGI60-11.03573,0.156,2275,2789,2515,40.0,343,780,6.871,45.992,0.9563047559630353,-0.29237170472273716
RGI60-11.03574,2000-01-01_2020-01-01,44000.0,-0.3269,0.3923,11,False,RGI60-11.03574,0.044,3031,3136,3108,23.7,33,155,6.409,44.797,0.838670567945424,0.5446390350150271
RGI60-11.03575,2000-01-01_2020-01-01,239000.0,-0.9007,0.3002,11,False,RGI60-11.03575,0.239,2500,3058,2685,37.1,344,881,6.797,45.418,0.9612616959383189,-0.27563735581699894
RGI60-11.03576,2000-01-01_2020-01-01,288000.0,-1.1171,0.3716,11,False,RGI60-11.03576,0.288,2407,2724,2538,24.8,344,622,5.985,45.171,0.9612616959383189,-0.27563735581699894
RGI60-11.03577,2000-01-01_2020-01-01,153000.0,-0.6863,0.3271,11,False,RGI60-11.03577,0.153,2881,3180,3016,35.3,228,659,6.79,45.411,-0.6691306063588581,-0.7431448254773944
RGI60-11.03578,2000-01-01_2020-01-01,128000.0,-0.5963718926974675,0.4007490312965724,11,True,RGI60-11.03578,0.128,2762,3111,2935,35.3,62,588,6.27,44.957,0.46947156278589086,0.8829475928589269
RGI60-11.03579,2000-01-01_2020-01-01,621000.0,-0.5565,0.2344,11,False,RGI60-11.03579,0.621,2781,3612,3237,43.3,342,888,6.799,45.819,0.9510565162951535,-0.3090169943749477
RGI60-11.03580,2000-01-01_2020-01-01,111000.0,-0.6964,0.4201,11,False,RGI60-11.03580,0.111,2823,3260,3039,42.1,168,451,6.201,44.854,-0.9781476007338057,0.20791169081775931
RGI60-11.03581,2000-01-01_2020-01-01,59000.0,-0.3719,0.5036,11,False,RGI60-11.03581,0.059,2583,2840,2694,39.5,354,299,6.755,45.773,0.9945218953682733,-0.10452846326765342
RGI60-11.03582,2000-01-01_2020-01-01,101000.0,0.1194,0.4826,11,False,RGI60-11.03582,0.101,2239,2644,2471,47.4,24,429,6.924,45.911,0.9135454576426009,0.4067366430758002
RGI60-11.03583,2000-01-01_2020-01-01,38000.0,-0.3889,0.6781,11,False,RGI60-11.03583,0.038,2573,2777,2657,37.1,8,301,6.363,44.824,0.9902680687415704,0.13917310096006544
RGI60-11.03584,2000-01-01_2020-01-01,332000.0,-1.3936,0.5612,11,False,RGI60-11.03584,0.332,2250,2683,2403,24.4,62,936,6.862,46.029,0.46947156278589086,0.8829475928589269
RGI60-11.03585,2000-01-01_2020-01-01,249000.0,-0.7694,0.2788,11,False,RGI60-11.03585,0.249,2489,3080,2817,29.2,315,1228,6.957,45.955,0.7071067811865474,-0.7071067811865477
RGI60-11.03586,2000-01-01_2020-01-01,12000.0,0.1497,0.4844,11,False,RGI60-11.03586,0.012,3231,3293,3275,26.3,227,133,6.759,45.417,-0.6819983600624986,-0.7313537016191705
RGI60-11.03587,2000-01-01_2020-01-01,580000.0,-0.8578,0.3157,11,False,RGI60-11.03587,0.58,2943,3503,3161,31.9,148,1029,6.293,44.998,-0.848048096156426,0.5299192642332049
RGI60-11.03588,2000-01-01_2020-01-01,502000.0,-0.6301,0.2335,11,False,RGI60-11.03588,0.502,2888,3495,3306,26.7,103,1270,6.439,44.949,-0.22495105434386503,0.9743700647852352
RGI60-11.03589,2000-01-01_2020-01-01,27000.0,-0.7587,0.7374,11,False,RGI60-11.03589,0.027,2663,2823,2744,41.8,82,240,6.293,44.908,0.13917310096006547,0.9902680687415704
RGI60-11.03590,2000-01-01_2020-01-01,93000.0,1.5155,1.1453,11,False,RGI60-11.03590,0.093,2605,3123,2886,46.2,347,544,6.239,44.97,0.9743700647852351,-0.22495105434386534
RGI60-11.03591,2000-01-01_2020-01-01,43000.0,-0.4867,0.3855,11,False,RGI60-11.03591,0.043,3076,3180,3121,19.6,69,281,6.157,45.173,0.3583679495453004,0.9335804264972017
RGI60-11.03592,2000-01-01_2020-01-01,63000.0,-0.3867,0.3163,11,False,RGI60-11.03592,0.063,2777,2967,2851,34.5,175,278,6.753,45.76,-0.9961946980917455,0.0871557427476582
RGI60-11.03593,2000-01-01_2020-01-01,18000.0,-0.5963718926974675,0.4007490312965724,11,True,RGI60-11.03593,0.018,2940,3025,2984,28.5,331,175,6.214,44.963,0.8746197071393959,-0.4848096202463369
RGI60-11.03594,2000-01-01_2020-01-01,33000.0,-0.6056,0.7482,11,False,RGI60-11.03594,0.033,2791,3060,2914,46.8,143,274,6.26,44.86,-0.7986355100472929,0.6018150231520482
RGI60-11.03595,2000-01-01_2020-01-01,57000.0,-0.0644,0.3207,11,False,RGI60-11.03595,0.057,2748,2904,2814,26.9,42,396,6.544,45.147,0.7431448254773942,0.6691306063588582
RGI60-11.03596,2000-01-01_2020-01-01,150000.0,-0.6786,0.3863,11,False,RGI60-11.03596,0.15,2549,3080,2733,46.1,310,628,6.175,44.901,0.6427876096865393,-0.7660444431189781
RGI60-11.03597,2000-01-01_2020-01-01,137000.0,-0.4866,0.3317,11,False,RGI60-11.03597,0.137,2829,3315,3125,36.0,283,675,6.301,44.788,0.22495105434386492,-0.9743700647852352
RGI60-11.03598,2000-01-01_2020-01-01,156000.0,-0.3624,0.254,11,False,RGI60-11.03598,0.156,3043,3297,3155,29.3,348,480,6.957,45.267,0.9781476007338056,-0.20791169081775987
RGI60-11.03599,2000-01-01_2020-01-01,124000.0,-0.7366,0.3481,11,False,RGI60-11.03599,0.124,2924,3218,3032,35.2,148,444,6.349,44.849,-0.848048096156426,0.5299192642332049
RGI60-11.03600,2000-01-01_2020-01-01,22000.0,-0.5963718926974675,0.4007490312965724,11,True,RGI60-11.03600,0.022,2904,3040,2958,32.3,102,224,6.152,44.918,-0.20791169081775934,0.9781476007338057
RGI60-11.03601,2000-01-01_2020-01-01,603000.0,-0.2721,0.1705,11,False,RGI60-11.03601,0.603,2619,3617,3171,31.0,291,1668,6.778,45.809,0.3583679495453004,-0.9335804264972017
RGI60-11.03602,2000-01-01_2020-01-01,25000.0,-0.6307,0.7622,11,False,RGI60-11.03602,0.025,2725,2846,2760,35.2,357,298,6.414,45.017,0.9986295347545738,-0.05233595624294437
RGI60-11.03603,2000-01-01_2020-01-01,288000.0,-0.4495,0.2064,11,False,RGI60-11.03603,0.288,3045,3309,3186,22.5,294,535,6.893,45.141,0.40673664307579976,-0.9135454576426011
RGI60-11.03604,2000-01-01_2020-01-01,165000.0,-0.9774,0.3986,11,False,RGI60-11.03604,0.165,2976,3399,3129,25.5,286,1000,7.035,45.48,0.2756373558169994,-0.9612616959383188
RGI60-11.03605,2000-01-01_2020-01-01,913000.0,-0.7157,0.1995,11,False,RGI60-11.03605,0.913,2829,3312,3011,22.8,344,1071,6.956,45.344,0.9612616959383189,-0.27563735581699894
RGI60-11.03606,2000-01-01_2020-01-01,32000.0,-0.4218,0.4242,11,False,RGI60-11.03606,0.032,2955,3048,3005,21.4,337,247,6.238,44.916,0.9205048534524403,-0.3907311284892739
RGI60-11.03607,2000-01-01_2020-01-01,36000.0,0.148,0.3576,11,False,RGI60-11.03607,0.036,3069,3373,3139,38.7,235,365,6.338,44.944,-0.5735764363510464,-0.8191520442889916
RGI60-11.03608,2000-01-01_2020-01-01,44000.0,-0.605,0.4535,11,False,RGI60-11.03608,0.044,2853,3034,2960,30.2,10,332,6.939,45.386,0.984807753012208,0.17364817766693033
RGI60-11.03609,2000-01-01_2020-01-01,364000.0,-0.809,0.2432,11,False,RGI60-11.03609,0.364,2568,3030,2808,25.1,22,1255,6.762,45.772,0.9271838545667874,0.374606593415912
RGI60-11.03610,2000-01-01_2020-01-01,50000.0,-0.906,0.8077,11,False,RGI60-11.03610,0.05,3011,3329,3145,49.1,299,271,6.137,45.153,0.4848096202463373,-0.8746197071393956
RGI60-11.03611,2000-01-01_2020-01-01,60000.0,-0.5597,0.461,11,False,RGI60-11.03611,0.06,2906,3118,2995,36.7,40,278,6.897,45.172,0.766044443118978,0.6427876096865393
RGI60-11.03612,2000-01-01_2020-01-01,181000.0,-0.5963718926974675,0.4007490312965724,11,True,RGI60-11.03612,0.181,2524,3146,2775,41.4,39,696,6.345,44.83,0.7771459614569709,0.6293203910498374
RGI60-11.03613,2000-01-01_2020-01-01,74000.0,-0.5963718926974675,0.4007490312965724,11,True,RGI60-11.03613,0.074,2859,3194,2984,36.2,87,495,6.179,44.896,0.052335956242943966,0.9986295347545738
RGI60-11.03614,2000-01-01_2020-01-01,961000.0,-1.4212,0.288,11,False,RGI60-11.03614,0.961,2324,2946,2487,19.6,353,1947,6.858,45.423,0.9925461516413221,-0.12186934340514723
RGI60-11.03615,2000-01-01_2020-01-01,32000.0,-0.433,0.5587,11,False,RGI60-11.03615,0.032,2862,3139,3044,37.8,352,441,6.804,45.496,0.9902680687415703,-0.13917310096006588
RGI60-11.03616,2000-01-01_2020-01-01,134000.0,-0.8451,0.319,11,False,RGI60-11.03616,0.134,2856,3114,3015,23.2,345,624,6.849,45.556,0.9659258262890683,-0.2588190451025207
RGI60-11.03617,2000-01-01_2020-01-01,162000.0,-1.0013,0.3794,11,False,RGI60-11.03617,0.162,2945,3273,3090,24.0,134,724,6.647,45.275,-0.6946583704589974,0.7193398003386511
RGI60-11.03618,2000-01-01_2020-01-01,118000.0,-0.7417,0.3631,11,False,RGI60-11.03618,0.118,2958,3333,3157,37.3,4,513,6.91,45.346,0.9975640502598242,0.0697564737441253
RGI60-11.03619,2000-01-01_2020-01-01,29000.0,-0.5963718926974675,0.4007490312965724,11,True,RGI60-11.03619,0.029,3028,3215,3127,45.6,207,155,6.994,45.965,-0.8910065241883679,-0.45399049973954664
RGI60-11.03620,2000-01-01_2020-01-01,60000.0,-0.8401,0.5543,11,False,RGI60-11.03620,0.06,2499,2673,2574,28.7,356,343,6.126,45.249,0.9975640502598242,-0.06975647374412564
RGI60-11.03621,2000-01-01_2020-01-01,57000.0,-0.2248,0.3483,11,False,RGI60-11.03621,0.057,2822,2993,2880,35.6,212,202,6.214,44.851,-0.8480480961564261,-0.5299192642332048
RGI60-11.03622,2000-01-01_2020-01-01,57000.0,0.1598,0.5543,11,False,RGI60-11.03622,0.057,3174,3467,3315,32.4,189,6011,6.382,44.944,-0.9876883405951378,-0.15643446504023073
RGI60-11.03623,2000-01-01_2020-01-01,206000.0,-0.6311,0.3317,11,False,RGI60-11.03623,0.206,2902,3378,3167,33.0,323,754,6.235,44.903,0.7986355100472928,-0.6018150231520483
RGI60-11.03624,2000-01-01_2020-01-01,60000.0,-0.201,0.3676,11,False,RGI60-11.03624,0.06,2870,3129,3008,34.7,114,537,6.358,44.819,-0.40673664307580026,0.9135454576426009
RGI60-11.03625,2000-01-01_2020-01-01,758000.0,-0.7,0.1834,11,False,RGI60-11.03625,0.758,2635,3456,2994,25.6,74,2072,6.872,45.535,0.27563735581699916,0.9612616959383189
RGI60-11.03626,2000-01-01_2020-01-01,82000.0,-0.5541,0.369,11,False,RGI60-11.03626,0.082,2794,2996,2930,28.7,308,506,6.237,44.775,0.6156614753256585,-0.7880107536067218
RGI60-11.03627,2000-01-01_2020-01-01,695000.0,-0.5378,0.2228,11,False,RGI60-11.03627,0.695,2954,3644,3147,34.2,230,1036,6.315,44.998,-0.6427876096865395,-0.7660444431189779
RGI60-11.03628,2000-01-01_2020-01-01,22000.0,-0.5963718926974675,0.4007490312965724,11,True,RGI60-11.03628,0.022,3021,3218,3097,52.2,233,161,6.104,44.928,-0.6018150231520483,-0.7986355100472928
RGI60-11.03629,2000-01-01_2020-01-01,167000.0,-1.0553,0.4433,11,False,RGI60-11.03629,0.167,3074,3372,3260,25.9,116,841,6.462,44.923,-0.4383711467890775,0.8987940462991669
RGI60-11.03630,2000-01-01_2020-01-01,197000.0,-0.6033,0.3245,11,False,RGI60-11.03630,0.197,2876,3319,3038,36.3,280,589,6.347,44.864,0.17364817766692997,-0.9848077530122081
RGI60-11.03631,2000-01-01_2020-01-01,38000.0,-0.2785,0.3567,11,False,RGI60-11.03631,0.038,2805,2981,2869,35.9,182,246,6.961,45.912,-0.9993908270190958,-0.0348994967025009
RGI60-11.03632,2000-01-01_2020-01-01,30000.0,-0.5963718926974675,0.4007490312965724,11,True,RGI60-11.03632,0.03,2988,3103,3050,26.2,78,189,6.342,44.807,0.20791169081775945,0.9781476007338056
RGI60-11.03633,2000-01-01_2020-01-01,24000.0,-0.7817,0.7638,11,False,RGI60-11.03633,0.024,3136,3317,3265,30.9,269,271,6.238,44.897,-0.017452406437283498,-0.9998476951563913
RGI60-11.03634,2000-01-01_2020-01-01,29000.0,-0.5963718926974675,0.4007490312965724,11,True,RGI60-11.03634,0.029,2925,3063,3010,29.3,60,250,6.272,44.954,0.5000000000000001,0.8660254037844386
RGI60-11.03635,2000-01-01_2020-01-01,127000.0,-0.9394,0.5431,11,False,RGI60-11.03635,0.127,2412,2804,2562,40.5,346,447,6.88,45.993,0.9702957262759965,-0.24192189559966787
RGI60-11.03636,2000-01-01_2020-01-01,12000.0,-0.5963718926974675,0.4007490312965724,11,True,RGI60-11.03636,0.012,2826,2932,2870,35.2,346,205,6.159,44.931,0.9702957262759965,-0.24192189559966787
RGI60-11.03637,2000-01-01_2020-01-01,15000.0,-0.0097,0.3002,11,False,RGI60-11.03637,0.015,3456,3538,3504,25.9,220,154,6.428,44.95,-0.766044443118978,-0.6427876096865393
RGI60-11.03638,2000-01-01_2020-01-01,13795000.0,-1.0494,0.1668,11,False,RGI60-11.03638,13.795,1538,3847,2876,21.3,338,9201,6.985,45.951,0.9271838545667873,-0.37460659341591235
RGI60-11.03639,2000-01-01_2020-01-01,425000.0,-0.6325,0.2474,11,False,RGI60-11.03639,0.425,2595,3129,2802,29.0,318,951,6.952,45.951,0.7431448254773942,-0.6691306063588581
RGI60-11.03640,2000-01-01_2020-01-01,1024000.0,-0.4599,0.1795,11,False,RGI60-11.03640,1.024,2720,3790,3209,33.1,272,1856,7.003,45.96,0.03489949670250128,-0.9993908270190958
RGI60-11.03641,2000-01-01_2020-01-01,178000.0,-0.448,0.2735,11,False,RGI60-11.03641,0.178,2450,3167,2704,37.9,18,971,6.969,45.888,0.9510565162951535,0.3090169943749474
RGI60-11.03642,2000-01-01_2020-01-01,7223000.0,-1.218,0.1872,11,False,RGI60-11.03642,7.223,2032,3953,2841,24.9,347,8439,6.977,45.894,0.9743700647852351,-0.22495105434386534
RGI60-11.03643,2000-01-01_2020-01-01,24179000.0,-0.9935,0.1381,11,False,RGI60-11.03643,24.179,1529,4025,3077,18.6,30,13228,6.934,45.883,0.8660254037844387,0.49999999999999994
RGI60-11.03644,2000-01-01_2020-01-01,421000.0,-0.675,0.3277,11,False,RGI60-11.03644,0.421,3069,3707,3446,43.1,353,650,6.888,45.882,0.9925461516413221,-0.12186934340514723
RGI60-11.03645,2000-01-01_2020-01-01,574000.0,-0.6685,0.2833,11,False,RGI60-11.03645,0.574,2361,3377,2754,36.4,324,1591,6.912,45.907,0.8090169943749473,-0.5877852522924734
RGI60-11.03646,2000-01-01_2020-01-01,11420000.0,-0.2349,0.1058,11,False,RGI60-11.03646,11.42,1412,4776,3823,29.1,347,7204,6.865,45.868,0.9743700647852351,-0.22495105434386534
RGI60-11.03647,2000-01-01_2020-01-01,4898000.0,-0.2822,0.1217,11,False,RGI60-11.03647,4.898,1736,4286,3336,31.6,349,4422,6.844,45.863,0.981627183447664,-0.19080899537654467
RGI60-11.03648,2000-01-01_2020-01-01,5102000.0,-0.407,0.136,11,False,RGI60-11.03648,5.102,1712,4287,3003,32.2,316,5974,6.811,45.849,0.7193398003386509,-0.6946583704589976
RGI60-11.03649,2000-01-01_2020-01-01,1267000.0,-0.4625,0.1701,11,False,RGI60-11.03649,1.267,2170,3652,2618,26.9,280,2865,6.799,45.827,0.17364817766692997,-0.9848077530122081
RGI60-11.03650,2000-01-01_2020-01-01,712000.0,-0.3296,0.1875,11,False,RGI60-11.03650,0.712,2241,3623,3020,37.2,328,1812,6.783,45.817,0.8480480961564258,-0.529919264233205
RGI60-11.03651,2000-01-01_2020-01-01,8402000.0,-0.7597,0.1428,11,False,RGI60-11.03651,8.402,2040,3812,2975,22.9,254,7261,6.784,45.784,-0.2756373558169989,-0.961261695938319
RGI60-11.03652,2000-01-01_2020-01-01,550000.0,-0.7476,0.2075,11,False,RGI60-11.03652,0.55,2799,3191,3018,22.7,281,1046,6.985,45.642,0.1908089953765451,-0.9816271834476639
RGI60-11.03653,2000-01-01_2020-01-01,1812000.0,-0.4532,0.1405,11,False,RGI60-11.03653,1.812,2245,3521,3084,23.7,51,3314,6.874,45.531,0.6293203910498375,0.7771459614569709
RGI60-11.03654,2000-01-01_2020-01-01,1669000.0,-0.4207,0.1593,11,False,RGI60-11.03654,1.669,2798,3564,3274,24.1,353,2521,7.087,45.341,0.9925461516413221,-0.12186934340514723
RGI60-11.03655,2000-01-01_2020-01-01,2052000.0,-1.0444,0.2027,11,False,RGI60-11.03655,2.052,2885,3279,3175,9.7,337,2427,7.067,45.221,0.9205048534524403,-0.3907311284892739
RGI60-11.03656,2000-01-01_2020-01-01,940000.0,-0.9192,0.2345,11,False,RGI60-11.03656,0.94,2828,3318,3001,20.4,26,1631,6.98,45.346,0.898794046299167,0.4383711467890774
RGI60-11.03657,2000-01-01_2020-01-01,970000.0,-0.8102,0.2082,11,False,RGI60-11.03657,0.97,2770,3290,2967,26.3,6,968,6.99,45.372,0.9945218953682733,0.10452846326765347
RGI60-11.03658,2000-01-01_2020-01-01,494000.0,-1.1709,0.2604,11,False,RGI60-11.03658,0.494,2860,3205,3053,20.5,42,1072,7.005,45.37,0.7431448254773942,0.6691306063588582
RGI60-11.03659,2000-01-01_2020-01-01,771000.0,-0.7892,0.2049,11,False,RGI60-11.03659,0.771,2800,3140,2954,18.8,35,1460,6.922,45.391,0.8191520442889918,0.573576436351046
RGI60-11.03660,2000-01-01_2020-01-01,886000.0,-0.4837,0.1779,11,False,RGI60-11.03660,0.886,2842,3376,3077,28.8,334,1090,6.91,45.386,0.8987940462991668,-0.4383711467890778
RGI60-11.03661,2000-01-01_2020-01-01,142000.0,-0.0283,0.2283,11,False,RGI60-11.03661,0.142,2843,3155,2980,31.1,336,857,6.893,45.38,0.913545457642601,-0.40673664307580015
RGI60-11.03662,2000-01-01_2020-01-01,4218000.0,-1.0605,0.1768,11,False,RGI60-11.03662,4.218,2561,3609,2946,19.5,10,3237,6.881,45.423,0.984807753012208,0.17364817766693033
RGI60-11.03663,2000-01-01_2020-01-01,1604000.0,-0.6953,0.1711,11,False,RGI60-11.03663,1.604,2393,3756,2869,29.3,359,2316,6.828,45.414,0.9998476951563913,-0.01745240643728356
RGI60-11.03664,2000-01-01_2020-01-01,731000.0,-1.1712,0.265,11,False,RGI60-11.03664,0.731,2692,3117,2867,19.8,244,1933,6.803,45.409,-0.43837114678907774,-0.8987940462991668
RGI60-11.03665,2000-01-01_2020-01-01,148000.0,-0.9057,0.4182,11,False,RGI60-11.03665,0.148,2395,2958,2554,44.4,3,604,6.809,45.42,0.9986295347545738,0.052335956242943835
RGI60-11.03666,2000-01-01_2020-01-01,358000.0,-0.7298,0.2542,11,False,RGI60-11.03666,0.358,2830,3093,2976,20.2,3,514,6.799,45.376,0.9986295347545738,0.052335956242943835
RGI60-11.03667,2000-01-01_2020-01-01,3462000.0,-0.7046,0.1448,11,False,RGI60-11.03667,3.462,2661,3517,3193,16.4,48,2610,6.763,45.344,0.6691306063588582,0.7431448254773942
RGI60-11.03668,2000-01-01_2020-01-01,1796000.0,-0.9504,0.1919,11,False,RGI60-11.03668,1.796,2781,3226,2980,13.1,333,1422,6.765,45.361,0.8910065241883678,-0.45399049973954697
RGI60-11.03669,2000-01-01_2020-01-01,1875000.0,-0.4004,0.1475,11,False,RGI60-11.03669,1.875,2690,3559,3176,27.9,305,1447,6.727,45.309,0.573576436351046,-0.8191520442889918
RGI60-11.03670,2000-01-01_2020-01-01,2343000.0,-0.7166,0.1759,11,False,RGI60-11.03670,2.343,2844,3508,3206,25.0,88,1735,6.745,45.302,0.03489949670250108,0.9993908270190958
RGI60-11.03671,2000-01-01_2020-01-01,3569000.0,-0.7874,0.1457,11,False,RGI60-11.03671,3.569,2588,3464,2983,16.2,14,4377,6.629,45.295,0.9702957262759965,0.24192189559966773
RGI60-11.03672,2000-01-01_2020-01-01,3090000.0,-0.926,0.1748,11,False,RGI60-11.03672,3.09,2814,3449,3103,16.2,149,3100,6.615,45.266,-0.8571673007021122,0.5150380749100544
RGI60-11.03673,2000-01-01_2020-01-01,313000.0,-0.5639,0.229,11,False,RGI60-11.03673,0.313,2922,3326,3083,27.7,311,896,6.618,45.289,0.656059028990507,-0.7547095802227722
RGI60-11.03674,2000-01-01_2020-01-01,2741000.0,-1.5248,0.2484,11,False,RGI60-11.03674,2.741,2669,3418,2907,16.3,38,2728,6.159,45.16,0.7880107536067219,0.6156614753256583
RGI60-11.03675,2000-01-01_2020-01-01,3443000.0,-0.6241,0.3674,11,False,RGI60-11.03675,3.443,2703,3496,3235,19.6,322,2086,6.226,45.003,0.788010753606722,-0.6156614753256582
RGI60-11.03676,2000-01-01_2020-01-01,5364000.0,-0.2199,0.2139,11,False,RGI60-11.03676,5.364,2575,3562,3225,20.2,354,2562,6.252,45.009,0.9945218953682733,-0.10452846326765342
RGI60-11.03677,2000-01-01_2020-01-01,1863000.0,-0.1866,0.1898,11,False,RGI60-11.03677,1.863,2421,3825,3155,34.7,352,2435,6.296,45.008,0.9902680687415703,-0.13917310096006588
RGI60-11.03678,2000-01-01_2020-01-01,1445000.0,-0.5114,0.1639,11,False,RGI60-11.03678,1.445,2674,3826,3172,29.3,353,2146,6.321,45.014,0.9925461516413221,-0.12186934340514723
RGI60-11.03679,2000-01-01_2020-01-01,1583000.0,-0.9147,0.2368,11,False,RGI60-11.03679,1.583,2228,3677,2990,33.0,46,2882,6.339,45.007,0.6946583704589973,0.7193398003386512
RGI60-11.03680,2000-01-01_2020-01-01,1893000.0,-0.5551,0.262,11,False,RGI60-11.03680,1.893,2687,3706,3104,25.7,247,2055,6.274,44.992,-0.3907311284892738,-0.9205048534524403
RGI60-11.03681,2000-01-01_2020-01-01,455000.0,-0.1231,0.3609,11,False,RGI60-11.03681,0.455,2616,3240,2849,36.5,337,962,6.256,44.974,0.9205048534524403,-0.3907311284892739
RGI60-11.03682,2000-01-01_2020-01-01,457000.0,-0.2692,0.2158,11,False,RGI60-11.03682,0.457,2793,3530,3247,35.9,327,1040,6.383,44.96,0.838670567945424,-0.544639035015027
RGI60-11.03683,2000-01-01_2020-01-01,2810000.0,-0.7886,0.1883,11,False,RGI60-11.03683,2.81,2195,3448,2686,28.6,14,4473,6.35,44.954,0.9702957262759965,0.24192189559966773
RGI60-11.03684,2000-01-01_2020-01-01,5147000.0,-0.8769,0.1614,11,False,RGI60-11.03684,5.147,2378,3992,3187,19.4,75,6011,6.382,44.944,0.25881904510252074,0.9659258262890683
RGI60-11.03685,2000-01-01_2020-01-01,633000.0,-0.5464,0.1982,11,False,RGI60-11.03685,0.633,3004,3802,3457,34.8,170,1285,6.364,44.882,-0.984807753012208,0.17364817766693028
RGI60-11.03686,2000-01-01_2020-01-01,1220000.0,-0.3865,0.1606,11,False,RGI60-11.03686,1.22,2933,3870,3329,33.3,231,1386,6.347,44.919,-0.6293203910498378,-0.7771459614569706
RGI60-11.03687,2000-01-01_2020-01-01,3040000.0,-0.9746,0.2605,11,False,RGI60-11.03687,3.04,2256,3513,2925,27.3,352,2971,6.334,44.865,0.9902680687415703,-0.13917310096006588
RGI60-11.03688,2000-01-01_2020-01-01,599000.0,-0.9281,0.3385,11,False,RGI60-11.03688,0.599,2304,2989,2508,30.8,309,1122,6.318,44.844,0.6293203910498375,-0.7771459614569708
RGI60-11.03689,2000-01-01_2020-01-01,573000.0,-0.3573,0.2477,11,False,RGI60-11.03689,0.573,2312,3177,2796,36.7,332,1285,6.331,44.803,0.882947592858927,-0.4694715627858908
RGI60-11.03690,2000-01-01_2020-01-01,717000.0,0.4215,0.7552,11,False,RGI60-11.03690,0.717,2361,3134,2627,36.7,342,1305,6.316,44.796,0.9510565162951535,-0.3090169943749477
RGI60-11.03691,2000-01-01_2020-01-01,325000.0,-0.0391,0.2678,11,False,RGI60-11.03691,0.325,2527,3064,2749,32.4,61,1030,6.347,44.799,0.4848096202463371,0.8746197071393957
RGI60-11.03692,2000-01-01_2020-01-01,271000.0,-0.6702,0.3766,11,False,RGI60-11.03692,0.271,2505,3015,2778,34.2,324,796,6.197,44.744,0.8090169943749473,-0.5877852522924734
RGI60-11.03693,2000-01-01_2020-01-01,869000.0,-0.8509,0.2693,11,False,RGI60-11.03693,0.869,2650,3282,3041,30.1,38,1073,6.319,44.867,0.7880107536067219,0.6156614753256583
RGI60-11.03694,2000-01-01_2020-01-01,2242000.0,-0.7142,0.52,11,False,RGI60-11.03694,2.242,2405,3301,2839,31.9,18,1678,6.263,44.892,0.9510565162951535,0.3090169943749474
RGI60-11.03695,2000-01-01_2020-01-01,481000.0,-1.2948,0.6791,11,False,RGI60-11.03695,0.481,2305,3158,2614,41.5,9,1201,6.195,44.883,0.9876883405951378,0.15643446504023087
RGI60-11.03696,2000-01-01_2020-01-01,117000.0,-0.3183,0.4858,11,False,RGI60-11.03696,0.117,2833,3061,2924,25.6,72,490,6.151,44.901,0.30901699437494745,0.9510565162951535
RGI60-11.03697,2000-01-01_2020-01-01,476000.0,-1.0816,0.3933,11,False,RGI60-11.03697,0.476,2667,3115,2827,29.1,346,695,6.139,44.912,0.9702957262759965,-0.24192189559966787
RGI60-11.03698,2000-01-01_2020-01-01,8124000.0,-0.635,0.1251,11,False,RGI60-11.03698,8.124,2193,3707,2977,19.0,309,4112,6.988,45.987,0.6293203910498375,-0.7771459614569708
RGI60-11.03699,2000-01-01_2020-01-01,870000.0,-0.6195,0.1865,11,False,RGI60-11.03699,0.87,2838,3412,3118,24.5,341,1424,7.13,45.28,0.9455185755993168,-0.3255681544571567
RGI60-11.03700,2000-01-01_2020-01-01,552000.0,-0.5627,0.2158,11,False,RGI60-11.03700,0.552,2914,3231,3067,18.5,313,1031,6.979,45.363,0.6819983600624986,-0.7313537016191703
RGI60-11.03701,2000-01-01_2020-01-01,2373000.0,-0.4184,0.1433,11,False,RGI60-11.03701,2.373,2761,3340,3046,16.5,285,1706,7.144,45.371,0.2588190451025203,-0.9659258262890684
RGI60-11.03702,2000-01-01_2020-01-01,82000.0,-0.7102,0.5345,11,False,RGI60-11.03702,0.082,2938,3129,3036,27.7,272,326,6.125827789,45.131477356,0.03489949670250128,-0.9993908270190958
RGI60-11.03703,2000-01-01_2020-01-01,15000.0,-0.5966,0.7792,11,False,RGI60-11.03703,0.015,3000,3121,3040,45.6,277,112,6.132995129,45.144927979,0.12186934340514768,-0.992546151641322
RGI60-11.03704,2000-01-01_2020-01-01,31000.0,-0.6142,0.5097,11,False,RGI60-11.03704,0.031,2774,2841,2780,10.7,304,212,6.130867004,45.151939392,0.559192903470747,-0.8290375725550416
RGI60-11.03705,2000-01-01_2020-01-01,523000.0,-1.0033,0.2871,11,False,RGI60-11.03705,0.523,2787,3304,2990,28.6,308,930,6.126721382,45.140708923,0.6156614753256585,-0.7880107536067218
RGI60-11.03706,2000-01-01_2020-01-01,116000.0,-1.1313,0.8302,11,False,RGI60-11.03706,0.116,2778,3064,2877,29.2,300,190,6.129675865,45.148468018,0.5000000000000001,-0.8660254037844386
RGI60-11.03707,2000-01-01_2020-01-01,10000.0,-0.5963718926974675,0.4007490312965724,11,True,RGI60-11.03707,0.01,2848,2875,2863,16.5,312,-9,6.127987385,45.144161224,0.6691306063588578,-0.7431448254773946
RGI60-11.03708,2000-01-01_2020-01-01,44000.0,-0.2008,0.2564,11,False,RGI60-11.03708,0.044,2855,2884,2864,6.7,278,190,6.118746281,45.122947693,0.13917310096006547,-0.9902680687415704
RGI60-11.03709,2000-01-01_2020-01-01,15000.0,-0.4403,0.746,11,False,RGI60-11.03709,0.015,2600,2707,2663,37.0,345,202,6.865118027,45.989925385,0.9659258262890683,-0.2588190451025207
RGI60-11.03710,2000-01-01_2020-01-01,15000.0,-0.5963718926974675,0.4007490312965724,11,True,RGI60-11.03710,0.015,2514,2606,2552,42.6,350,103,6.864919186,45.991085052,0.984807753012208,-0.1736481776669304
RGI60-11.03711,2000-01-01_2020-01-01,14000.0,-0.5963718926974675,0.4007490312965724,11,True,RGI60-11.03711,0.014,2700,2758,2746,16.6,317,251,6.864435673,45.988910675,0.7313537016191707,-0.6819983600624983
RGI60-11.03712,2000-01-01_2020-01-01,15000.0,-0.8377,0.872,11,False,RGI60-11.03712,0.015,2907,3034,2973,45.4,252,135,6.988554955,45.972412109,-0.30901699437494756,-0.9510565162951535
RGI60-11.03713,2000-01-01_2020-01-01,64000.0,-0.1402,0.2884,11,False,RGI60-11.03713,0.064,3216,3384,3311,31.0,174,255,6.804134369,45.769584656,-0.9945218953682733,0.10452846326765373
RGI60-11.03714,2000-01-01_2020-01-01,42000.0,-0.0424,0.2335,11,False,RGI60-11.03714,0.042,3187,3407,3304,28.0,198,426,6.862073898,45.505577087,-0.9510565162951536,-0.3090169943749473
RGI60-11.03715,2000-01-01_2020-01-01,247000.0,-0.482,0.2138,11,False,RGI60-11.03715,0.247,3031,3289,3181,21.8,93,667,6.804168224,45.492321014,-0.05233595624294384,0.9986295347545738
RGI60-11.03716,2000-01-01_2020-01-01,12000.0,0.0485,0.2775,11,False,RGI60-11.03716,0.012,3063,3108,3083,16.4,67,160,6.806703568,45.494911194,0.3907311284892737,0.9205048534524404
RGI60-11.03717,2000-01-01_2020-01-01,30000.0,-0.1402,0.3794,11,False,RGI60-11.03717,0.03,3032,3241,3132,35.8,131,285,6.792551041,45.488883972,-0.6560590289905072,0.7547095802227721
RGI60-11.03718,2000-01-01_2020-01-01,44000.0,-0.257,0.459,11,False,RGI60-11.03718,0.044,2902,3142,3009,33.6,175,215,6.797332764,45.490013123,-0.9961946980917455,0.0871557427476582
RGI60-11.03719,2000-01-01_2020-01-01,28000.0,0.0379,0.2341,11,False,RGI60-11.03719,0.028,2824,2876,2850,15.6,170,202,6.797760487,45.485889435,-0.984807753012208,0.17364817766693028
RGI60-11.03720,2000-01-01_2020-01-01,82000.0,-0.5702,0.4668,11,False,RGI60-11.03720,0.082,2831,3275,3040,40.4,9,541,6.791683674,45.49445343,0.9876883405951378,0.15643446504023087
RGI60-11.03721,2000-01-01_2020-01-01,36000.0,-0.9713,0.7169,11,False,RGI60-11.03721,0.036,2608,2718,2690,20.7,33,313,6.36717701,45.461017609,0.838670567945424,0.5446390350150271
RGI60-11.03722,2000-01-01_2020-01-01,13000.0,-0.5963718926974675,0.4007490312965724,11,True,RGI60-11.03722,0.013,2894,2925,2904,11.5,284,127,7.094813824,45.459190369,0.24192189559966742,-0.9702957262759966
RGI60-11.03723,2000-01-01_2020-01-01,37000.0,-0.5963718926974675,0.4007490312965724,11,True,RGI60-11.03723,0.037,2903,2975,2930,18.7,273,180,7.096055031,45.462150574,0.052335956242943946,-0.9986295347545738
RGI60-11.03724,2000-01-01_2020-01-01,738000.0,-0.7247,0.2476,11,False,RGI60-11.03724,0.738,2961,3298,3111,20.2,99,794,7.073329926,45.418830872,-0.1564344650402308,0.9876883405951378
RGI60-11.03725,2000-01-01_2020-01-01,41000.0,0.0121,0.2563,11,False,RGI60-11.03725,0.041,3188,3324,3269,27.6,49,261,7.072587013,45.406936646,0.6560590289905073,0.754709580222772
RGI60-11.03726,2000-01-01_2020-01-01,708000.0,-0.6821,0.2042,11,False,RGI60-11.03726,0.708,3021,3275,3158,16.5,264,979,7.064435482,45.423805237,-0.10452846326765336,-0.9945218953682734
RGI60-11.03727,2000-01-01_2020-01-01,12000.0,-0.5963718926974675,0.4007490312965724,11,True,RGI60-11.03727,0.012,3063,3109,3086,14.7,257,168,7.066379547,45.414669037,-0.22495105434386525,-0.9743700647852351
RGI60-11.03728,2000-01-01_2020-01-01,18000.0,-0.5963718926974675,0.4007490312965724,11,True,RGI60-11.03728,0.018,3120,3179,3137,18.6,274,168,7.067751884,45.412796021,0.06975647374412522,-0.9975640502598243
RGI60-11.03729,2000-01-01_2020-01-01,24000.0,-0.0482,0.308,11,False,RGI60-11.03729,0.024,3119,3224,3186,23.9,210,125,7.155210495,45.413024902,-0.8660254037844386,-0.5000000000000001
RGI60-11.03730,2000-01-01_2020-01-01,16000.0,0.0829,0.2704,11,False,RGI60-11.03730,0.016,3064,3117,3089,18.2,247,160,7.16242981,45.409645081,-0.3907311284892738,-0.9205048534524403
RGI60-11.03731,2000-01-01_2020-01-01,1047000.0,-0.8461,0.2318,11,False,RGI60-11.03731,1.047,2726,3278,2962,20.3,330,1866,7.156507492,45.387832642,0.8660254037844384,-0.5000000000000004
RGI60-11.03732,2000-01-01_2020-01-01,413000.0,-1.0782,0.2722,11,False,RGI60-11.03732,0.413,2857,3098,2981,13.3,317,1202,7.168877602,45.392459869,0.7313537016191707,-0.6819983600624983
RGI60-11.03733,2000-01-01_2020-01-01,1294000.0,-0.743,0.1895,11,False,RGI60-11.03733,1.294,2739,3379,3114,17.1,255,1398,7.17489624,45.402484894,-0.25881904510252063,-0.9659258262890683
RGI60-11.03734,2000-01-01_2020-01-01,1031000.0,-0.5214,0.1665,11,False,RGI60-11.03734,1.031,2976,3575,3311,15.9,274,2158,7.090087891,45.334049225,0.06975647374412522,-0.9975640502598243
RGI60-11.03735,2000-01-01_2020-01-01,189000.0,-0.2644,0.206,11,False,RGI60-11.03735,0.189,3167,3497,3326,27.4,191,555,7.098690987,45.330360413,-0.981627183447664,-0.19080899537654472
RGI60-11.03736,2000-01-01_2020-01-01,32000.0,-0.0362,0.3052,11,False,RGI60-11.03736,0.032,3156,3318,3200,25.6,241,304,7.105105877,45.325263977,-0.48480962024633684,-0.8746197071393959
RGI60-11.03737,2000-01-01_2020-01-01,41000.0,0.0675,0.2345,11,False,RGI60-11.03737,0.041,3124,3224,3184,22.5,268,285,7.106214523,45.322666168,-0.03489949670250076,-0.9993908270190958
RGI60-11.03738,2000-01-01_2020-01-01,225000.0,-0.4227,0.2299,11,False,RGI60-11.03738,0.225,3034,3416,3195,27.6,282,682,7.128118038,45.263771057,0.20791169081775943,-0.9781476007338056
RGI60-11.03739,2000-01-01_2020-01-01,79000.0,-0.0472,0.2788,11,False,RGI60-11.03739,0.079,2976,3341,3128,36.8,307,633,7.123735428,45.260894775,0.6018150231520479,-0.798635510047293
RGI60-11.03740,2000-01-01_2020-01-01,2067000.0,-1.263,0.2392,11,False,RGI60-11.03740,2.067,2773,3310,3026,13.1,340,2705,7.122775078,45.252967834,0.9396926207859084,-0.3420201433256686
RGI60-11.03741,2000-01-01_2020-01-01,19000.0,-0.0038,0.2409,11,False,RGI60-11.03741,0.019,3191,3244,3215,15.2,230,180,7.133013725,45.254299164,-0.6427876096865395,-0.7660444431189779
RGI60-11.03742,2000-01-01_2020-01-01,58000.0,-0.5384,0.4613,11,False,RGI60-11.03742,0.058,3178,3386,3347,25.5,38,365,7.073810577,45.24659729,0.7880107536067219,0.6156614753256583
RGI60-11.03743,2000-01-01_2020-01-01,20000.0,-0.5295,0.5207,11,False,RGI60-11.03743,0.02,3322,3398,3379,21.2,53,182,7.070320129,45.24798584,0.6018150231520484,0.7986355100472928
RGI60-11.03744,2000-01-01_2020-01-01,204000.0,-0.8822,0.3113,11,False,RGI60-11.03744,0.204,2969,3303,3099,27.6,10,621,7.038302422,45.285648346,0.984807753012208,0.17364817766693033
RGI60-11.03745,2000-01-01_2020-01-01,186000.0,-0.6712,0.2883,11,False,RGI60-11.03745,0.186,3004,3294,3171,22.6,256,695,6.734101772,45.291503906,-0.24192189559966779,-0.9702957262759965
RGI60-11.03746,2000-01-01_2020-01-01,10000.0,-0.5963718926974675,0.4007490312965724,11,True,RGI60-11.03746,0.01,3089,3150,3119,33.0,228,-9,6.730564117,45.293998718,-0.6691306063588581,-0.7431448254773944
RGI60-11.03747,2000-01-01_2020-01-01,58000.0,-0.1214,0.2654,11,False,RGI60-11.03747,0.058,2799,3012,2839,21.8,122,453,6.760053635,45.279243469,-0.5299192642332048,0.8480480961564261
RGI60-11.03748,2000-01-01_2020-01-01,26000.0,-0.177,0.3877,11,False,RGI60-11.03748,0.026,2997,3145,3075,35.7,189,237,6.760790825,45.283504486,-0.9876883405951378,-0.15643446504023073
RGI60-11.03749,2000-01-01_2020-01-01,13000.0,-0.0299,0.3204,11,False,RGI60-11.03749,0.013,2860,2906,2890,26.0,178,79,6.760397911,45.281074524,-0.9993908270190958,0.03489949670250114
RGI60-11.03750,2000-01-01_2020-01-01,31000.0,-0.1787,0.2912,11,False,RGI60-11.03750,0.031,3032,3112,3060,14.8,4,302,6.798390388,45.155967712,0.9975640502598242,0.0697564737441253
RGI60-11.03751,2000-01-01_2020-01-01,43000.0,-0.1695,0.6073,11,False,RGI60-11.03751,0.043,2489,2747,2588,34.3,33,230,6.150594711,45.296531677,0.838670567945424,0.5446390350150271
RGI60-11.03752,2000-01-01_2020-01-01,14000.0,-0.5963718926974675,0.4007490312965724,11,True,RGI60-11.03752,0.014,2359,2453,2400,42.2,20,90,6.161598206,45.295303345,0.9396926207859084,0.3420201433256687
RGI60-11.03753,2000-01-01_2020-01-01,100000.0,-0.6771,0.4779,11,False,RGI60-11.03753,0.1,2432,2623,2534,29.0,332,325,6.14637661,45.302684784,0.882947592858927,-0.4694715627858908
RGI60-11.03754,2000-01-01_2020-01-01,30000.0,-0.5374,0.5786,11,False,RGI60-11.03754,0.03,2599,2764,2676,34.0,39,250,6.142926216,45.301460266,0.7771459614569709,0.6293203910498374
RGI60-11.03755,2000-01-01_2020-01-01,128000.0,-0.8313,0.4337,11,False,RGI60-11.03755,0.128,2572,2762,2687,22.2,11,467,6.134099483,45.24785614,0.981627183447664,0.1908089953765448
RGI60-11.03756,2000-01-01_2020-01-01,303000.0,-1.0561,0.459,11,False,RGI60-11.03756,0.303,2857,3042,2938,14.9,207,694,6.130521774,45.116443634,-0.8910065241883679,-0.45399049973954664
RGI60-11.03757,2000-01-01_2020-01-01,12000.0,-0.5963718926974675,0.4007490312965724,11,True,RGI60-11.03757,0.012,3063,3120,3104,26.3,215,127,6.131388664,45.121578217,-0.8191520442889918,-0.5735764363510462
RGI60-11.03758,2000-01-01_2020-01-01,581000.0,-0.7122,0.2758,11,False,RGI60-11.03758,0.581,2845,3374,3232,24.1,143,655,6.134179115,45.134418488,-0.7986355100472929,0.6018150231520482
RGI60-11.03759,2000-01-01_2020-01-01,31000.0,-1.6643,1.0625,11,False,RGI60-11.03759,0.031,2688,2786,2726,24.6,118,202,6.138318062,45.124904633,-0.4694715627858909,0.8829475928589269
RGI60-11.03760,2000-01-01_2020-01-01,2008000.0,-1.1423,0.2746,11,False,RGI60-11.03760,2.008,2608,3387,2945,21.5,98,2004,6.146940708,45.146186829,-0.13917310096006535,0.9902680687415704
RGI60-11.03761,2000-01-01_2020-01-01,35000.0,-1.348,0.957,11,False,RGI60-11.03761,0.035,2851,2976,2900,22.4,168,309,6.15406847,45.150558472,-0.9781476007338057,0.20791169081775931
RGI60-11.03762,2000-01-01_2020-01-01,48000.0,-1.0326,0.6193,11,False,RGI60-11.03762,0.048,2770,2942,2850,28.0,26,292,6.033194542,44.982299805,0.898794046299167,0.4383711467890774
RGI60-11.03763,2000-01-01_2020-01-01,119000.0,-0.815,0.6439,11,False,RGI60-11.03763,0.119,2859,3360,3117,33.9,88,629,6.274554253,44.976623535,0.03489949670250108,0.9993908270190958
RGI60-11.03764,2000-01-01_2020-01-01,53000.0,-0.5963718926974675,0.4007490312965724,11,True,RGI60-11.03764,0.053,2780,3075,2931,42.4,43,214,6.279964447,44.973781586,0.7313537016191705,0.6819983600624985
RGI60-11.03765,2000-01-01_2020-01-01,38000.0,-0.5963718926974675,0.4007490312965724,11,True,RGI60-11.03765,0.038,3085,3223,3167,39.4,51,200,6.27722168,44.972438812,0.6293203910498375,0.7771459614569709
RGI60-11.03766,2000-01-01_2020-01-01,17000.0,-0.5964,0.6467,11,False,RGI60-11.03766,0.017,3164,3219,3194,18.6,83,182,6.274072647,44.978435516,0.12186934340514749,0.992546151641322
RGI60-11.03767,2000-01-01_2020-01-01,450000.0,-0.9438,0.3376,11,False,RGI60-11.03767,0.45,2822,3250,3018,26.1,92,934,6.266947269,44.962039948,-0.034899496702500955,0.9993908270190958
RGI60-11.03768,2000-01-01_2020-01-01,106000.0,-0.6261,0.4571,11,False,RGI60-11.03768,0.106,3107,3376,3216,34.2,127,426,6.265654564,44.969959259,-0.6018150231520484,0.7986355100472927
RGI60-11.03769,2000-01-01_2020-01-01,18000.0,-0.5963718926974675,0.4007490312965724,11,True,RGI60-11.03769,0.018,2926,3022,2963,27.5,136,214,6.270970821,44.967700958,-0.7193398003386513,0.6946583704589971
RGI60-11.03770,2000-01-01_2020-01-01,10000.0,-0.5963718926974675,0.4007490312965724,11,True,RGI60-11.03770,0.01,3187,3273,3232,54.4,273,-9,6.260980129,44.957752228,0.052335956242943946,-0.9986295347545738
RGI60-11.03771,2000-01-01_2020-01-01,26000.0,-0.9624,0.6643,11,False,RGI60-11.03771,0.026,3082,3203,3146,29.9,84,214,6.434322357,44.960296631,0.10452846326765346,0.9945218953682733
RGI60-11.03772,2000-01-01_2020-01-01,1145000.0,-0.6513,0.1858,11,False,RGI60-11.03772,1.145,2291,3580,3121,28.6,26,2415,6.439653873,44.957695007,0.898794046299167,0.4383711467890774
RGI60-11.03773,2000-01-01_2020-01-01,11000.0,-0.5963718926974675,0.4007490312965724,11,True,RGI60-11.03773,0.011,3342,3440,3392,42.7,132,106,6.328092575,44.962551117,-0.6691306063588582,0.7431448254773942
RGI60-11.03774,2000-01-01_2020-01-01,195000.0,-0.8904,0.3812,11,False,RGI60-11.03774,0.195,3083,3495,3322,30.2,166,723,6.331610203,44.964206696,-0.9702957262759965,0.24192189559966773
RGI60-11.03775,2000-01-01_2020-01-01,17000.0,-0.4632,0.5644,11,False,RGI60-11.03775,0.017,3049,3144,3083,23.2,125,215,6.331134796,44.9582901,-0.5735764363510462,0.8191520442889917
RGI60-11.03776,2000-01-01_2020-01-01,10000.0,-0.5963718926974675,0.4007490312965724,11,True,RGI60-11.03776,0.01,3182,3216,3196,24.6,130,-9,6.32711792,44.958770752,-0.6427876096865394,0.766044443118978
RGI60-11.03777,2000-01-01_2020-01-01,14000.0,-0.5963718926974675,0.4007490312965724,11,True,RGI60-11.03777,0.014,3292,3477,3393,49.7,136,112,6.326050758,44.961166382,-0.7193398003386513,0.6946583704589971
RGI60-11.03778,2000-01-01_2020-01-01,15000.0,0.0,0.4843,11,False,RGI60-11.03778,0.015,3233,3346,3282,43.5,111,177,6.324859619,44.958713531,-0.35836794954530027,0.9335804264972017
RGI60-11.03779,2000-01-01_2020-01-01,16000.0,-0.5963718926974675,0.4007490312965724,11,True,RGI60-11.03779,0.016,2981,3124,3049,41.0,50,135,6.464962006,44.913696289,0.6427876096865394,0.766044443118978
RGI60-11.03780,2000-01-01_2020-01-01,181000.0,-1.3396,0.3981,11,False,RGI60-11.03780,0.181,3155,3533,3315,35.6,112,657,6.374652863,44.88596344,-0.37460659341591207,0.9271838545667874
RGI60-11.03781,2000-01-01_2020-01-01,94000.0,-1.291,0.5985,11,False,RGI60-11.03781,0.094,2998,3235,3041,25.2,222,438,6.381742477,44.88306427,-0.7431448254773942,-0.6691306063588582
RGI60-11.03782,2000-01-01_2020-01-01,79000.0,-1.2366,0.5972,11,False,RGI60-11.03782,0.079,3120,3506,3268,39.7,191,491,6.379247665,44.888881683,-0.981627183447664,-0.19080899537654472
RGI60-11.03783,2000-01-01_2020-01-01,134000.0,-0.7909,0.3449,11,False,RGI60-11.03783,0.134,3092,3374,3232,33.6,169,380,6.357756615,44.852378845,-0.981627183447664,0.19080899537654497
RGI60-11.03784,2000-01-01_2020-01-01,15000.0,-0.5963718926974675,0.4007490312965724,11,True,RGI60-11.03784,0.015,3164,3297,3240,40.9,161,160,6.353694916,44.852027893,-0.9455185755993168,0.3255681544571566
RGI60-11.03785,2000-01-01_2020-01-01,128000.0,-0.054,0.2107,11,False,RGI60-11.03785,0.128,2852,3072,2947,23.6,12,561,6.40503788,44.803882599,0.9781476007338057,0.20791169081775934
RGI60-11.03786,2000-01-01_2020-01-01,27000.0,-0.5685,0.6176,11,False,RGI60-11.03786,0.027,2937,3069,2983,29.2,12,206,6.397141933,44.800285339,0.9781476007338057,0.20791169081775934
RGI60-11.03787,2000-01-01_2020-01-01,166000.0,-0.6604,0.3013,11,False,RGI60-11.03787,0.166,3018,3234,3152,27.3,92,432,6.319885254,44.860221863,-0.034899496702500955,0.9993908270190958
RGI60-11.03788,2000-01-01_2020-01-01,15000.0,-0.5963718926974675,0.4007490312965724,11,True,RGI60-11.03788,0.015,2973,3047,3009,27.6,115,168,6.32408905,44.862007141,-0.42261826174069933,0.90630778703665
RGI60-11.03789,2000-01-01_2020-01-01,45000.0,-1.036,0.8108,11,False,RGI60-11.03789,0.045,3048,3279,3172,42.2,105,280,6.283102989,44.899116516,-0.25881904510252085,0.9659258262890683
RGI60-11.03790,2000-01-01_2020-01-01,60000.0,-0.7467,0.5692,11,False,RGI60-11.03790,0.06,2827,2989,2892,31.9,109,375,6.287853718,44.897155762,-0.32556815445715664,0.9455185755993168
RGI60-11.03791,2000-01-01_2020-01-01,808000.0,-1.6244,0.3777,11,False,RGI60-11.03791,0.808,2396,3184,2577,25.6,4,1650,6.214061737,44.862373352,0.9975640502598242,0.0697564737441253
RGI60-11.03792,2000-01-01_2020-01-01,17000.0,-0.5963718926974675,0.4007490312965724,11,True,RGI60-11.03792,0.017,2929,3083,3004,49.9,29,135,6.208005428,44.858016968,0.8746197071393957,0.48480962024633706
RGI60-11.03793,2000-01-01_2020-01-01,13000.0,-0.5963718926974675,0.4007490312965724,11,True,RGI60-11.03793,0.013,3109,3204,3154,39.3,20,125,6.20922184,44.856563568,0.9396926207859084,0.3420201433256687
RGI60-11.03794,2000-01-01_2020-01-01,73000.0,-0.9139,1.0486,11,False,RGI60-11.03794,0.073,2929,3139,3074,32.0,20,301,6.213776112,44.856262207,0.9396926207859084,0.3420201433256687
RGI60-11.03795,2000-01-01_2020-01-01,22000.0,-0.5963718926974675,0.4007490312965724,11,True,RGI60-11.03795,0.022,2684,2844,2732,40.0,282,177,6.22180748,44.862731934,0.20791169081775943,-0.9781476007338056
RGI60-11.03796,2000-01-01_2020-01-01,680000.0,-3.4599,0.5723,11,False,RGI60-11.03796,0.68,2536,3265,2888,24.4,64,1417,6.203442574,44.866134644,0.43837114678907746,0.898794046299167
RGI60-11.03797,2000-01-01_2020-01-01,99000.0,-1.1648,0.5659,11,False,RGI60-11.03797,0.099,2914,3186,3040,33.1,141,320,6.203154564,44.873527527,-0.7771459614569709,0.6293203910498374
RGI60-11.03798,2000-01-01_2020-01-01,46000.0,-1.08,0.9533,11,False,RGI60-11.03798,0.046,2672,2951,2801,46.0,57,236,6.207081795,44.861434937,0.5446390350150271,0.838670567945424
RGI60-11.03799,2000-01-01_2020-01-01,15000.0,-0.5963718926974675,0.4007490312965724,11,True,RGI60-11.03799,0.015,2879,2943,2903,22.3,216,141,6.193791866,44.853744507,-0.8090169943749475,-0.587785252292473
RGI60-11.03800,2000-01-01_2020-01-01,16000.0,-0.5963718926974675,0.4007490312965724,11,True,RGI60-11.03800,0.016,2929,3104,3016,55.8,183,141,6.191682816,44.854640961,-0.9986295347545738,-0.052335956242943564
RGI60-11.03801,2000-01-01_2020-01-01,49000.0,-0.7666,0.6225,11,False,RGI60-11.03801,0.049,2977,3227,3091,46.7,225,190,6.196764469,44.875232697,-0.7071067811865477,-0.7071067811865475
RGI60-11.03802,2000-01-01_2020-01-01,24000.0,-0.6797,0.8579,11,False,RGI60-11.03802,0.024,2854,3066,3005,31.3,49,318,6.148080349,44.910270691,0.6560590289905073,0.754709580222772
RGI60-11.03803,2000-01-01_2020-01-01,59000.0,-0.5771,0.5905,11,False,RGI60-11.03803,0.059,2795,3109,2974,34.7,318,372,6.14746809,44.916915894,0.7431448254773942,-0.6691306063588581
RGI60-11.03804,2000-01-01_2020-01-01,22000.0,-0.0666,0.5487,11,False,RGI60-11.03804,0.022,2811,3019,2941,37.1,296,301,6.147964478,44.920196533,0.4383711467890774,-0.898794046299167
RGI60-11.03805,2000-01-01_2020-01-01,53000.0,-0.5963718926974675,0.4007490312965724,11,True,RGI60-11.03805,0.053,3015,3164,3093,39.6,251,214,6.109362125,44.91709137,-0.32556815445715664,-0.9455185755993168
RGI60-11.03806,2000-01-01_2020-01-01,27000.0,-0.5963718926974675,0.4007490312965724,11,True,RGI60-11.03806,0.027,3076,3143,3109,22.0,284,195,6.110611916,44.914810181,0.24192189559966742,-0.9702957262759966
RGI60-11.03807,2000-01-01_2020-01-01,33000.0,-0.5963718926974675,0.4007490312965724,11,True,RGI60-11.03807,0.033,2760,2924,2832,46.4,40,190,6.078374863,44.938552856,0.766044443118978,0.6427876096865393
RGI60-11.03808,2000-01-01_2020-01-01,11000.0,-0.5963718926974675,0.4007490312965724,11,True,RGI60-11.03808,0.011,2635,2688,2657,26.3,74,90,6.080481052,44.940261841,0.27563735581699916,0.9612616959383189
RGI60-11.03809,2000-01-01_2020-01-01,673000.0,-0.4669,0.1891,11,False,RGI60-11.03809,0.673,2760,3294,3024,22.0,303,1492,6.604481697,45.260101318,0.5446390350150266,-0.8386705679454243
RGI60-11.03810,2000-01-01_2020-01-01,1922000.0,-0.9628,0.1896,11,False,RGI60-11.03810,1.922,2394,3424,2799,21.3,295,3482,6.340786934,44.929290771,0.4226182617406996,-0.9063077870366498
RGI60-11.03811,2000-01-01_2020-01-01,15000.0,-0.5963718926974675,0.4007490312965724,11,True,RGI60-11.03811,0.015,3252,3389,3327,49.2,213,152,6.353271484,44.939933777,-0.838670567945424,-0.5446390350150271
RGI60-11.03812,2000-01-01_2020-01-01,11000.0,-0.1274,0.3522,11,False,RGI60-11.03812,0.011,2648,2703,2660,32.1,244,-9,6.871021271,45.985290527,-0.43837114678907774,-0.8987940462991668
RGI60-11.03813,2000-01-01_2020-01-01,1606000.0,-0.5693,0.3316,11,False,RGI60-11.03813,1.606,2381,3238,2786,32.1,346,1788,6.239952087,44.855693817,0.9702957262759965,-0.24192189559966787
RGI60-11.03814,2000-01-01_2020-01-01,68000.0,-0.1224,0.4026,11,False,RGI60-11.03814,0.068,3035,3442,3280,51.5,254,230,6.254647255,44.86265564,-0.2756373558169989,-0.961261695938319
RGI60-11.03815,2000-01-01_2020-01-01,16000.0,-0.0883,0.4562,11,False,RGI60-11.03815,0.016,2999,3176,3060,48.4,280,158,6.431046963,44.939758301,0.17364817766692997,-0.9848077530122081
RGI60-11.03816,2000-01-01_2020-01-01,1474000.0,-0.5595,0.1715,11,False,RGI60-11.03816,1.474,2795,3533,3293,21.2,68,1429,6.258936882,44.870178223,0.37460659341591196,0.9271838545667874
RGI60-11.03817,2000-01-01_2020-01-01,1760000.0,-0.5963718926974675,0.4007490312965724,11,True,RGI60-11.03817,1.76,2176,3234,2574,28.2,12,2920,6.301672935,44.881111145,0.9781476007338057,0.20791169081775934
RGI60-11.03818,2000-01-01_2020-01-01,16000.0,0.0,0.3613,11,False,RGI60-11.03818,0.016,3056,3201,3130,39.7,219,202,6.419410706,44.949546814,-0.7771459614569708,-0.6293203910498376
RGI60-11.03819,2000-01-01_2020-01-01,10000.0,-0.2463,0.5323,11,False,RGI60-11.03819,0.01,3047,3161,3100,49.2,163,112,6.344518661,44.940536499,-0.9563047559630355,0.2923717047227366
RGI60-11.03820,2000-01-01_2020-01-01,15000.0,-0.5963718926974675,0.4007490312965724,11,True,RGI60-11.03820,0.015,3109,3280,3201,45.3,193,152,6.348623753,44.941707611,-0.9743700647852352,-0.22495105434386498
RGI60-11.03821,2000-01-01_2020-01-01,60000.0,-0.4545,0.5482,11,False,RGI60-11.03821,0.06,2402,2590,2486,27.0,297,350,7.301,44.189,0.45399049973954664,-0.891006524188368
RGI60-11.03822,2000-01-01_2020-01-01,76000.0,0.0858,0.4062,11,False,RGI60-11.03822,0.076,1735,2178,1971,28.0,297,400,7.385,44.148,0.45399049973954664,-0.891006524188368
RGI60-11.03823,2000-01-01_2020-01-01,45000.0,-0.5723,0.7349,11,False,RGI60-11.03823,0.045,2102,2258,2186,25.0,27,490,7.39,44.149,0.8910065241883679,0.45399049973954675
RGI60-11.03824,2000-01-01_2020-01-01,58000.0,-0.8949,0.8748,11,False,RGI60-11.03824,0.058,1725,1968,1872,21.0,63,320,7.401,44.143,0.4539904997395468,0.8910065241883678
RGI60-11.03825,2000-01-01_2020-01-01,57000.0,-0.4788,0.6092,11,False,RGI60-11.03825,0.057,1650,1872,1744,27.0,253,570,7.412,44.144,-0.2923717047227371,-0.9563047559630353
RGI60-11.03826,2000-01-01_2020-01-01,78000.0,-0.2902,0.5089,11,False,RGI60-11.03826,0.078,1887,2306,2088,23.0,271,680,7.421,44.137,0.01745240643728313,-0.9998476951563913
RGI60-11.03827,2000-01-01_2020-01-01,69000.0,-0.3767,0.3332,11,False,RGI60-11.03827,0.069,2754,3007,2835,24.0,261,390,7.078,44.672,-0.15643446504023104,-0.9876883405951377
RGI60-11.03828,2000-01-01_2020-01-01,44000.0,0.0548,0.4213,11,False,RGI60-11.03828,0.044,2960,3186,3056,33.0,253,300,7.079,44.662,-0.2923717047227371,-0.9563047559630353
RGI60-11.03829,2000-01-01_2020-01-01,14000.0,0.212,0.8106,11,False,RGI60-11.03829,0.014,3481,3707,3590,44.0,312,240,7.086,44.667,0.6691306063588578,-0.7431448254773946
RGI60-11.03830,2000-01-01_2020-01-01,25000.0,0.0462,0.5075,11,False,RGI60-11.03830,0.025,3179,3314,3238,38.0,16,160,7.09,44.673,0.9612616959383189,0.27563735581699916
RGI60-11.03831,2000-01-01_2020-01-01,50000.0,-0.3776,0.3762,11,False,RGI60-11.03831,0.05,3126,3520,3259,23.0,146,420,7.091,44.662,-0.8290375725550416,0.5591929034707469
RGI60-11.03832,2000-01-01_2020-01-01,27000.0,-0.7422,0.6752,11,False,RGI60-11.03832,0.027,2494,2638,2542,31.0,38,270,7.091,44.679,0.7880107536067219,0.6156614753256583
RGI60-11.03833,2000-01-01_2020-01-01,16000.0,-0.5799,0.6291,11,False,RGI60-11.03833,0.016,3330,3471,3398,20.0,147,110,7.094,44.664,-0.8386705679454239,0.5446390350150273
RGI60-11.03834,2000-01-01_2020-01-01,73000.0,-0.6485,0.4113,11,False,RGI60-11.03834,0.073,2975,3155,3071,31.0,359,370,6.9,45.146,0.9998476951563913,-0.01745240643728356
RGI60-11.03835,2000-01-01_2020-01-01,67000.0,-0.4888,0.3339,11,False,RGI60-11.03835,0.067,3326,3511,3444,30.0,18,330,7.133,45.262,0.9510565162951535,0.3090169943749474
RGI60-11.03836,2000-01-01_2020-01-01,26000.0,-0.4359,0.6293,11,False,RGI60-11.03836,0.026,3047,3160,3096,32.0,348,210,7.141,45.233,0.9781476007338056,-0.20791169081775987
RGI60-11.03837,2000-01-01_2020-01-01,28000.0,0.0046,0.4306,11,False,RGI60-11.03837,0.028,2905,3032,2973,35.0,2,270,7.155,45.236,0.9993908270190958,0.03489949670250097
RGI60-11.03838,2000-01-01_2020-01-01,80000.0,-0.1819,0.3158,11,False,RGI60-11.03838,0.08,2617,2753,2656,35.0,348,210,7.205,45.268,0.9781476007338056,-0.20791169081775987
RGI60-11.03839,2000-01-01_2020-01-01,74000.0,0.014,0.4141,11,False,RGI60-11.03839,0.074,2884,3059,2999,32.0,305,310,7.865,45.824,0.573576436351046,-0.8191520442889918
RGI60-11.03840,2000-01-01_2020-01-01,38000.0,1.4513,0.9067,11,False,RGI60-11.03840,0.038,2868,3013,2945,36.0,322,330,7.869,45.827,0.788010753606722,-0.6156614753256582
RGI60-11.03841,2000-01-01_2020-01-01,186000.0,0.0024,0.5203,11,False,RGI60-11.03841,0.186,2568,2852,2627,21.0,8,370,7.883,45.827,0.9902680687415704,0.13917310096006544
RGI60-11.03842,2000-01-01_2020-01-01,50000.0,-0.5861,0.5083,11,False,RGI60-11.03842,0.05,2749,2922,2835,31.0,60,285,9.277,46.482,0.5000000000000001,0.8660254037844386
RGI60-11.03843,2000-01-01_2020-01-01,558000.0,-0.7536,0.2416,11,False,RGI60-11.03843,0.558,2642,3004,2824,22.0,33,1140,9.278,46.466,0.838670567945424,0.5446390350150271
RGI60-11.03844,2000-01-01_2020-01-01,31000.0,0.0691,0.5477,11,False,RGI60-11.03844,0.031,2675,2861,2760,33.0,21,202,9.283,46.388,0.9335804264972017,0.35836794954530027
RGI60-11.03845,2000-01-01_2020-01-01,89000.0,-0.4126,0.348,11,False,RGI60-11.03845,0.089,2953,3141,3029,26.0,149,313,9.286,46.495,-0.8571673007021122,0.5150380749100544
RGI60-11.03846,2000-01-01_2020-01-01,11000.0,-0.5963718926974675,0.4007490312965724,11,True,RGI60-11.03846,0.011,2994,3036,3015,20.0,38,146,9.291,46.497,0.7880107536067219,0.6156614753256583
RGI60-11.03847,2000-01-01_2020-01-01,27000.0,-0.7373,0.9085,11,False,RGI60-11.03847,0.027,2373,2659,2527,34.0,357,293,9.532,46.241,0.9986295347545738,-0.05233595624294437
RGI60-11.03848,2000-01-01_2020-01-01,15000.0,-0.5963718926974675,0.4007490312965724,11,True,RGI60-11.03848,0.015,2575,2678,2635,43.0,8,90,9.539,46.24,0.9902680687415704,0.13917310096006544
RGI60-11.03849,2000-01-01_2020-01-01,68000.0,-0.1129,0.5724,11,False,RGI60-11.03849,0.068,2296,2665,2404,28.0,341,438,9.542,46.242,0.9455185755993168,-0.3255681544571567
RGI60-11.03850,2000-01-01_2020-01-01,45000.0,0.1292,0.5167,11,False,RGI60-11.03850,0.045,2276,2680,2494,44.0,334,375,9.549,46.244,0.8987940462991668,-0.4383711467890778
RGI60-11.03851,2000-01-01_2020-01-01,22000.0,-1.0461,0.9406,11,False,RGI60-11.03851,0.022,2584,2696,2632,31.0,22,182,9.564,46.228,0.9271838545667874,0.374606593415912
RGI60-11.03852,2000-01-01_2020-01-01,13000.0,-0.5963718926974675,0.4007490312965724,11,True,RGI60-11.03852,0.013,2596,2709,2653,38.0,311,100,9.957,46.241,0.656059028990507,-0.7547095802227722
RGI60-11.03853,2000-01-01_2020-01-01,25000.0,-1.3582,1.1164,11,False,RGI60-11.03853,0.025,2265,2517,2345,38.0,19,255,9.888,46.049,0.9455185755993168,0.3255681544571567
RGI60-11.03854,2000-01-01_2020-01-01,21000.0,-0.5963718926974675,0.4007490312965724,11,True,RGI60-11.03854,0.021,2097,2226,2150,30.0,13,202,9.893,46.049,0.9743700647852352,0.224951054343865
RGI60-11.03855,2000-01-01_2020-01-01,12000.0,-0.5963718926974675,0.4007490312965724,11,True,RGI60-11.03855,0.012,2340,2403,2377,24.0,296,158,9.93,46.065,0.4383711467890774,-0.898794046299167
RGI60-11.03856,2000-01-01_2020-01-01,10000.0,-0.5963718926974675,0.4007490312965724,11,True,RGI60-11.03856,0.01,2436,2489,2456,22.0,316,-9,9.945,46.067,0.7193398003386509,-0.6946583704589976
RGI60-11.03857,2000-01-01_2020-01-01,24000.0,-0.5963718926974675,0.4007490312965724,11,True,RGI60-11.03857,0.024,2420,2534,2487,31.0,353,190,9.951,46.067,0.9925461516413221,-0.12186934340514723
RGI60-11.03858,2000-01-01_2020-01-01,38000.0,-0.8233,0.8217,11,False,RGI60-11.03858,0.038,2787,2957,2846,33.0,39,313,10.104,46.587,0.7771459614569709,0.6293203910498374
RGI60-11.03859,2000-01-01_2020-01-01,51000.0,-0.1415,0.3974,11,False,RGI60-11.03859,0.051,2559,2858,2709,44.9,7,330,10.697,46.257,0.992546151641322,0.12186934340514748
RGI60-11.03860,2000-01-01_2020-01-01,72000.0,-0.8522,0.49,11,False,RGI60-11.03860,0.072,2656,2869,2760,28.7,346,419,10.732,46.24,0.9702957262759965,-0.24192189559966787
RGI60-11.03861,2000-01-01_2020-01-01,19000.0,-0.2892,0.4783,11,False,RGI60-11.03861,0.019,2624,2735,2663,37.8,330,125,10.735,46.242,0.8660254037844384,-0.5000000000000004
RGI60-11.03862,2000-01-01_2020-01-01,30000.0,-0.5963718926974675,0.4007490312965724,11,True,RGI60-11.03862,0.03,2564,2812,2634,30.0,340,478,10.743,46.247,0.9396926207859084,-0.3420201433256686
RGI60-11.03863,2000-01-01_2020-01-01,17000.0,0.016,0.3723,11,False,RGI60-11.03863,0.017,2739,2817,2794,22.2,329,180,10.889,46.252,0.8571673007021121,-0.5150380749100545
RGI60-11.03864,2000-01-01_2020-01-01,14000.0,0.051,0.4706,11,False,RGI60-11.03864,0.014,2585,2715,2658,31.5,292,214,10.892,46.256,0.37460659341591196,-0.9271838545667874
RGI60-11.03865,2000-01-01_2020-01-01,30000.0,-0.4873,0.5407,11,False,RGI60-11.03865,0.03,2531,2690,2603,38.0,342,214,10.894,46.247,0.9510565162951535,-0.3090169943749477
RGI60-11.03866,2000-01-01_2020-01-01,22000.0,-0.5963718926974675,0.4007490312965724,11,True,RGI60-11.03866,0.022,2476,2604,2559,31.0,61,230,10.898,46.259,0.4848096202463371,0.8746197071393957
RGI60-11.03867,2000-01-01_2020-01-01,34000.0,-0.3301,0.6707,11,False,RGI60-11.03867,0.034,2600,2775,2661,28.7,334,360,10.9,46.193,0.8987940462991668,-0.4383711467890778
RGI60-11.03868,2000-01-01_2020-01-01,32000.0,-0.3537,0.566,11,False,RGI60-11.03868,0.032,2828,2957,2894,36.0,332,202,12.025,46.962,0.882947592858927,-0.4694715627858908
RGI60-11.03869,2000-01-01_2020-01-01,28000.0,-0.3141,0.583,11,False,RGI60-11.03869,0.028,2647,2876,2694,32.0,295,206,12.027,46.965,0.4226182617406996,-0.9063077870366498
RGI60-11.03870,2000-01-01_2020-01-01,128000.0,-0.4238,0.4267,11,False,RGI60-11.03870,0.128,2562,2878,2697,30.0,349,320,12.038,46.895,0.981627183447664,-0.19080899537654467
RGI60-11.03871,2000-01-01_2020-01-01,162000.0,-0.7688,0.4316,11,False,RGI60-11.03871,0.162,2404,2923,2529,37.2,325,708,11.823,46.289,0.8191520442889916,-0.5735764363510465
RGI60-11.03872,2000-01-01_2020-01-01,10000.0,-0.5963718926974675,0.4007490312965724,11,True,RGI60-11.03872,0.01,2475,2655,2539,37.3,285,-9,11.826,46.295,0.2588190451025203,-0.9659258262890684
RGI60-11.03873,2000-01-01_2020-01-01,12000.0,-0.5963718926974675,0.4007490312965724,11,True,RGI60-11.03873,0.012,2325,2596,2478,56.7,328,160,11.83,46.448,0.8480480961564258,-0.529919264233205
RGI60-11.03874,2000-01-01_2020-01-01,25000.0,-0.6133,0.71,11,False,RGI60-11.03874,0.025,2646,2803,2712,34.0,100,214,11.832,46.282,-0.1736481776669303,0.984807753012208
RGI60-11.03875,2000-01-01_2020-01-01,17000.0,-0.1263,0.5938,11,False,RGI60-11.03875,0.017,2466,2680,2578,48.8,294,195,11.832,46.449,0.40673664307579976,-0.9135454576426011
RGI60-11.03876,2000-01-01_2020-01-01,26000.0,-0.5963718926974675,0.4007490312965724,11,True,RGI60-11.03876,0.026,2830,2954,2892,34.0,75,246,11.834,46.287,0.25881904510252074,0.9659258262890683
RGI60-11.03877,2000-01-01_2020-01-01,36000.0,-0.5963718926974675,0.4007490312965724,11,True,RGI60-11.03877,0.036,2825,2952,2890,26.0,37,236,11.838,46.298,0.7986355100472928,0.6018150231520483
RGI60-11.03878,2000-01-01_2020-01-01,18000.0,-0.5963718926974675,0.4007490312965724,11,True,RGI60-11.03878,0.018,2763,2912,2843,41.6,301,214,11.839,46.42,0.5150380749100542,-0.8571673007021123
RGI60-11.03879,2000-01-01_2020-01-01,82000.0,-0.3429,0.5228,11,False,RGI60-11.03879,0.082,2425,2759,2566,25.0,13,397,11.841,46.292,0.9743700647852352,0.224951054343865
RGI60-11.03880,2000-01-01_2020-01-01,52000.0,-0.3184,0.3625,11,False,RGI60-11.03880,0.052,2730,2911,2813,34.4,349,280,11.842,46.44,0.981627183447664,-0.19080899537654467
RGI60-11.03881,2000-01-01_2020-01-01,110000.0,0.0453,0.3895,11,False,RGI60-11.03881,0.11,2050,2739,2459,19.0,8,461,11.845,46.31,0.9902680687415704,0.13917310096006544
RGI60-11.03882,2000-01-01_2020-01-01,117000.0,-0.4528,0.3293,11,False,RGI60-11.03882,0.117,2398,2727,2583,23.0,20,652,11.849,46.413,0.9396926207859084,0.3420201433256687
RGI60-11.03883,2000-01-01_2020-01-01,100000.0,-0.7076,0.438,11,False,RGI60-11.03883,0.1,2994,3277,3219,30.7,349,280,11.849,46.437,0.981627183447664,-0.19080899537654467
RGI60-11.03884,2000-01-01_2020-01-01,56000.0,-0.0281,0.4235,11,False,RGI60-11.03884,0.056,2682,2990,2835,38.7,10,404,11.849,46.441,0.984807753012208,0.17364817766693033
RGI60-11.03885,2000-01-01_2020-01-01,39000.0,0.3885,0.6566,11,False,RGI60-11.03885,0.039,2590,2760,2681,34.4,305,354,11.85,46.256,0.573576436351046,-0.8191520442889918
RGI60-11.03886,2000-01-01_2020-01-01,30000.0,-0.2895,0.6018,11,False,RGI60-11.03886,0.03,2532,2728,2610,28.0,354,158,11.854,46.411,0.9945218953682733,-0.10452846326765342
RGI60-11.03887,2000-01-01_2020-01-01,1279000.0,-0.6452,0.2282,11,False,RGI60-11.03887,1.279,2623,3241,2918,25.6,10,1008,11.871,46.438,0.984807753012208,0.17364817766693033
RGI60-11.03888,2000-01-01_2020-01-01,36000.0,-1.0231,0.7167,11,False,RGI60-11.03888,0.036,2767,2895,2825,25.0,327,225,11.873,46.252,0.838670567945424,-0.544639035015027
RGI60-11.03889,2000-01-01_2020-01-01,27000.0,-0.5963718926974675,0.4007490312965724,11,True,RGI60-11.03889,0.027,2659,2754,2703,21.1,347,255,11.872,46.254,0.9743700647852351,-0.22495105434386534
RGI60-11.03890,2000-01-01_2020-01-01,52000.0,-0.2953,0.4384,11,False,RGI60-11.03890,0.052,2657,2836,2790,26.0,338,190,12.019,46.548,0.9271838545667873,-0.37460659341591235
RGI60-11.03891,2000-01-01_2020-01-01,68000.0,-0.5963718926974675,0.4007490312965724,11,True,RGI60-11.03891,0.068,2806,3133,2901,40.0,285,451,12.048,46.377,0.2588190451025203,-0.9659258262890684
RGI60-11.03892,2000-01-01_2020-01-01,63000.0,0.2619,0.4826,11,False,RGI60-11.03892,0.063,2078,2715,2291,26.0,327,305,12.047,46.382,0.838670567945424,-0.544639035015027
RGI60-11.03893,2000-01-01_2020-01-01,21000.0,-0.5963718926974675,0.4007490312965724,11,True,RGI60-11.03893,0.021,2704,3036,2879,57.0,323,160,12.05,46.379,0.7986355100472928,-0.6018150231520483
RGI60-11.03894,2000-01-01_2020-01-01,56000.0,0.0796,0.2974,11,False,RGI60-11.03894,0.056,2484,2750,2655,37.0,283,237,12.058,46.343,0.22495105434386492,-0.9743700647852352
RGI60-11.03895,2000-01-01_2020-01-01,30000.0,-0.7552,0.8065,11,False,RGI60-11.03895,0.03,2315,2484,2373,31.0,63,230,12.061,46.382,0.4539904997395468,0.8910065241883678
RGI60-11.03896,2000-01-01_2020-01-01,59000.0,-0.1242,0.4238,11,False,RGI60-11.03896,0.059,2956,3124,3038,35.0,244,309,12.065,46.554,-0.43837114678907774,-0.8987940462991668
RGI60-11.03897,2000-01-01_2020-01-01,35000.0,-0.0112,0.4744,11,False,RGI60-11.03897,0.035,2604,2818,2696,34.0,301,202,12.064,46.563,0.5150380749100542,-0.8571673007021123
RGI60-11.03898,2000-01-01_2020-01-01,42000.0,-0.1363,0.4787,11,False,RGI60-11.03898,0.042,2566,2688,2620,33.0,60,236,12.071,46.555,0.5000000000000001,0.8660254037844386
RGI60-11.03899,2000-01-01_2020-01-01,271000.0,0.2726,0.3172,11,False,RGI60-11.03899,0.271,2271,2563,2368,27.0,313,407,12.13,46.422,0.6819983600624986,-0.7313537016191703
RGI60-11.03900,2000-01-01_2020-01-01,84000.0,-0.1009,0.2417,11,False,RGI60-11.03900,0.084,2562,2795,2648,22.0,332,601,12.19,46.587,0.882947592858927,-0.4694715627858908
RGI60-11.03901,2000-01-01_2020-01-01,22000.0,-0.3704,0.5068,11,False,RGI60-11.03901,0.022,2904,3102,3016,50.0,263,206,12.206,46.505,-0.12186934340514717,-0.9925461516413221
RGI60-11.03902,2000-01-01_2020-01-01,191000.0,0.1922,0.2759,11,False,RGI60-11.03902,0.191,2267,2975,2661,30.0,347,956,12.208,46.509,0.9743700647852351,-0.22495105434386534
RGI60-11.03903,2000-01-01_2020-01-01,241000.0,-0.2126,0.2405,11,False,RGI60-11.03903,0.241,2320,2918,2483,27.0,341,673,12.205,46.578,0.9455185755993168,-0.3255681544571567
RGI60-11.03904,2000-01-01_2020-01-01,38000.0,-0.38,0.7331,11,False,RGI60-11.03904,0.038,2220,2425,2332,27.0,357,224,12.211,46.515,0.9986295347545738,-0.05233595624294437
RGI60-11.03905,2000-01-01_2020-01-01,118000.0,-0.0771,0.3108,11,False,RGI60-11.03905,0.118,2364,2682,2529,26.0,323,351,12.21,46.582,0.7986355100472928,-0.6018150231520483
RGI60-11.03906,2000-01-01_2020-01-01,141000.0,-0.1981,0.3861,11,False,RGI60-11.03906,0.141,2235,2685,2437,40.0,27,621,12.219,46.51,0.8910065241883679,0.45399049973954675
RGI60-11.03907,2000-01-01_2020-01-01,168000.0,0.1174,0.3113,11,False,RGI60-11.03907,0.168,2275,2633,2402,24.0,342,343,12.217,46.51,0.9510565162951535,-0.3090169943749477
RGI60-11.03908,2000-01-01_2020-01-01,35000.0,0.1902,0.4223,11,False,RGI60-11.03908,0.035,2222,2413,2320,46.0,264,266,12.252,46.459,-0.10452846326765336,-0.9945218953682734
RGI60-11.03909,2000-01-01_2020-01-01,188000.0,-0.1466,0.2535,11,False,RGI60-11.03909,0.188,2300,2752,2441,25.0,10,781,12.264,46.455,0.984807753012208,0.17364817766693033
RGI60-11.03910,2000-01-01_2020-01-01,272000.0,-0.7637,0.2771,11,False,RGI60-11.03910,0.272,2518,2997,2617,24.0,42,981,12.266,46.452,0.7431448254773942,0.6691306063588582
RGI60-11.03911,2000-01-01_2020-01-01,23000.0,-0.3584,0.6233,11,False,RGI60-11.03911,0.023,2471,2649,2561,46.0,103,146,12.276,46.451,-0.22495105434386503,0.9743700647852352
RGI60-11.03912,2000-01-01_2020-01-01,72000.0,-0.2812,0.4103,11,False,RGI60-11.03912,0.072,2340,2694,2478,30.0,310,425,12.286,46.501,0.6427876096865393,-0.7660444431189781
RGI60-11.03913,2000-01-01_2020-01-01,22000.0,-0.2645,0.3839,11,False,RGI60-11.03913,0.022,2536,2672,2600,26.0,2,168,12.286,46.578,0.9993908270190958,0.03489949670250097
RGI60-11.03914,2000-01-01_2020-01-01,92000.0,-0.5691,0.3803,11,False,RGI60-11.03914,0.092,2382,2685,2582,33.0,331,437,12.293,46.501,0.8746197071393959,-0.4848096202463369
RGI60-11.03915,2000-01-01_2020-01-01,30000.0,0.0027,0.2652,11,False,RGI60-11.03915,0.03,2546,2700,2635,21.0,319,426,12.336,46.507,0.7547095802227719,-0.6560590289905074
RGI60-11.03916,2000-01-01_2020-01-01,131000.0,-0.4986,0.2864,11,False,RGI60-11.03916,0.131,2494,2739,2581,24.0,334,513,12.34,46.511,0.8987940462991668,-0.4383711467890778
RGI60-11.03917,2000-01-01_2020-01-01,34000.0,-0.2437,0.4449,11,False,RGI60-11.03917,0.034,2512,2663,2573,29.0,11,190,12.344,46.515,0.981627183447664,0.1908089953765448
RGI60-11.03918,2000-01-01_2020-01-01,93000.0,-0.2217,0.4271,11,False,RGI60-11.03918,0.093,2351,2644,2486,24.0,77,548,12.384,46.639,0.22495105434386492,0.9743700647852352
RGI60-11.03919,2000-01-01_2020-01-01,67000.0,0.8487,0.5861,11,False,RGI60-11.03919,0.067,2510,2846,2722,43.0,45,381,12.385,46.633,0.7071067811865476,0.7071067811865476
RGI60-11.03920,2000-01-01_2020-01-01,52000.0,0.9289,1.0209,11,False,RGI60-11.03920,0.052,2122,2391,2209,24.0,31,340,12.392,46.633,0.8571673007021123,0.5150380749100542
RGI60-11.03921,2000-01-01_2020-01-01,53000.0,1.094,0.6915,11,False,RGI60-11.03921,0.053,1858,2007,1882,19.0,41,285,13.439,46.44,0.754709580222772,0.6560590289905073
RGI60-11.03922,2000-01-01_2020-01-01,20000.0,0.7459,0.8758,11,False,RGI60-11.03922,0.02,2274,2345,2298,30.0,348,146,13.441,46.362,0.9781476007338056,-0.20791169081775987
RGI60-11.03923,2000-01-01_2020-01-01,35000.0,0.4659,0.5985,11,False,RGI60-11.03923,0.035,2257,2339,2295,36.0,351,202,13.444,46.362,0.9876883405951377,-0.1564344650402311
RGI60-11.03924,2000-01-01_2020-01-01,37000.0,-0.5963718926974675,0.4007490312965724,11,True,RGI60-11.03924,0.037,1847,2088,1967,30.0,20,160,13.444,46.437,0.9396926207859084,0.3420201433256687
RGI60-11.03925,2000-01-01_2020-01-01,10000.0,-0.5963718926974675,0.4007490312965724,11,True,RGI60-11.03925,0.01,2195,2258,2207,31.0,360,100,13.448,46.365,1.0,-2.4492935982947064e-16
RGI60-11.03926,2000-01-01_2020-01-01,13000.0,-0.5963718926974675,0.4007490312965724,11,True,RGI60-11.03926,0.013,2156,2219,2175,21.0,318,190,13.451,46.366,0.7431448254773942,-0.6691306063588581
RGI60-11.03927,2000-01-01_2020-01-01,15000.0,-0.5963718926974675,0.4007490312965724,11,True,RGI60-11.03927,0.015,1845,1910,1876,22.0,341,168,13.474,46.368,0.9455185755993168,-0.3255681544571567
